Year,Journal,Affiliations
2005,Molecules,"['Department of Chemistry, Idaho State University, Campus Box 8023, Pocatello Idaho, 83209 USA']"
2005,Molecules,"['Department of Applied Chemical Science, Jordan University of Science and Technology, P.O. Box 3030, Irbid 22110, Jordan']"
2005,Molecules,"['Novartis Institutes for BioMedical Research, WSJ-507, CH-4002 Basel, Switzerland']"
2005,Molecules,"['Belupo Pharmaceuticals &amp; Cosmetics Ltd., Radnicka 224, 10000 Zagreb, Croatia', 'Ruder Boskovic Institute, Bijenicka 54, 10002 Zagreb, Croatia']"
2005,Sci. Pharm.,"['Department of Pharmacognosy, University of Vienna, Althanstr. 14, A-1090 Vienna, Austria']"
2005,Sci. Pharm.,"['Dept. of Pharmacognosy, University Vienna, Center of Pharmacy, Althanstraße 14, A - 1090 Vienna, Austria']"
2005,Int. J. Environ. Res. Public Health,"['Toxicology Unit, Biology Division, Indian Institute of Chemical Technology, Hyderabad 500 007 (AP), India', 'Analytical Division, Indian Institute of Chemical Technology, Hyderabad 500 007 (AP), India']"
2005,Int. J. Environ. Res. Public Health,"['Faculté des Sciences, Département de Biochimie, Université Badji Mokhtar, B.P. 12, El-Hadjar, Annaba (23200), Algeria']"
2005,Int. J. Environ. Res. Public Health,"['Environmental and Molecular Toxicology Lab, Centre for Environment, Institute of Science and Technology, Jawaharlal Nehru Technological University, Kukatpally, Hyderabad-500 072, Andhra Pradesh, India']"
2005,Int. J. Environ. Res. Public Health,"['University of Yaounde 1, Faculty of Sciences, Laboratory of General Biology, P.O. Box 812 Yaounde, Cameroon', 'Université Paul Sabatier CNRS, Laboratoire d’Ecologie Terrestre, UMR 5552, 118 Route de Narbonne, Bât. 4 R3, 31062 Toulouse Cedex 4, France', 'Université Libre de Bruxelles, Ecologie des Systèmes Aquatiques, Campus de la Plaine CP 221, Boulevard du Triomphe, 1050 Bruxelles, Belgium', 'Université Cadi Ayyad, Faculté des Sciences Semlalia, Laboratoire d’Hydrobiologie et Ecologie Souterraine, B.P. 2390 Bd Moulay Abdellah, Marrakech, Marocco', 'University of Yaounde 1, Faculty of Sciences, Laboratory of Applied Geology, P.O. Box 812 Yaounde, Cameroon', 'Geology Research Institute, Hydrologic Research Centre, P.O. Box 4110 Yaounde, Cameroon']"
2005,Int. J. Environ. Res. Public Health,"['Division of Environmental and Occupational Health, School of Public Health, University of Minnesota, 420 Delaware Street S.E., Minneapolis, MN 55455, USA', 'Department of Veterinary Population Medicine, College of Veterinary Medicine, University of Minnesota, 1333 Gortner Ave, St. Paul, MN 55108, USA']"
2005,Int. J. Environ. Res. Public Health,"['Environmental Toxicology Research Laboratory, NIH-RCMI Center for Environmental Health, College of Science, Engineering and Technology, Jackson State University. Jackson, Mississippi 39217, USA']"
2005,Int. J. Environ. Res. Public Health,"['Department of Biology, Jackson State University, Jackson, MS 39217, USA']"
2005,Int. J. Environ. Res. Public Health,"['Center of Environmental Health and Molecular Toxicology Laboratory, College of Science, Engineering and Technology, Jackson State University, Jackson, MS 39217, USA']"
2005,Int. J. Environ. Res. Public Health,"['Division of Environmental Health Engineering, Department of Environmental Health Sciences, Johns Hopkins Bloomberg School of Public Health, 615 N. Wolfe St., Room E6642, Baltimore, MD 21205, USA', 'The University of Texas at El Paso, 500 W. University Ave., El Paso, TX 79968, USA', 'Universidad Autónoma de Ciudad Juárez, Henry Dunant 4016, Zona Pronaf, Cd. Juárez, Chihuahua, México', 'Department of Civil, Architectural, and Environmental Engineering, Drexel University, Philadelphia, PA 19104, USA']"
2005,Sensors,"['Laboratorio de Investigación en Sólidos Porosos y Calorimetría, Departamento de Química. Facultad de Ciencias. Universidad de Los Andes, Carrera 1 # 18 A 10, Bogotá, Colombia']"
2005,Mar. Drugs,"['Institute of Pharmaceutical Biology, Heinrich-Heine-University Düsseldorf, Universitätsstr. 1, Geb. 26.23, D-40225 Düsseldorf, Germany']"
2005,Int. J. Mol. Sci.,"['School of Material Science and Engineering, Shanghai University, Shanghai 201800, China', 'Shanghai Institute of Applied Physics, Chinese Academy of Science, Shanghai 201800, China', 'Bio-X Life Science Research Center, Shanghai Jiao Tong University, Shanghai 200030, China']"
2005,Sensors,"['Department of Circuits and Systems in the EUIT de Telecomunicación at the Universidad Politécnica de Madrid (UPM), Campus Sur UPM, Ctra. Valencia km 7, Madrid 28031, Spain']"
2005,Sensors,"['Chemical Engineering Department, Xi’an Jiaotong University, Xi’an 710049, P.R. China', 'Science School, Guangdong Ocean University, Zhanjiang 524088, P.R. China']"
2005,Sensors,"['Department of Physics University of Ferrara, Via Saragat 1c, 44100 Ferrara, Italy']"
2005,Sensors,"['State Key Laboratory of Chemical Engineering, Chemical Engineering Research Center, School of Chemical Engineering and Technology, Tianjin University, Tianjin 300072, China', 'Chemistry Department of Dezhou University, Dezhou, Shandong 253011, China']"
2005,Entropy,"['338 New Mark Esplanade,Rockville MD 20850, USA']"
2005,Sensors,"['Institute of Marine Chemistry, Ocean University of China, Qingdao 266003, China']"
2005,Molbank,"['Department of Medicinal Chemistry, Victorian College of Pharmacy, Monash University, 381 Royal Parade, Parkville, Victoria, 3052, Australia']"
2005,Molbank,"['Department of Medicinal Chemistry, Victorian College of Pharmacy, Monash University, 381 Royal Parade, Parkville, Victoria, 3052, Australia']"
2005,Molbank,"['Laboratorio de Síntesis Orgánica, Facultad de Farmacia, Universidad Central de Venezuela, Caracas 1051, Venezuela']"
2005,Molbank,"[""Laboratoire d'Analyses, d'Essais et d'Environnement (LAEE), Département de Chimie, Faculté des Sciences Dhar Mehraz, Université Sidi Mohamed Ben Abdellah, 30000 Fès, Morocco"", 'Institut fur Organische Chemie, J. W. Goethe-Universitat Frankfurt, Marie-Curie-Str. 11, 60439 Frankfurt/Main, Germany', 'Laboratoire d’activation moléculaire, Department of Chemistry, Faculty of Sciences, 60000 Oujda, Morocco']"
2005,Molbank,"['Laboratoire de Chimie Organique, Faculté des Sciences Dhar El Mehraz, 50000 Fès, Morocco', 'Laboratoire d’Activation Moléculaire, Faculté des Sciences, 60000 Oujda, Morocco']"
2005,Molbank,"['Department of Chemistry, College of Science, King Faisal University, P. O. Box 1759 Hofuf 31982, Saudi Arabia']"
2005,Sensors,"['Jet Propulsion Laboratory, California Institute of Technology, 4800 Oak Grove Drive, Pasadena, CA 91109, U.S.A.']"
2005,Sensors,"['Department of Biomedical Engineering, Zhejiang University, 38 ZheDa Road, Hangzhou 310027, P.R. China']"
2005,Int. J. Mol. Sci.,"['Department of Chemistry and Chemical Biology, Stevens Institute of Technology, Hoboken, New Jersey 07030, USA', 'Highly Filled Materials Institute (HFMI), Stevens Institute of Technology, Hoboken, New Jersey 07030, USA']"
2005,Math. Comput. Appl.,"['Department of Mathematics, Quaid-I-Azam University 45320 Islamabad - 44000, Pakistan']"
2005,Math. Comput. Appl.,"['Department of Mechanical Education, Gazi University, 06500, Ankara, Turkey', 'Department of Mechanical Engineering, TOBB Economics and Technology University, 06560, Ankara, Turkey']"
2005,Math. Comput. Appl.,"['Department of Mechanical Engineering, University of Gaziantep, 27310 Gaziantep, Turkey', 'Department of Mechanical Engineering, Celal Bayar University, 45140 Muradiye, Manisa, Turkey']"
2005,Math. Comput. Appl.,"['Ege University, Department of Civil Engineering, 35100, Bornova, Izmir, Turkey', 'Istanbul Technical University, Department of Civil Engineering, 34469, Ayazaga, Istanbul, Turkey']"
2005,Sensors,"['Department of Advanced Materials and Engineering, Chosun University, Gwangju 501-759, Korea.', 'Research Institute of Energy Resources Technology, Chosun University, Gwangju 501-759, Korea.', 'JAMIC, Sunchun, Jeonnam 540-856, Korea', 'Department of Physics, Chosun University, Gwangju 501-759, Korea']"
2005,Sensors,"['Institute for Analytical Chemistry and Food Chemistry, Faculty of Chemistry, Vienna University, Waehringer Strasse 38, A-1090 Vienna, Austria', 'EPCOS AG, SAW RD IP, Anzingerstrasse 13, D-81617 München, Germany']"
2005,Molecules,"['Instituto de Química, Universidade de São Paulo, Av. Prof. Lineu Prestes, 748. CP 26077, CEP 05513-\n970, São Paulo, Brazil']"
2005,Molecules,"['Departamento de Química, Faculdade de Filosofia, Ciências e Letras de Ribeirão Preto, Universidade de São Paulo, Avenida dos Bandeirantes, 3900, 14040-901, Ribeirão Preto, SP, Brazil', 'Departamento de Química, Centro de Ciências Exatas e Tecnologia, Universidade Federal de Mato\nGrosso do Sul, Avenida Senador Filinto Müller, 1555, 79070-90, Campo Grande, MS, Brazil']"
2005,Molecules,"['Department of Chemistry, Maejo University, San Sai, Chiang Mai, 50290, Thailand', 'Department of Chemistry, Chiang Mai University, Chiang Mai, 50202, Thailand']"
2005,Molecules,"['Department of Chemistry, Faculty of Arts and Sciences, Firat University, 23119 Elazig, Turkey', 'Department of Chemistry, Faculty of Arts and Sciences, Ataturk University, 25240 Erzurum, Turkey']"
2005,Molecules,"['Department of Pharmaceutical Chemistry, Faculty of Pharmacy, Ankara University, 06100\nTandogan, Ankara-Turkey', 'Department of Microbiology, Faculty of Pharmacy, Ankara University, 06100 Tandogan, Ankara, Turkey']"
2005,Molecules,['Centro de Investigaciones de Plagas e Insecticidas (CITEFA-CONICET) – J.B.La Salle 4397 – V.\nMartelli – 1603 – Buenos Aires – Argentina']
2005,Molecules,"['Department of Chemistry, Faculty of Science, Urmia University, 57159, Urmia, Iran', 'College of Chemistry, Isfahan University of Technology, 84156, Isfahan, Iran']"
2005,Sensors,"['Department of Circuits and Systems in the EUIT de Telecomunicación at the Universidad Politécnica de Madrid (UPM), Campus Sur UPM, Ctra. Valencia km 7, Madrid 28031, Spain']"
2005,Int. J. Mol. Sci.,"['Department of Natural Sciences, The Royal Veterinary and Agricultural University, Thorvaldsensvej 40, DK-1871 Frederiksberg, Denmark', 'Centre for Crystallographic Studies, University of Copenhagen, Universitetsparken 5, DK-2100 Copenhagen, Denmark']"
2005,Sensors,"['Department of Pharmacology, Conway Institute of Biomolecular &amp; Biomedical Research, University College Dublin, Belfield, Dublin 4, Ireland']"
2005,Sensors,"['Department of Material Science and Engineering, Chosun University, Gwangju 501-759, Korea', 'Research Institute of Energy Resources Technology, Chosun University, Gwangju 501-759, Korea']"
2005,Sensors,"['Department of Theoretical and Physical Chemistry, Masaryk University, Faculty of Science, Kotlarska 2, 611 37 Brno, Czech Republic', 'Institute of Biophysics, Academy of Sciences of the Czech Republic, Kralovopolska 135, 612 65 Brno, Czech Republic', 'Department of Chemistry and Biochemistry, Mendel University of Agriculture and Forestry, Zemedelska 1, 613 00 Brno, Czech Republic']"
2005,Sensors,['INFIQC. Departamento de Físico Química. Facultad de Ciencias Químicas. Universidad Nacional de Córdoba. Ciudad Universitaria. 5000 Córdoba. Argentina']
2005,Sensors,"['Department of Analytical Chemistry, Faculty of Chemical and Food Technology, Slovak University of Technology, 81237 Bratislava, Slovakia', 'UFZ Center for Environmental Research Leipzig-Halle, D-04318 Leipzig, Germany']"
2005,Sensors,"['Department of Chemistry, University of Florence, Via della Lastruccia 3, 50019 Sesto Fiorentino (Firenze), Italy.', 'Department of Chemistry, National University of Littoral, University Campus, 3000 Santa Fe, Argentina', 'Department Industrial Installations and Interaction with the Environment (DIPIA), National Authority for Health and Safety at Work (ISPESL), Via Urbana 167, 00184 Rome, Italy', 'National Institute of Soil Defence (ISSDS), Via Casette 1, 02100 Rieti, Italy']"
2005,Sensors,"['Departamento de Química, Faculdade de Ciências e Tecnologia, Universidade de Coimbra, 3004-535 Coimbra, Portugal']"
2005,Sensors,"['Analytical Chemistry Department, Chemistry Faculty, Kazan State Uni 08 Kazan, Russia']"
2005,Sensors,"['Departamento de Química Analítica, Facultad de Ciencias Químicas, Universidad Complutense de Madrid, E-28040 - Madrid, Spain']"
2005,Sensors,"['UCD School of Chemistry &amp; Chemical Biology, University College Dublin, Belfield, Dublin 4, Ireland']"
2005,Sensors,"['Department of Analytical Chemistry, Faculty of Chemical and Food Technology, Slovak University of Technology, 81237 Bratislava, Slovakia']"
2005,Mar. Drugs,"['Department of Basic Biological Sciences, Kyoritsu College of Pharmacy, Shibakoen 1-chome, 5-30, Minato-ku, Tokyo, 105-8512, Japan', 'Department of Ocean Sciences, Tokyo University of Marine Science and Technology, Minato-ku, Tokyo, 108-8477, Japan']"
2005,Mar. Drugs,"['Graduate School of Pharmaceutical Sciences, Hokkaido University, Sapporo 060-0812, Japan']"
2005,Molbank,"['Laboratoire de Chimie Organique-Physique, Département de Chimie, Faculté Des Sciences, Université Mohamed Premier, 60000 Oujda, Maroc', 'Laboratoire de Chimie de l`Environnement et des Matériaux, Département de Chimie, Faculté Des Sciences, Université Mohamed Premier, 60000 Oujda, Maroc']"
2005,Molbank,"['Laboratoire de Chimie Organique-Physique, Département de Chimie, Faculté Des Sciences, Université Mohamed Premier, 60000 Oujda, Maroc', 'Laboratoire de Chimie de l`Environnement et des Matériaux Département de Chimie, Faculté Des Sciences, Université Mohamed Premier, 60000 Oujda, Maroc']"
2005,Molbank,"['Laboratoire de Chimie Organique-Physique, Département de Chimie, Faculté Des Sciences, Université Mohamed Premier, 60000 Oujda, Maroc', 'Laboratoire de Chimie de l`Environnement et des Matériaux, Département de Chimie, Faculté Des Sciences, Université Mohamed Premier, 60000 Oujda, Maroc']"
2005,Molbank,"['Laboratoire de Chimie Organique-Physique, Laboratoire de Chimie de l`Environnement et des Matériaux, Département de Chimie, Faculté Des Sciences, Université Mohamed Premier, 60000 Oujda, Maroc', 'Laboratoire de Chimie de l`Environnement et des Matériaux, Département de Chimie, Faculté Des Sciences, Université Mohamed Premier, 60000 Oujda, Maroc']"
2005,Molbank,"['Laboratoire de Chimie Organique-Physique, Département de Chimie, Faculté Des Sciences, Université Mohamed Premier, 60000 Oujda, Maroc', 'Laboratoire de Chimie de l`Environnement et des Matériaux Département de Chimie, Faculté Des Sciences, Université Mohamed Premier, 60000 Oujda, Maroc']"
2005,Molbank,"['Laboratoire de Chimie Organique-Physique, Département de Chimie, Faculté Des Sciences, Université Mohamed Premier, 60000 Oujda, Maroc', 'Laboratoire de Chimie de l`Environnement et des Matériaux, Département de Chimie, Faculté Des Sciences, Université Mohamed Premier, 60000 Oujda, Maroc']"
2005,Int. J. Mol. Sci.,"['Chemistry Department, Anadolu University, 26470 Eskisehir, Turkey']"
2005,Molecules,"['Department of Chemistry, Yasouj University, Yasouj 75914-353, Iran', 'Department of Chemistry, Isfahan University, Isfahan 81745-117, Iran']"
2005,Molecules,"['Research and Development Center for Fine Chemicals, Key Laboratory of Green Pesticide and\nAgriculture Bioengineering, Ministry of Education, Guizhou University, Guiyang 550025, P. R. China']"
2005,Molecules,"['Department of Chemistry, School of Sciences and Computer Engineering, University of Houston-Clear Lake, 2700 Bay Area Boulevard, Houston, TX 77058, USA']"
2005,Molecules,"['Laboratory of Pharmaceutical Organic Chemistry, CNRS UMR 6517, University of the Méditerranée.\n(Aix – Marseille 2), Faculty of Pharmacy, 27 Bd Jean Moulin, 13385 Marseille Cedex 5, France', 'Sanofi-Synthélabo Recherche, Sanofi-Aventis, Central Nervous System Research Department, 31 Avenue Paul Vaillant Couturier, 92220 Bagneux, France']"
2005,Molecules,"['Chair and Laboratory of Organic Chemistry, Faculty of Pharmacy, Medical University, 1 Banacha Street, 02 – 097 Warsaw, Poland']"
2005,Molecules,"['Department of Chemistry, University of Podlasie, 3-Maja 54, Siedlce, Poland', 'Department of Biophysics, University of Warmia &amp; Mazury, 4 Oczapowskiego St., Olsztyn, Poland']"
2005,Molecules,"['MDPI Centre, Matthaeusstrasse 11, CH-4057 Basel, Switzerland']"
2005,Mar. Drugs,"['Institute of Pharmaceutical Biology, Heinrich-Heine-University Düsseldorf, Universitätsstr. 1, Geb. 26.23, D-40225 Düsseldorf, Germany', 'Director of Chemistry, Amyris Biotechnologies, Inc., 5885 Hollis St, Suite 100, Emeryville CA 94608 USA', 'Molecular Diversity Preservation International (MDPI), Matthaeusstrasse 11, CH-4057 Basel, Switzerland']"
2005,Int. J. Mol. Sci.,"['Vytautas Magnus University, Vileikos 8, 44404, Kaunas, Lithuania', 'Institute of Biochemistry, Mokslininku 12, 08662 Vilnius, Lithuania']"
2005,Entropy,"['Institute of Physics, University of Zielona Góra, ul. Szafrana 4a, 65-516 Zielona Góra, Poland']"
2005,Entropy,"['Department of Mechanical Engineering, Hashemite University, Zarqa, 13115, Jordan']"
2005,Entropy,"['Physics Department, Clarkson University, Potsdam, New York 13699-5820, USA']"
2005,Entropy,"['Physics Department, Clarkson University, Potsdam, New York 13699-5820, USA']"
2005,Int. J. Mol. Sci.,"['Department of Chemistry, King Fahd University of Petroleum &amp; Minerals, Dhahran 31261, Saudi Arabia']"
2005,Molbank,"['Institut für Organische Chemie der Universität Stuttgart, Pfaffenwaldring 55, D-70569 Stuttgart, Germany']"
2005,Molbank,"['Institut für Organische Chemie der Universität Stuttgart, Pfaffenwaldring 55, D-70569 Stuttgart, Germany']"
2005,Molbank,"['Laboratoire de Chimie Organique-Physique, Département de Chimie, Faculté Des Sciences, Université Mohamed Premier, 60000 Oujda, Maroc', 'Laboratoire de Chimie de l`Environnement et des Matériaux, Département de Chimie, Faculté Des Sciences, Université Mohamed Premier, 60000 Oujda, Maroc']"
2005,Molbank,"['Department of Chemistry, College of Sciences, Shiraz University, Shiraz 71454, Iran']"
2005,Molbank,"['Department of Chemistry, College of Sciences, Shiraz University, Shiraz 71454, Iran']"
2005,Molbank,"['Department of Chemistry, College of Science, Shiraz University, Shiraz 71454, Iran']"
2005,Molbank,"['Chemistry Department, College of Sciences, Shiraz University, Shiraz 71454, Iran']"
2005,Molbank,"['Chemistry Department, College of Sciences, Shiraz University, Shiraz 71454, Iran']"
2005,Molbank,"['Institute of Chemistry, University of Podlasie, ul. 3 Maja 54, 08-110 Siedlce, Poland']"
2005,Molbank,"['Institute of Chemistry, University of Podlasie, ul. 3 Maja 54, 08-110 Siedlce, Poland']"
2005,Molbank,"['Institute of Chemistry, University of Podlasie, ul. 3 Maja 54, 08-110 Siedlce, Poland']"
2005,Molbank,"['Institute of Chemistry, University of Podlasie, ul. 3 Maja 54, 08-110 Siedlce, Poland']"
2005,Sci. Pharm.,"['Institute of Theoretical Chemistry, Univ. of Vienna, Währingerstr. 17, A-1090, Vienna, Austria.', 'Institute of Pharmaceutical Technology and Biopharmaceutics, University of Vienna, Althanstrasse 14, A-1090, Vienna, Austria.']"
2005,Sci. Pharm.,"['Pharmazeutisches lnstitut der Universität, An der lmmenburg 4, D-53121 Bonn, Germany', 'Institute of Chemistry and Chemical Technology, Mongolian Academy of Science, Ulaanbaatar-51, Mongolia']"
2005,Sci. Pharm.,"['Department of Pharmacognosy, University of Vienna, Althanstr. 14, A-1090, Vienna, Austria', 'Laboratoire de Pharmacognosie et Phytochimie, École de Phanacie Genève-Lausanne, Université de Genevè, Quai Ernest Ansermet 30, 121 1 Genève 4, Genève, Switzerlan']"
2005,Sci. Pharm.,"['School of Pharmacy, The University of Petra, P.O.Box: 961343, Amman, Jordan', 'lnstitut für Pharmazeutische Biologie und Phytochemie, Hittorfstrasse 56, 48149 Münster, Germany']"
2005,Sci. Pharm.,"['Wroclaw University of Medicine, Faculty of Pharmacy, Department of Organic Chemistry, ul. Grodzka 9, 50-1 37 Wroclaw, Poland', 'Institute of Genetic and Microbiology Wroclaw University, ul. Przybyszewskiego 63/72, 51-148 Wrocław, Poland', 'lnstitut Curie Recherche, Bâtiment 112, Centre Universitaire - 91405 Orsay cedex, France']"
2005,Sci. Pharm.,"['Department of Medicinal1 Pharmaceutical Chemistry, University of Vienna, Althanstrasse 14, A-1090 Vienna, Austria']"
2005,Sci. Pharm.,"['Department of Pharmaceutics, College of Pharmacy, King Saud University, P.O. Box 2457, Riyadh 11451, Kingdom of Saudi Arabia', 'Division of Pharmaceutical Sciences, School of Pharmacy, University of Missouri Kansas City, 5100 Rockhill Road, Kansas City, MO 64110-2499, USA']"
2005,Molecules,"['Department of Chemistry, Faculty of Science, Alexandria University, P.O. Box 426, Ibrahimia, Alexandria 21321, Egypt']"
2005,Molecules,"['Centro de Investigaciones de Plagas e Insecticidas (CIPEIN-CITEFA/CONICET), J.B. de La Salle 4397, (1603) Villa Martelli, Prov. de Buenos Aires, Argentina', 'Instituto de Investigaciones Químicas y Ambientales, CSIC Jordi Girona, 18-26, 08034-Barcelona, Spain', 'Natural Resources Institute, University of Greenwich, Chatham Maritime, Kent ME4 4TB, UK']"
2005,Molecules,"['Chemistry Department, Moscow State University, Moscow 119992, Russia']"
2005,Molecules,"['Emeritus Professor, The University of Tokyo, 1-20-6-1309, Mukogaoka, Bunkyo-ku, Tokyo 113-0023, Japan']"
2005,Molecules,"['Chemistry Department, Moscow State University, Moscow 119899, Russia', 'Novosibirsk Institute of Organic Chemistry, Acad. Lavrentjev Avenue 9, Novosibirsk 630090, Russia']"
2005,Entropy,"['Universität Heidelberg Gaiberger Str. 38, D69151 Waldhilsbach, Germany']"
2005,Mar. Drugs,"['Department of Chemistry, Biology, and Marine Science, University of the Ryukyus, Nishihara, Okinawa 903-0213, Japan', 'Department of Sciences, School of Education, Arts and Sciences, The State University of Zanzibar, P.O.Box 146, Zanzibar, Tanzania', 'Research and Development Centre for Oceanology LIPI, Jl. Pasir Putih 1, Ancor Timur, Jakarta 11048, Indonesia', 'Department of Chemistry, Lampung University, Bandar Lampung 35145, Indonesia', 'Department of Marine Science, Diponegoro University, Semarang, Central Java 50234, Indonesia']"
2005,Molbank,"['Department of Chemistry, Faculty of Sciences, Bu Ali Sina University, Hamedan, Iran. Code: 6517838683']"
2005,Molbank,"['Department of Chemistry, Faculty of Sciences, Bu Ali Sina University, Hamedan, Iran. Code: 6517838683']"
2005,Molbank,"['Department of Chemistry, Faculty of Sciences, Bu Ali Sina University, Hamedan, Iran. Code: 6517838683']"
2005,Molbank,"['Department of Chemistry, Faculty of Sciences, Bu Ali Sina University, Hamedan, Iran. Code: 6517838683']"
2005,Molbank,"['Department of Chemistry, Faculty of Sciences, Bu Ali Sina University, Hamedan, Iran. Code: 6517838683']"
2005,Molbank,"['Department of Chemistry, Faculty of Sciences, Bu Ali Sina University, Hamedan, Iran. Code: 6517838683']"
2005,Molbank,"['Department of Chemistry, Faculty of Sciences, Bu Ali Sina University, Hamedan, Iran. Code:6517838683']"
2005,Molbank,"['Department of Chemistry, Faculty of Sciences, Bu Ali Sina University, Hamedan, Iran, Code: 6517838683']"
2005,Molecules,"['Chemistry Department, Moscow State University, Moscow 119992, Russia']"
2005,Molecules,"['Departamento de Química Orgánica. Facultad de Ciéncias Químicas. Universidad de Salamanca 37008, Salamanca. Spain', 'Departamento de Ingenieria Química. Facultad de Ciéncias Químicas. Universidad de Salamanca 37008, Salamanca. Spain', 'Departamento de Química. Universidade da Beira Interior, 6201-001 Covilhã. Portugal']"
2005,Molecules,"['Department of Chemistry, Faculty of Arts and Sciences, Gazi Universitesi, Teknik Okullar, 06500 Ankara, Turkey', 'Department of Chemistry, Middle East Technical University, 06531 Ankara, Turkey']"
2005,Molecules,"['Pharmacognosy Department, Faculty of Pharmacy, Cairo University, 11562 Cairo, Egypt']"
2005,Molecules,"['Education Faculty, Kafkas University, 36100 Kars, Turkey', 'Department of Chemistry, Kafkas University, 36100 Kars, Turkey', 'Fatih Education Faculty, Karadeniz Technical University, 61080 Trabzon, Turkey']"
2005,Molecules,"['Department of Chemistry, College of Science, Firat University, Elazig 23119, Turkey', 'Elazig School of Health Sciences, Firat University, Elazig 23119, Turkey', 'Faculty of Medicine, Department of Chest Diseases, Firat University, Elazig 23119, Turkey']"
2005,Molecules,"['Department of Applied Chemistry, South China University of Technology, Guangzhou 510640, P.R. China']"
2005,Molecules,"['Laboratoire de Synthèse Asymétrique, CPE Lyon, Université Claude Bernard Lyon 1, France']"
2005,Molecules,"['Institut für Chemie der Universität Rostock, D-18051 Rostock, Germany', 'Leibniz-Institut für Organische Katalyse, Buchbinderstr. 5–6, D-18055 Rostock, Germany']"
2005,Molecules,"['Professor, Department of Chemistry, Indian Institute of Technology, Madras - 600 036, India', 'Assistant Professor, Department of Chemistry, Indian Institute of Technology – Delhi, Hauz Khas, New Delhi - 110 016, India']"
2005,Molecules,"['Department of Inorganic and Organic Chemistry, Faculty of Pharmacy Charles University, 500 05 Hradec Králové, The Czech Republic', 'Georgetown University, Washington DC 20057-1227, USA']"
2005,Molecules,"['Firat University, Faculty of Arts and Sciences, Chemistry Department, 23119 Elazig, Turkey']"
2005,Entropy,"['Department of Physics, Yunnan University, Kunming, 650091, China']"
2005,Int. J. Mol. Sci.,"['Education Faculty, Kafkas University, 36100 Kars, Turkey', 'Department of Chemistry, Kafkas University, 36100 Kars, Turkey']"
2005,Int. J. Mol. Sci.,"['Energy Technology Division, Argonne National Laboratory, Argonne, IL 60439, USA', 'Lubricant Tribology, ChevronTexaco Global Lubricants, Richmond, CA 94802, USA', 'State Key Laboratory of Tribology, Tsinghua University, Beijing 100084, China']"
2005,Int. J. Environ. Res. Public Health,"['Department of Biology, Marine Science Program, Box 18540, Jackson State University, Jackson, MS 39217, USA', 'Mississippi Department of Marine Resources, Bayview Avenue, Biloxi, MS 39530, USA', 'Environmental Toxicology Research Laboratory, NIH – Center for Environmental Health, Jackson State University, Box 18540, Jackson, MS 39217, USA']"
2005,Int. J. Environ. Res. Public Health,"['Molecular Toxicology Research Laboratory, NIH-Center for Environmental Health, School of Science and Technology, Jackson State University, 140 Lynch Street, P.O. Box 18540, Jackson, MS 39217, USA']"
2005,Int. J. Environ. Res. Public Health,"['Institute of Science and Technology, JNT University, Kukatpally, Hyderabad – 500 072, Andhra Pradesh, India', 'Center for Environment, IST, JNT University, Kukatpally, Hyderabad – 500 0072, Andhra Pradesh, India', 'Andhra Pradesh Pollution Control Board, A3, Sanathnagar, Hyderabad – 500 018, Andhra Pradesh, India']"
2005,Int. J. Environ. Res. Public Health,"['Water resources and GIS Specialist, ITECO Consult (T) Limited, P.O.BOX 67371, Dar es Salaam, Tanzania', 'Researcher and Consultant in Water resources, P.O.BOX 12375, Dar Es Salaam, Tanzania']"
2005,Int. J. Environ. Res. Public Health,"['Department of Biology, Jackson State University, Jackson, MS 39217, USA', 'Department of Biology, University of Mississippi, University, MS 38677, USA', 'Department of Biology, Wesleyan University, Middletown, CT 06459, USA']"
2005,Int. J. Environ. Res. Public Health,"['Centre for Environment, Institute of Science &amp;Technology, Jawaharlal Nehru Technological University, Kukatpally, Hyderabad-500072, India']"
2005,Int. J. Environ. Res. Public Health,"['Molecular Toxicology Research Laboratory, NIH-Center for Environmental Health, College of Science, Engineering and Technology, Jackson State University, 1400 Lynch Street, P.O. Box 18540, Jackson, Mississippi, USA', 'Louisiana State University Agricultural Experiment Station, Hill Farm Research Station, 11959 Highway 9, Homer, Louisiana, USA']"
2005,Int. J. Environ. Res. Public Health,"['College of Pharmacy, Xavier University of Louisiana, 1 Drexel Drive, New Orleans, LA 70125, USA', 'Professor Emeritus, Department of Statistics, Colorado State University, Fort Collins, CO 80523, USA']"
2005,Int. J. Environ. Res. Public Health,"['Department of Natural Sciences, University of Maryland Eastern Shore, Princess Anne, MD 21853, USA', 'Molecular Toxicology Research Laboratory, NIH-Center for Environmental Health, College of Science, Engineering and Technology, Jackson State University, Jackson, MS 39217, USA', 'Neuroscience/Drug Abuse Program, JLC-BBRI, North Carolina Central University, Durham, NC 27707, USA']"
2005,Int. J. Environ. Res. Public Health,"['Department of Biology, Southern University at New Orleans, New Orleans, LA 70126, USA', 'Department of Biology, Jackson State University, Jackson, MS 39217, USA']"
2005,Int. J. Environ. Res. Public Health,"['College of Natural Sciences and Mathematics, University of West Alabama, UWA Station 7, Livingston, AL 35470-2099, USA', 'Department of Biology, Jackson State University, 1400 Lynch St., P.O. Box 18540, Jackson, Mississippi 39217, USA']"
2005,Int. J. Environ. Res. Public Health,"['U.S. Army Engineer Research and Development Center, Waterways Experiment Station, 3909 Halls Ferry Road, Vicksburg, MS 39180, USA']"
2005,Int. J. Environ. Res. Public Health,"['Laboratory of General Biology, Department of Animal Biology and Physiology, Faculty of Science, University of Yaounde I, P.O. Box 812, Cameroon', 'Institute of Environmental Research (INFU), University of Dortmund Otto-Hahn-Str. 6 D-44227, Dortmund, Germany']"
2005,Int. J. Environ. Res. Public Health,"['Department of Biology, Jackson State University, 1400 J. R. Lynch Street, P.O. Box 18540, Jackson, MS 39217, USA', 'Pharmaceutical Products Development, Inc. (PPD), 980 Harvest Dr., Suite 130, Blue Bell, PA 19422, USA']"
2005,Int. J. Environ. Res. Public Health,"['Department of Biology, University of Puerto Rico, Mayagüez, PR 00681-9012, Puerto Rico']"
2005,Int. J. Environ. Res. Public Health,"['Center for Environment, IST, Jawaharlal Nehru Technological University, Kukatpally, Hyderabad 500 072, India']"
2005,Int. J. Environ. Res. Public Health,"['Center for Hydrology, Soil Climatology, and Remote Sensing, Department of Plant and Soil Science. P.O. Box 1208, Alabama A&amp;M University, Normal, AL 35762 USA', 'Department of Urban and Regional Planning, Jackson State University, Jackson, MS 39211 USA']"
2005,Int. J. Environ. Res. Public Health,"['Department of Biology, Jackson State University, 1400 Lynch St., P.O. Box 18540, Jackson, MS 39217, USA']"
2005,Int. J. Environ. Res. Public Health,"['Department of Surgery, University of Mississippi Medical Center, 2500 North State Street, Jackson, Mississippi, 39216-4505, USA', 'Division of Gastroenterology, Department of Medicine, UMDJ-NJ Robert Wood Johnson Medical School, New Brunswick, NJ 08903, USA', 'Materials and Processes Laboratory, NASA-Marshall Flight Space Center, Huntsville, Alabama, 35812, USA', 'State University of New York at Buffalo, Department of Microbiology, Buffalo, New York, 14214-3000, USA', 'Department of Zoology, Sri Venkateswara University, Tirupati, 517 502, India']"
2005,Int. J. Environ. Res. Public Health,"['Department of Geology &amp; Physics, Lock Haven University, Lock Haven, PA 17745, USA', 'Office of Research, University of Mississippi Medical Center, 2500 North State Street, Jackson, MS 39216, USA', 'Department of Community Health Sciences, University of Southern Mississippi, Box 5122, Hattiesburg, MS 39406, USA']"
2005,Int. J. Environ. Res. Public Health,"['Institute of Physics, Wroclaw University of Technology, Wybrzeze Wyspianskiego 27, 50-370 Wroclaw, Poland', 'International Institute of Applied Systems Analysis, Schlossplatz 1, A-2361 Laxenburg, Austria', 'Dept of International Economic Relations, University of Lodz, POW 3/5, 90-255 Lodz, Poland']"
2005,Math. Comput. Appl.,"['Department of P.G. Studies and Research in Mathematics, M.S. College Saharanpur 247001, India']"
2005,Math. Comput. Appl.,"['Mathematics Departement, Govt. Girls College, Ratlam (M.P) - 457001, India']"
2005,Math. Comput. Appl.,"['Department of Mathematics, Faculty of Science, Universty of Celal Bayar, Muradiye Campus, 45047, Manisa, Turkey']"
2005,Math. Comput. Appl.,"['School of Computational and Applied Mathematics Centre for Differential Equations, Continuum Mechanics and Applications University of the Witwatersrand, Private Bag 3, Wits 2050, Johannesburg, South Africa']"
2005,Math. Comput. Appl.,"['Univ. of EMU, Department of Industrial Engineering, Gazi Magusa, TRNC, via Mersin 10, Turkey']"
2005,Math. Comput. Appl.,"['Department of Mathematics, Celal Bayar University, Muradiye Campus, 45047, Manisa, Turkey']"
2005,Math. Comput. Appl.,"['Department of Mathematics, Faculty of Science, University of Celal Bayar, Muradiye Campus,45047, Manisa, Turkey']"
2005,Math. Comput. Appl.,"['Department of Mathematics, Islamic Azad University, Tehran-Center Branch, P.O. Box: 14515-459, Tehran, Iran']"
2005,Molbank,"['Laboratoire de Chimie Organique, Faculté des Sciences Dhar El Mehraz, 50000 Fès, Morocco', 'Laboratoire d’Activation Moléculaire, Faculté des Sciences, 60000 Oujda, BP 524, Morocco']"
2005,Molbank,"['Institute of Organic Chemistry and Technology, Cracow University of Technology, 24 Warszawska Str., 31-155 Kraków, Poland']"
2005,Molbank,"['Department of Chemistry, College of Science, Shiraz University, Shiraz 71454, Iran']"
2005,Molbank,"['Organic Research Lab, Department of Chemistry, St. Anthony’s College, Shillong-793 001, India']"
2005,Molbank,"['Laboratory of Physical Organic Chemistry, Department of Chemistry, Faculty of Sciences, University Mohammed the first, BP 524, 60 000 Oujda, Morocco']"
2005,Molbank,"['Laboratory of Physical Organic Chemistry, Department of Chemistry, Faculty of Sciences, University Mohammed the first BP 524, 60 000 Oujda, Morocco']"
2005,Molbank,"['Department of Chemistry, Faculty of Science, United Arab Emirates University, P.O.Box 17551 Al-Ain, UAE']"
2005,Molbank,"['Institute of Chemistry, University of Podlasie, ul. 3 Maja 54, 08-110 Siedlce, Poland']"
2005,Molbank,"['Institute of Chemistry, University of Podlasie, ul. 3 Maja 54, 08-110 Siedlce, Poland']"
2005,Molbank,"['Institute of Chemistry, University of Podlasie, ul. 3 Maja 54, 08-110 Siedlce, Poland']"
2005,Molbank,"['Chemistry Department, Faculty of Science, King Abdul-Aziz University, Jeddah 21413, P.O. Box 9028, Saudi Arabia']"
2005,Molbank,"['Institut für Organische Chemie der Universität Stuttgart, Pfaffenwaldring 55, D-70569 Stuttgart, Germany']"
2005,Molbank,"['Institut für Organische Chemie der Universität Stuttgart, Pfaffenwaldring 55, D-70569 Stuttgart, Germany']"
2005,Molbank,"['Institut für Organische Chemie der Universität Stuttgart, Pfaffenwaldring 55, D-70569 Stuttgart, Germany']"
2005,Molbank,"['Institut für Organische Chemie der Universität Stuttgart, Pfaffenwaldring 55, D-70569 Stuttgart, Germany']"
2005,Molbank,"['Institut für Organische Chemie der Universität Stuttgart, Pfaffenwaldring 55, D-70569 Stuttgart, Germany']"
2005,Entropy,"['ITODYS (CNRS, Université Paris 7, UMR 7086), 1 rue Guy de la Brosse, 75005 Paris, France']"
2005,Molecules,"['CambridgeSoft, Corp., 100 Cambridgepark Dr., Cambridge, MA, 02140 USA']"
2005,Molecules,"['Department of Applied Chemistry, Faculty of Engineering, Kyushu University, Fukuoka 812-8581, Japan']"
2005,Molecules,"['Department of Organic Chemistry, Faculty of Natural Sciences, Comenius University, Mlynská dolina, Bratislava, 84215, Slovak Republic', 'Department of Analytical Chemistry, Faculty of Natural Sciences, Comenius University, Mlynská dolina, Bratislava, 84215, Slovak Republic', 'Centre for Clean Technology, Department of Green Chemistry, University of York, Heslington, York, Y01 5DD, Great Britain']"
2005,Molecules,"['Department of Applied Chemistry, Graduate School of Engineering, Hiroshima University, Higashi-Hiroshima 739-8527, Japan']"
2005,Molecules,"['Department of Chemical and Biochemical Engineering, Rutgers University, Piscataway, NJ 08854-8058, USA']"
2005,Molbank,"['Institute of Chemistry, University of Podlasie, ul. 3 Maja 54, 08-110 Siedlce, Poland']"
2005,Molbank,"['Chemistry Department, Faculty of Science, King Abdul-Aziz University, Jeddah 21413, P.O. Box 9028, Saudi Arabia']"
2005,Molbank,"['Chemistry Department, Faculty of Science, King Abdul-Aziz University, Jeddah 21413, P.O. Box 9028, Saudi Arabia']"
2005,Molbank,"['Laboratoire de Chimie Organique Physique, Département de Chimie, Faculté des Sciences, Université Mohamed Premier, BP 524, 60000, Oujda, Maroc']"
2005,Molbank,"['Laboratoire de Chimie Organique Physique, Département de Chimie, Faculté des Sciences, Université Mohamed Premier, BP 524, 60000, Oujda , Maroc']"
2005,Molbank,"['Departamento de Química Inorgánica y Orgánica, Facultad de Ciencias Experimentales, Universidad de Jaén, 23071 Jaén, Spain']"
2005,Molbank,"['Departamento de Química Inorgánica y Orgánica, Facultad de Ciencias Experimentales, Universidad de Jaén, 23071 Jaén, Spain']"
2005,Molbank,"['Departamento de Química Inorgánica y Orgánica, Facultad de Ciencias Experimentales, Universidad de Jaén, 23071 Jaén, Spain']"
2005,Molbank,"['Departamento de Química Inorgánica y Orgánica, Facultad de Ciencias Experimentales, Universidad de Jaén, 23071 Jaén, Spain']"
2005,Sci. Pharm.,"['Österreichische Apotheker- Verlag8geseJlschaft m. b. H., Wien']"
2005,Molecules,"['Molecular Diversity Preservation International (MDPI), Matthaeusstrasse 11, Basel CH-4057Switzerland']"
2005,Entropy,"['Department of Statistics, University of Nebraska, Lincoln, NE 68583, USA', 'Department of Engineering Management and Systems Engineering, The George Washington University, Washington, D.C. 20052, USA']"
2005,Mar. Drugs,"['School of Chemistry, Andhra University, Visakhapatnam-530 003, India']"
2005,Mar. Drugs,"['Department of Basic Biological Sciences, Kyoritsu College of Pharmacy, Shibakoen 1-chome, 5-30, Minato-ku, Tokyo, 105-8512, Japan', 'Department of Biochemistry, Kyoritsu College of Pharmacy, Shibakoen 1-chome, 5-30, Minato-ku, Tokyo, 105-8512, Japan', 'Institute of Radiopharmaceutical Chemistry, Kyoritsu College of Pharmacy, Shibakoen 1-chome, 5-30, Minato-ku, Tokyo, 105-8512, Japan', 'Department of Ocean Sciences, Tokyo University of Marine Science and Technology, Minato-ku, Tokyo 108-8477, Japan', 'Institute of Molecular and Cellular Biosciences, The University of Tokyo, Bunkyo-ku, Tokyo 113- 0032, Japan']"
2005,Mar. Drugs,"['Department of Chemistry &amp; Biomolecular Sciences, Macquarie University, Sydney, NSW 2109 Australia']"
2005,Mar. Drugs,"['Graduate School of Natural Science and Technology, Kanazawa University, Kakuma-machi, Kanazawa 920-1192, Japan']"
2005,Int. J. Mol. Sci.,"['College of Applied Chemistry, China Agricultural University, Beijin 100094, China']"
2005,Molecules,"['College of Pharmacy, Catholic University of Daegu, Hayang, 712-702, Korea']"
2005,Int. J. Mol. Sci.,"['College of Applied Chemistry, China Agricultural University, Beijing 100094, P. R. China']"
2005,Sensors,"['School of Electrical and Computer Eng., National Technical University of Athens, 9, Iroon Polytechniou Str, Zografou 157 80, Athens, Greece.', 'School of Chemical Eng., National Technical University of Athens, 9, Iroon Polytechniou Str, Zografou 157 80, Athens, Greece.']"
2005,Int. J. Mol. Sci.,"['Georgia College &amp; State University, Department of Chemistry and Physics, CBX 82, Milledgeville, GA 31061, U.S.A.', 'INIFTA, Theoretical Chemistry Division, Suc.4, C.C. 16, La Plata 1900, Argentina']"
2005,Entropy,"['Applied Mathematics Department, University of Limpopo, Private Bag X1106, Sovenga 0727, South Africa']"
2005,Molecules,"['Laboratoire de Chimie Organique Pharmaceutique, CNRS–UMR 6517, Faculté de Pharmacie, 27 Bd Jean Moulin, 13385 Marseille Cx 5, France']"
2005,Molecules,"['Centro de Investigaciones de Plagas e Insecticidas, (CIPEIN-CITEFA/CONICET) J. B. De Lasalle 4397 (1603) Villa Martelli, Buenos Aires, Argentina']"
2005,Molecules,"['Institute of Pharmaceutical Sciences, Pharmaceutical Chemistry, Karl-Franzens-University, Universitätsplatz 1, A-8010 Graz, Austria', 'Institute of Chemistry, Karl-Franzens-University, Universitätsplatz 1, A-8010 Graz, Austria', 'Institute of Chemical Technology of Organic Materials, Erzherzog-Johann University, Stremayrgasse 26/1, A-8010 Graz, Austria']"
2005,Molecules,"['Chair and Laboratory of Organic Chemistry, Faculty of Pharmacy, Medical University, Banacha 1, PL 02-097 Warsaw, Poland']"
2005,Sensors,"['Cambridge University Engineering Department, Trumpington Street, Cambridge CB2 1PZ, UK', 'Technology Platform Research Center, Seiko Epson Corporation, 281 Fujimi, Fujimi-machi, Suwagun, Nagano-ken 399-0293, Japan']"
2005,Sensors,"['Department of Chemistry, Shaoguan University, Shaoguan, 512005, China', 'State Key Laboratory of Bioelectronics (Chien-Shiung Wu Laboratory), Southeast University, Nanjing 210096, China', 'Department of Chemistry, Xiangtan University, Xiangtan, 411105, China']"
2005,Sensors,"['Key Lab. of Analytical Chemistry for Life Science, Department of Chemistry, Nanjing University, Nanjing 210093, P.R. China']"
2005,Sensors,"['Department of Chemistry, Institute of Analytical Chemistry, Liaocheng University, Liaocheng, 252059, China']"
2005,Sensors,"['Department of Chemistry, Fudan University, Shanghai 200433, P. R. China', 'Shanghai Institute of Plant Physiology &amp; Ecology, Shanghai Institute for Biological Sciences, Chinese Academy of Science, Shanghai 200032, P. R. China']"
2005,Sensors,"['Department of Hematology, Institute of MDS, Zhongda Hospital, Southeast University Medical College, 87 Dingjia Bridge Hunan Road, Nanjing, 210009, PR China', 'National Laboratory for Molecular and Biomolecular Electronics (Jian-Xiong Wu Laboratory), Southeast University, Nanjing, 210096, PR China', 'Department of Chemistry, Changshu College of Jiangsu, Changshu, 215500, PR China']"
2005,Int. J. Environ. Res. Public Health,"['Dept of Toxicology, University of Bordeaux 2, 146, rue Léo-Saignat, 33076 Bordeaux, France', ""Unité de Mycologie et de Sécurité des Aliments, INRA-Centre de recherche de Bordeaux, BP 81, 33883 Villenave d'Ornon, France"", 'Laboratoire de Recherche sur les Substances Biologiquement Compatibles (LRSBC), Faculte de Medecine Dentaire, Rue Avicenne, 5019 Monastir, Tunisia', 'Department of Pharmacology and Human Physiology, Medical School, University of Bari, Policlinico, Piazza G. Cesare, 70124, Bari, Italy']"
2005,Int. J. Environ. Res. Public Health,"['U.S. Army Engineer Research and Development Center, Waterways Experiment Station, 3909 Halls Ferry Road, Vicksburg, MS 39180, USA', 'CSC, 3530 Manor Drive, Vicksburg, MS 39180, USA', 'Analytical Services, Inc., 555 Sparkman Drive, Huntsville, Alabama 35816, USA']"
2005,Int. J. Environ. Res. Public Health,"['Department of Biology/Genetics, College of Science, Engineering and Technology, Jackson State University, 1400 J.R. Lynch Street, P.O. Box 18540, Jackson, Mississippi, USA', 'Department of Chemistry, College of Science, Engineering and Technology, Jackson State University, 1400 J.R. Lynch Street, P.O. Box 18540, Jackson, Mississippi, USA']"
2005,Int. J. Environ. Res. Public Health,"['Department of Surgery, Division of Plastic Surgery, University of Mississippi Medical Center, 2500 North State Street, Jackson, Mississippi, 39216-4505, USA', 'Department of Medicine, Division of Rheumatology/Immunology, University of Mississippi Medical Center, 2500 North State Street, Jackson, Mississippi, 39216-4505, USA', 'Department of Chemistry, Jackson State University, Jackson, Mississippi 39217, USA']"
2005,Int. J. Environ. Res. Public Health,"['National Center for Toxicological Research, U.S. Food and Drug Administration, Jefferson, AR 72079, USA', 'Office of Cosmetics and Colors, Center for Food Safety and Applied Nutrition, U.S. Food and Drug Administration, College Park, MD 20740, USA', 'Department of Chemistry, Jackson State University, Jackson, MS 39217, USA']"
2005,Int. J. Environ. Res. Public Health,"['Breast Cancer Research Laboratory, Department of Biology, and NIH-Center for Environmental Health, College of Science, Engineering and Technology, Jackson State University, 1400 Lynch Street, P. O. Box 18540, Jackson, Mississippi, USA', 'Laboratory for Cancer Research, College of Pharmacy, Rutgers University, Piscataway, NJ 08855-0789, USA', 'Department of Microbiology, University of Mississippi Medical Center, Jackson, MS 39216-4505, USA']"
2005,Int. J. Environ. Res. Public Health,"['Department of Chemistry, Jackson State University, Jackson, MS 39217, USA']"
2005,Int. J. Environ. Res. Public Health,"['Department of Chemistry, Jackson State University, Jackson, MS 39217, USA', 'National Center for Toxicological Research, Jefferson, AR 72079, USA', 'Department of Chemistry, Central University for Nationalities, Beijing 100081, China']"
2005,Int. J. Environ. Res. Public Health,"['Molecular Toxicology Research Laboratory, NIH-Center for Environmental Health, College of Science, Engineering and Technology, Jackson State University, 1400 Lynch Street, P.O. Box 18540, Jackson, Mississippi, USA', 'Louisiana State University Agricultural Experiment Station, Hill Farm Research Station, 11959 Highway 9, Homer, Louisiana, USA']"
2005,Int. J. Environ. Res. Public Health,"['Molecular Toxicology Research Laboratory, NIH-Center for Environmental Health, College of Science, Engineering and Technology, Jackson State University, 1400 Lynch Street, P.O. Box 18540, Jackson, Mississippi, USA', 'Louisiana State University Agricultural Experiment Station, Hill Farm Research Station, 11959 Highway 9, Homer, Louisiana, USA']"
2005,Int. J. Environ. Res. Public Health,"['National Center for Toxicological Research, Jefferson, AR 72079, USA']"
2005,Int. J. Environ. Res. Public Health,"['Environmental and Molecular Toxicology Laboratory, Centre for Environment, Institute of Science and Technology, Jawaharlal Nehru Technological University, Kukatpally, Hyderabad – 500 072, Andhra Pradesh, India', 'Scientist E-II, Toxicology Unit, Biology Division, Indian Institute of Chemical Technology, Hyderabad 500 007, India', 'Director, Institute of Science and Technology, Jawaharlal Nehru Technological University, Kukatpally, Hyderabad-500 072, Andhra Pradesh, India']"
2005,Int. J. Environ. Res. Public Health,"['Department of Biology, Jackson State University, 1400 J. R. Lynch Street, P.O. Box 18540, Jackson, MS 39217, USA', 'Pharmaceutical Products Development, Inc. (PPD), 980 Harvest Dr., Suite 130, Blue Bell, PA 19422, USA']"
2005,Int. J. Environ. Res. Public Health,"['Molecular Biology Research Laboratory, NIH-Center for Environmental Health, College of Science, Engineering and Technology, Jackson State University, 1400 J R Lynch Street, Jackson, Mississippi 39217, USA', 'Breast Cancer Research Laboratory, NIH-Center for Environmental Health, College of Science, Engineering and Technology, Jackson State University, 1400 J R Lynch Street, Jackson, Mississippi 39217, USA', 'Chemistry Research Laboratory, NIH-Center for Environmental Health, College of Science, Engineering and Technology, Jackson State University, 1400 J R Lynch Street, Jackson, Mississippi 39217, USA']"
2005,Int. J. Environ. Res. Public Health,"['Department of Metallurgical and Materials Engineering, The University of Texas at El Paso, El Paso, Texas 79968, USA', 'Department of Biological Sciences, The University of Texas at El Paso, El Paso, Texas 79968, USA', 'Southwest Allergy and Asthma Associates, P.A., 10501 Vista del Sol, Suite 114, El Paso, Texas 79925, USA']"
2005,Int. J. Environ. Res. Public Health,"['Dept. of Biology, Xavier University of Louisiana, 1 Drexel Dr. New Orleans, LA 70125, USA', 'Tulane Cancer Center SL-66, Dept. of Epidemiology, Tulane University Health Sciences Center, 1430 Tulane Ave., New Orleans, LA 70112, USA']"
2005,Int. J. Environ. Res. Public Health,"['Nelson Institute of Environmental Medicine, New York University, School of Medicine, 57 Old Forge Road, Tuxedo, New York 10987, USA']"
2005,Int. J. Environ. Res. Public Health,"['Div. of Environmental Health Sciences, University of Minnesota School of Public Health, Minneapolis, MN 55455, USA', 'Minnesota Department of Health, Minneapolis MN 55440-9441, USA']"
2005,Int. J. Environ. Res. Public Health,"['National Institutes of Health RCMI-Center for Environmental Health. College of Science, Engineering and Technology, Jackson State University, Jackson, Mississippi 39217, USA']"
2005,Entropy,"['30 Vershinina St., apt. 24, Tomsk, 634041 Russia']"
2005,Sensors,"['College of Chemistry and Environment Science, Department of Environment Science, Nanjing Normal University, Nanjing, 210097, P. R. China', 'State Key Laboratory of Reuse and Control of Pollution, College of Environment Science, Nanjing University, Nanjing, 210093, P. R. China']"
2005,Sensors,"['Department of Chemistry, Nanjing Normal University, Nanjing 210097, China']"
2005,Sensors,"['Department of Chemistry and Department of Physics, University of Missouri-Kansas City, 20045110 Rockhill Road, Kansas City, Missouri 64110 USA']"
2005,Sensors,"['Key Laboratory of Chemical Biology &amp; Traditional Chinese Medicine Research (Hunan Normal University), Ministry of Education, Hunan Normal University, Changsha 410081, PR China']"
2005,Sensors,"['Department of Physics, University of Puerto Rico, Mayaguez, PR00681, USA', 'F.Ioffe physical-Technical Institute, Russian Academy of Sciences, Saint-Petersburg 194021, Russia', 'Department of Physics, University of Puerto Rico, Rio Piedras, PR00931, USA']"
2005,Sensors,"['Department of Chemistry, Faculty of Science, Kanazawa University, Natural Science Hall 1, Kakuma, Kanazawa, Ishikawa 920-1192, Japan', 'State Key Laboratory of Coordination Chemistry, Department of Chemistry, Institute of Chemical Biology, Nanjing University, Nanjing 210093, PR China']"
2005,Sensors,"['Department of Chemistry, Faculty of Science, Kanazawa University, Kakuma, Kanazawa, Ishikawa 920-1192, Japan']"
2005,Mar. Drugs,"['Graduate School of Natural Science and Technology, Kanazawa University, Kakuma-machi, Kanazawa 920-1192, Japan']"
2005,Sensors,"['Dongguan University of Technology, Dongguan 523106, P. R. China']"
2005,Sensors,"['UNESCO Laboratory of Environmental Electrochemistry, Department of Analytical Chemistry, Charles University, 128 43 Prague 2, Czech Republic', 'CESTEH/ENSP/FIOCRUZ, Rua Leopoldo Bulhoes, 1480 Manguinhos, 21041-210 Rio de Janeiro, Brazil']"
2005,Sensors,"['Ivanovo State University of Chemistry and Technology, pr. F. Engel’sa,7, Ivanovo, Russia', 'Institute of Chemistry of Solutions RAS, Akademicheskaya, 1, Ivanovo, Russia, 153045.', 'E.N.S.T.A., 32 Boulevard Victor 75739 Paris Cedex France, E-mail ']"
2005,Math. Comput. Appl.,"['Department of Mathematics, Ege University, 35100, Bornova, Izmir, Turkey']"
2005,Math. Comput. Appl.,"['Department of Mechanical Engineering, King Fahd University of Petroleum &amp; Minerals Dhahran, 31261, Saudi Arabia']"
2005,Math. Comput. Appl.,"['King Saud University, College of Computer and Information Sciences, P.O.Box 51178, Riyadh, 11543, Saudi Arabia']"
2005,Math. Comput. Appl.,"['King Saud University, College of Computer and Information Sciences, P.O.Box 51178, Riyadh, 11543, Saudi Arabia']"
2005,Math. Comput. Appl.,"['Ankara University, Faculty of Sciences, Department of Mathematics, 06100 Tandogan, Ankara, Turkey']"
2005,Math. Comput. Appl.,"['Ankara University, Faculty of Science Department of Mathematics, 06100 Tandogan, Ankara, Turkey']"
2005,Math. Comput. Appl.,"['Faculty of Mechanical Engineering, Istanbul Technical University, 34439 Gumussuyu, Istanbul, Turkey']"
2005,Math. Comput. Appl.,"['Faculty of Aeronautics and Astronautics, Istanbul Technical University 34469, Maslak, Istanbul, Turkey']"
2005,Math. Comput. Appl.,"['Department of Electrical and Electronics Engineering, Kahramanmaraş Sütçü İmam University, 46100 Kahramanmaraş, Turkey', 'Department of Electrical and Electronics Engineering, Sakarya University 54187 Sakarya, Turkey']"
2005,Math. Comput. Appl.,"['Hacettepe University, Faculty of Science Department of Statistics, 06532, Beytepe, Ankara']"
2005,Math. Comput. Appl.,"['Ankara University, Faculty of Science Department of Mathematics, 06100 Tandogan, Ankara, Turkey']"
2005,Math. Comput. Appl.,"['Osmangazi University, Physics Department, 26480, Eskişehir-TURKEY']"
2005,Math. Comput. Appl.,"['Department of Civil Engineering, Dokuz Eylul University, 35160, Izmir, Turkey']"
2005,Sensors,"['University of Applied Sciences Aachen (Division Jülich), Laboratory for Chemical Sensors and Biosensors, Ginsterweg 1, 52428 Jülich, Germany', 'Institute of Thin Films and Interfaces, Research Centre Jülich, 52425 Jülich, Germany']"
2005,Sensors,"['Department of Theory of Electrical Engineering and Measurement, Technical University of Košice, Park Komenského 3, 043 89 Košice, Slovakia']"
2005,Molecules,"['Department of Chemistry, Erciyes University, 38039, Kayseri, Turkey', 'Department of Chemistry, Kocaeli University, 41300, Izmit, Turkey']"
2005,Molecules,"['Hokkaido University, Graduate School of Agriculture, Kita-9, Nishi-9, Kita-ku, Sapporo 0608589, Japan', 'Institute of Organic Chemistry with Centre of Phytochemistry, Bulgarian Academy of Sciences, ""Acad. G. Bonchev"" Str., bl.9, Sofia 1113, Bulgaria']"
2005,Sci. Pharm.,"['Anadolu University, Faculty of Pharmacy, Department of Pharmaceutical Technology, 26470, Eskişehir, Turkey']"
2005,Sci. Pharm.,"['Department of Pharmacognosy, University of Viennea, Althanstrasse 14, A-1090, Vienna, Austria']"
2005,Sci. Pharm.,"['Department of Pharmaceutical Chemistry, University of Vienna, Althanstrasse 14, A-1090 Vienna, Austria', 'University of Food Technology, Department of Essential Oils, 26 MaritzaBoulevard, 4002 Plovdiv, Bulgaria', 'KurKtit zing GmbH, Hinterm Alten Schloss 21, D-86757 Wallerstein, Germany', 'SHIMADZU Germany, Department of GC and GCIMS, Albert-Hahn-Strasse 6-10, D-47269 Duisburg, Germany']"
2005,Sci. Pharm.,"['Department of Physical Chemistry of Drugs, Faculty of Pharmacy, Comenius University, Odbojarov 10, 832 32 Bratislava, Slovak Republic']"
2005,Entropy,"['Área de Física de Procesos Irreversibles, Dpto. de Ciencias Básicas Universidad Autónoma Metropolitana-Atzcapotzalco Av. San Pablo 180, Col. Reynosa, 02200, D.F., México']"
2005,Mar. Drugs,"['ICBAS- Instituto de Ciências Biomédicas de Abel Salazar and CIIMAR, Universidade do Porto, 4099-003 Porto, Portugal', 'Centro de Estudos de Química Orgânica, Fitoquímica e Farmacologia da Universidade do Porto, Faculdade de Farmácia, Rua Anibal Cunha 164, 4050-047, Porto, Portugal', 'Department of Chemistry and Biochemistry, Florida State University,Tallahassee, FL 32306-4390, USA']"
2005,Mar. Drugs,"['School of Pharmacy and Molecular Sciences, James Cook University, Townsville 4811, Qld.,Australia']"
2005,Mar. Drugs,"['Graduate School of Pharmaceutical Sciences, Hokkaido University, Sapporo 060-0812, Japan', 'Graduate School of Agriculture, Hokkaido University, Sapporo 060-8589, Japan']"
2005,Entropy,"['Department of Physics, Zanjan University, P.O.Box 45196-313, Zanjan, Iran']"
2005,Sensors,"['NASA / Jet Propulsion Laboratory, 4800 Oak Grove Drive, Pasadena, California 91109-8099, USA', 'Department of Hydrology and Water Resources, University of Arizona, Tucson, AZ 85721, USA']"
2005,Sensors,"['Physical Department, Institute of Ministry of Internal Affairs, Patriotov pr., 53, 394065 Voronezh, Russia']"
2005,Sensors,"['College of Communication Engineering, Chongqing University, Chongqing, P.R. China 400044', 'School of Engineering, University of Guelph, Guelph, ON, Canada, N1G 2W1']"
2005,Sensors,"['Department of Chemistry and Biochemistry and 6 Botany and Plant Physiology, Mendel University of Agriculture and Forestry, Zemedelska 1, 611 37 Brno, Czech Republic', 'Univ. Karlsruhe, Zool. Inst. Okol Parasitol 1, Karlsruhe, D-76128 Germany', 'Department of Theoretical and Physical Chemistry, Masaryk University, Faculty of Science, Kotlarska 2, 611 37 Brno, Czech Republic', 'Department of Analytical Chemistry, Masaryk University, Faculty of Science, Kotlarska 2, 611 37 Brno, Czech Republic', 'Laboratory of Biophysical Chemistry and Molecular Oncology, Institute of Biophysics, Academy of Sciences of the Czech Republic, Kralovopolska 135, Brno 612 65, Czech Republic']"
2005,Sensors,"['University of Potsdam, Institute of Chemistry, Karl-Liebknecht-Str. 24-25, D-14476 Potsdam-Golm, Germany']"
2005,Sensors,"['Pacific Northwest National Laboratory, 902 Battelle Boulevard, P.O. Box 999, Richland, WA, 99352, USA']"
2005,Sensors,"['Burge Environmental, 6100 Burge Environmental South Maple, Suite 141, Tempe, AZ 85283, USA', 'Pacific Northwest Laboratory, 3110 Port of Benton Blvd., Richland, WA 99354, USA', 'Bechtel Nevada, P.O. 98521, MS NTS 188, Las Vegas, NV 89193, USA']"
2005,Sensors,"['Sandia National Laboratories, P.O. Box 5800, Albuquerque, NM 87185, USA.']"
2005,Molecules,"['Chemistry Department, Faculty of Science, Al-Azhar University of Gaza, P.O. Box-1277, Gaza, Palestine', 'Chemistry Department, Faculty of Science, Islamic University of Gaza, P.O. Box-108, Gaza, Palestine']"
2005,Molecules,"['Department of Chemistry, Faculty of Science, Fırat University, 23119, Elazıg, Turkey']"
2005,Molecules,"['Department of Organic Chemistry, Faculty of Pharmacy and Biochemistry, University of Buenos Aires, Junín 956 (1113), Buenos Aires, Argentina']"
2005,Molecules,"['State Key Laboratory and Institute of Elemento-Organic Chemistry, Nankai University, Tianjin, 300071, P.R. China']"
2005,Molecules,"['Chien-Shiung Wu Laboratory, Department of Biological Science and Medical Engineering, Southeast University, Nanjing 210096, P.R. China']"
2005,Molecules,"['Department of Organic Chemistry, Kaunas University of Technology, Radvilenu pl. 19, LT-50299 Kaunas, Lithuania', 'Institute of Biochemistry, LT-08662 Vilnius, Mokslininku 12, Lithuania']"
2005,Molecules,"['Chair and Laboratory of Organic Chemistry, Faculty of Pharmacy, Medical University, 1 Banacha Street, PL 02-097 Warsaw, Poland']"
2005,Molecules,"['Chair and Laboratory of Organic Chemistry, Faculty of Pharmacy, Medical University, Banacha 1, PL02-097 Warsaw, Poland']"
2005,Molecules,"['Dipartimento di Chimica Organica “E. Paternò”, Università di Palermo, Viale delle Scienze, Parcod’Orleans II, Pad. 17, 90128, Palermo, Italy']"
2005,Molecules,"['Department of Chemistry, Rize Faculty of Arts and Science, Karadeniz Technical University, 53100,Rize, Turkey']"
2005,Molecules,"['Department of Chemistry, University of Cape Town, Rondebosch 7701, South Africa', 'Centre of Organic Chemistry “C. D. Nenitzescu”, Romanian Academy, Spl. Independentei 202B,Bucharest 060023, Romania']"
2005,Molecules,"['UMR “Chirotechnologies: Catalyse et Biocatalyse”, Université Paul Cézanne Aix-Marseille III, 13397 Marseille CEDEX 20 France']"
2005,Molecules,"['Centre of Organic Chemistry ""C. D. Nenitzescu"", Romanian Academy, Spl. Independentei 202B, Bucharest 060023, Romania', 'Department of Chemistry, University of Cape Town, Rondebosch 7701, South Africa']"
2005,Molecules,"['Department of Chemistry, University of Burgos, 09001 Burgos, Spain']"
2005,Entropy,"['Erciyes Üniversitesi Mühendislik Fakültesi, 38039 Kayseri,Turkey']"
2005,Int. J. Mol. Sci.,"['Saarland University, Pharmaceutical and Medicinal Chemistry, Im Stadtwald, Building 32, D-66123 Saarbruecken, Germany', 'University of Tuebingen, Institute of Organic Chemistry, Auf der Morgenstelle 18, D-72076, Tuebingen, Germany']"
2005,Int. J. Mol. Sci.,"['Department of Chemistry, Agricultural University (SGGW), 02-776 Warsaw, Poland', 'Faculty of Chemistry, University of Gdańsk, 80-952 Gdańsk, Poland', 'Interdisciplinary Department of Biotechnology, Agricultural University (SGGW), 02-776 Warsaw, Poland']"
2005,Int. J. Mol. Sci.,"['Departamento de Química and 2 Departamento de Engenharia Química e Engenharia de Alimentos, Universidade Federal de Santa Catarina, 88040-670 Florianópolis, SC, Brazil', 'Departamento de Física, Universidade Federal do Paraná, Centro Politécnico, 81531-970 Curitiba, PR, Brazil']"
2005,Int. J. Mol. Sci.,"['School of Pharmacy and Chemistry, Liverpool John Moores University, Byrom Street, Liverpool L 3 3AF, UK']"
2005,Int. J. Mol. Sci.,"['Physical Organic Chemistry Unit, Stratingh Institute University of Groningen, Nijenborgh 4, 9747 AG Groningen, The Netherlands']"
2005,Int. J. Mol. Sci.,"['Department of Organic Chemistry, Facultad de Ciencias Exactas, Universidad de Buenos Aires. Pab. II, P. 3, Ciudad Universitaria, 1428 Buenos Aires, Argentina']"
2005,Int. J. Mol. Sci.,"['Department of Chemistry, Hanyang University, Ansan, Kyunggi-Do 425-791, Korea', 'Department of Chemistry and Biochemistry, Northern Illinois University, DeKalb, Illinois 60115-2862, USA']"
2005,Int. J. Mol. Sci.,"['Division of Infectious Diseases, Faculty of Medicine, University of British Columbia, 2733, Heather street, Vancouver, British Columbia, V5Z 3J5, Canada']"
2005,Int. J. Mol. Sci.,"['Department of Chemistry, Technical &amp; Agricultural University, Seminaryjna 3, PL-85-326 Bydgoszcz, Poland', 'Department of Chemistry, P.O. Box 35, FIN-40014, University of Jyväskylä, Finland']"
2005,Int. J. Mol. Sci.,"['Department of Chemistry, University of Warsaw, Pasteura 1, 02-093 Warsaw, Poland']"
2005,Int. J. Mol. Sci.,"['Joint Laboratory of Solid State Chemistry, Academy of Sciences of the Czech Republic, University of Pardubice, 532 10 Pardubice, Czech Republic', 'Department of Physical Chemistry, Palacky University, 771 46 Olomouc, Czech Republic', 'Department of Organic Chemistry, University of Pardubice, 532 10 Pardubice, Czech Republic']"
2005,Int. J. Mol. Sci.,"['Department of Materials Science and Chemical Engineering, Faculty of Engineering, Yokohama National University, Hodogaya-ku, Yokohama 240-8501, Japan', 'Kanagawa High-Technology Foundation, KSP Bldg. E-201, Kawasaki 213-0012, Japan']"
2005,Int. J. Mol. Sci.,"['Department of Chemistry, Warsaw University, Pasteura 1, 02-093 Warszawa, Poland']"
2005,Int. J. Mol. Sci.,"['29A, Meadowfields, Whitby, North Yorkshire, YO21 1QF, UK']"
2005,Int. J. Mol. Sci.,"['Department of Chemistry, University of Warsaw, Pasteura 1, 02-093 Warsaw, Poland']"
2005,Molecules,"['Graduate School of Pharmaceutical Sciences, Hokkaido University, Sapporo 060-0812, Japan']"
2005,Molecules,"['aboratoire de Chimie Organique Pharmaceutique, CNRS–UMR 6517, Faculté de Pharmacie, 27 Bd Jean Moulin, 13385 Marseille Cx 5, France']"
2005,Molecules,"['Department of Organic Chemistry, Faculty of Chemical Engineering and Technology, University of Zagreb, Marulićev trg 20, 10000 Zagreb, Croatia']"
2005,Molecules,"['College of Pharmaceuticals and Biotechnology, Tianjin University, Tianjin, 300072, P.R. China', 'Shenzhen Graduate School of Peking University, Shenzhen University Town, Shenzhen, 518055, P.R. China']"
2005,Molecules,"['Institute of Chemistry, Slovak Academy of Sciences, Dúbravská cesta 9, SK-845 38 Bratislava, Slovakia', 'Department of Environmental Inorganic Chemistry, Chalmers University of Technology, SE-41296 Göteborg, Sweden']"
2005,Molecules,"['Department of Chemistry, Rikkyo University, Nishi-Ikebukuro, Toshima-ku, Tokyo 171-8501, Japan']"
2005,Molecules,"['State Key Laboratory of Applied Organic Chemistry, Lanzhou University, Lanzhou 730000, P. R. China']"
2005,Molecules,"['Laboratory of Organic Chemistry, Chemistry Department, University of Thessaloniki, Thessaloniki 54124, Greece']"
2005,Molecules,"['Institut Européen de Chimie et Biologie and Laboratoire de Chimie des Substances Végétales, Centre de Recherche en Chimie Moléculaire, Université Bordeaux 1, France']"
2005,Molecules,"['Chair and Laboratory of Organic Chemistry, Faculty of Pharmacy, Medical University, 1 Banacha Street, PL 02-097 Warsaw, Poland']"
2005,Molecules,"['Division of Molecular Chemistry, Graduate School of Engineering, Hokkaido University, Sapporo 060-8628, Japan']"
2005,Molecules,"['Laboratory of Organic Chemistry, College of Engineering, University of Thessaloniki, Thessaloniki, GR-54124, Greece']"
2005,Molecules,"['Graduate School of Pharmaceutical Sciences, Osaka University. 1-6 Yamadaoka, Suita, Osaka 565-0871, Japan', 'National Institute of Health Sciences, Osaka Branch Fundamental Research Laboratories for Development of Medicine. 7-6-8 Saito-Asagi, Ibaraki, Osaka 567-0085 Japan']"
2005,Molecules,"['Centro Galénico, Universidad de Navarra, 31080 – Pamplona (Spain)']"
2005,Molecules,"['School of Pharmacy, 30, Quai E. Ansermet, CH-1211 Geneva 4, Switzerland', 'Centro Galénico, Farmacia y Tecnología Farmacéutica, Universidad de Navarra; Ap. 177, 31080 – Pamplona, Spain']"
2005,Molecules,"['Department of Chemistry and Technology of Biologically Active Compounds, University of Rome “La Sapienza”, P.le Aldo Moro, 00185 Rome, Italy', 'Department of Sciences and Chemical Technologies, University of Rome “Tor Vergata”, Via de la Ricerca Scientifica, 00133 Rome, Italy', 'Department of Chemical Engineering, Environment and Raw Materials, University of Trieste, P.le Europa 1, 34127 Trieste, Italy']"
2005,Molecules,"['Departamento de Farmacia, Facultad de Ciencias Bioquimícas y Farmaceúticas, Universidad Nacional de Rosario, Suipacha 531, 2000. Rosario, Argentina']"
2005,Molecules,"['MDPI Centre, Matthaeusstrasse 11, CH-4057 Basel, Switzerland']"
2005,Sensors,"['Department of Chemistry, Nanjing University, Nanjing, 210093, P. R. China']"
2005,Entropy,"['Imec v.z.w., Vakgroep voor elektronika en informatiesystemen, Universiteit Gent, Sint Pieters-nieuwstraat 41, B-9000 Gent, Belgium']"
2005,Entropy,"['Dipartimento di Matematica Pura ed Applicata, Università di Padova, via Belzoni, 7 -- 35131 Padova, Italy']"
