Year,Journal,Affiliations
2001,Molecules,"['MDPI, Kandererstrasse 25, CH-4057 Basel, Switzerland']"
2001,Molecules,"['MDPI, Kandererstrasse 25, CH-4057 Basel, Switzerland']"
2001,Molecules,"['MDPI, Saengergasse 25, CH-4054 Basel, Switzerland']"
2001,Molecules,"['MDPI, Kandererstrasse 25, CH-4057 Basel, Switzerland']"
2001,Molecules,"['MDPI, Kandererstrasse 25, CH-4057 Basel, Switzerland']"
2001,Molecules,"['MDPI, Kandererstrasse 25, CH-4057 Basel, Switzerland']"
2001,Molecules,"['MDPI, Kandererstrasse 25, CH-4057 Basel, Switzerland']"
2001,Molecules,"['MDPI, Kandererstrasse 25, CH-4057 Basel, Switzerland']"
2001,Molecules,"['MDPI, Kandererstrasse 25, CH-4057 Basel, Switzerland']"
2001,Molecules,"['MDPI, Kandererstrasse 25, CH-4057 Basel, Switzerland']"
2001,Molecules,"['MDPI, Kandererstrasse 25, CH-4057 Basel, Switzerland']"
2001,Molecules,"['MDPI, Kandererstrasse 25, CH-4057 Basel, Switzerland']"
2001,Molecules,"['MDPI, Kandererstrasse 25, CH-4057 Basel, Switzerland']"
2001,Sci. Pharm.,"['Faculty of Pharmaceutical Sciences, Nagoya City University, 3-1 Tanabe Dori, Mizuho-ku, Nagoya 467, Japan', 'Depart. of Pharmacy, Mongolian Medical University, Ulaanbaatar-3, Mongolia', 'Institute of Chemistry and Chemical Technology, Mongolian Academy of Sciences, Ulaanbaatar-51, Mongolia']"
2001,Sci. Pharm.,"['Institut für Pharmazeutische Chemie der Westfälischen Wilhelms-Universität Münster, Hittorfstr. 58-62, D-48149 Münster, Bundesrepublik Deutschland']"
2001,Sci. Pharm.,"['Department of Pharmaceutical Chemistry, College of Pharmacy, King Saud University, P.O. Box 2457, Riyadh-11451 Saudi Arabia']"
2001,Sci. Pharm.,"['Institut für Pharmazeutische Chemie der Universität Wien, Althanstraβe 14, A-1090 Wien, Österreich']"
2001,Sci. Pharm.,"['Institut für Pharmazeutische Chemie der Universität Wien A-1090 Wien, Althanstraße 14', 'Herrn em.o.Univ.Prof.Dr.Wilhelm Fleischhacker mit den besten Wünschen zum 70.Gcburtstag gewidmet']"
2001,Sci. Pharm.,"['Institut für Pharmazeutische Chemie Universität Wien Althanstraße 14, A-1090 Wien', 'Herrn cm. Univ.-Prof. Dr. W. Fleischhacker mit den besten Wünschen zum 70. Geburtstaggewidmet.']"
2001,Sci. Pharm.,"['Institut für Pharmazeutische Chemie der Universität Wien, Althanstrasse 14, 1090 Wien, Österreich', 'Krankenanstalt Rudolfstiftung , Abteilung für Innere Medizin I und Onkologie, Boerhaavegasse 13, 1030 Wien, Österreich', 'Dep. of Pharmacokineties , Hoffmann La Roche AG, Grenzacherstrasse 124, 4070 Basel, Schweiz', 'Herm Univ. Prof Dr. Dr. h.c. W. Fleischhacker in Dankbarkeit zu seinem 70. Geburtstag gewidmet']"
2001,Sci. Pharm.,"['Institut für Pharmazeutische Chemie der Technischen Universität Braunschweig, Beethovenstraße 55, D-38106 Braunschweig', 'Institut für Anorganische und Analytische Chemie der Technischen Universität Braunschweig, Hagenring 30, D-38106 Braunschweig', 'Institut für Pharmazeutische Chemie und Pharmazeutische Technologie der Karl-Franzens-Universität Graz, Schubertstraße 1, A-8010 Graz', 'Herrn Univ.-Prof. Dr. Dr. h.c. W. Fleischhacker mit den besten Wünschen zum 70. Geburtstag gewidmet.']"
2001,Sci. Pharm.,"['Institut für Pharmazeutische Chemie der Westfälischen Wilhelms-Universität Münster, Hittorfstr. 58-62, D-48149 Münster, Bundesrepublik Deutschland']"
2001,Sci. Pharm.,"['Institut für Pharmazie, Abteilung für Pharmazeutische Chemie, Universität Hamburg, Bundesstrasse 45, 20146 Hamburg, Germany']"
2001,Sci. Pharm.,"['Institut für Pharmazie der Freien Universität Berlin, Königin-Luise-Str. 2+4, D-14195 Berlin-Oahlem']"
2001,Molecules,"['Unité de physique et de chimie des hauts polymères, Université catholique de Louvain, Bâtiment Bolztmann, Place Croix du Sud, 1, B-1348 Louvain-la-Neuve, Belgium', 'Unité CSTR, Université catholique de Louvain, Bâtiment Lavoisier, Place Louis Pasteur, 1, B-1348 Louvain-la-Neuve, Belgium']"
2001,Molecules,"['Institute of Organic Chemistry, VUT, A-1060 Vienna, Getreidemarkt 9, Austria']"
2001,Molecules,"['Institute of Chemistry, University of Podlasie, ul. 3 Maja 54, PL-08-110 Siedlce, Poland']"
2001,Molecules,"['Laboratoire de Chimie Bioorganique &amp; Analytique, Université Hassan II-Mohammedia, FST, BP 146, 20 650, Mohammedia, Maroc']"
2001,Molecules,"['Laboratoire de Chimie Bioorganique &amp; Analytique, Université Hassan II-Mohammedia, FST, BP 146, 20 650, Mohammedia, Maroc']"
2001,Molecules,"['Department of Chemistry, Marquette University, P O Box 1881, Milwaukee, WI 53201-1881, USA']"
2001,Molecules,"['Department of Chemistry, Marquette University, P O Box 1881, Milwaukee, WI 53201-1881, USA']"
2001,Molecules,"['Laboratoire de Chimie de Coordination, Faculté des Sciences Semlalia, BP 2390 Marrakech Morocco']"
2001,Molecules,"['Laboratoire de Chimie de Coordination, Faculté des Sciences Semlalia, BP 2390 Marrakech Morocco']"
2001,Molecules,"['Industrial Research Ltd., P.O.Box 31 310, Lower Hutt, New Zealand']"
2001,Molecules,"['Industrial Research Ltd., P.O.Box 31 310, Lower Hutt, New Zealand']"
2001,Molecules,"['Laboratory for Drug Design and Synthesis, Department of Chemistry &amp; Biochemistry, University of Maryland, Baltimore County, 1000 Hilltop Circle, Baltimore, MD 21250, USA', 'Nabi, 12280 Wilkins Avenue, Rockville, MD 20852, USA']"
2001,Molecules,"['Department of Chemistry, Faculty of Science, United Arab Emirates University, P.O.Box 17551 Al-Ain, UAE']"
2001,Molecules,"['Department of Chemistry, Faculty of Science, United Arab Emirates University, P.O.Box 17551 Al-Ain, UAE']"
2001,Molecules,"['Department of Chemistry, Faculty of Science, United Arab Emirates University, P.O.Box 17551 Al-Ain, UAE']"
2001,Molecules,"['Farchemia s.r.l , Via Bergamo 121 I-24047 Treviglio (Bg), Italy', 'I.Co.E.A.-CNR, Via Gobetti 101, 40121 Bologna, Italy']"
2001,Molecules,"['Department of Chemistry, Sichuan Normal University, Chengdu, 610066, China']"
2001,Molecules,"['Department of Chemistry, Sichuan Normal University, Chengdu, 610066, China']"
2001,Molecules,"['Department of Chemistry, Sichuan Normal University, Chengdu, 610066, China']"
2001,Molecules,"['Department of Chemistry, Sichuan Normal University, Chengdu, 610066, China']"
2001,Molecules,"['Department of Chemistry, Sichuan Normal University, Chengdu, 610066, China']"
2001,Molecules,"['Department of Chemistry, Sichuan Normal University, Chengdu, 610066, China']"
2001,Molecules,"['Department of Chemistry, Southeast Missouri State University, MS 6400, One University Plaza, Cape Girardeau, Missouri, 63701, USA']"
2001,Molecules,"['Laboratory of Organic Chemistry, Departement of Chemistry, Faculty of Sciences, University Mohammed V,BP 1014-Rabat, Morocco']"
2001,Molecules,"['Industrial Research Ltd., P.O.Box 31 310, Lower Hutt, New Zealand']"
2001,Molecules,"['Industrial Research Ltd., P.O.Box 31 310, Lower Hutt, New Zealand']"
2001,Molecules,"['Chemistry &amp; Chemical Engineering Research Center of Iran, P.O. Box 14335-186, Tehran, Iran']"
2001,Int. J. Mol. Sci.,"['Molecular Diversity Preservation International (MDPI), Kandererstrasse 25, CH-4057 Basel, Switzerland']"
2001,Int. J. Mol. Sci.,"['Molecular Diversity Preservation International (MDPI), Kandererstrasse 25, CH-4057 Basel, Switzerland']"
2001,Entropy,"['Department of Mathematical Stochastics, University of Karlsruhe, Englerstrasse 2, D-76128 Karlsruhe, Germany']"
2001,Entropy,"['Molecular Diversity Preservation International (MDPI), Saengergasse 25, CH-4054 Basel, Switzerland']"
2001,Entropy,"['MDPI, Kandererstrasse 25, CH-4057 Basel, Switzerland']"
2001,Int. J. Mol. Sci.,"['J. Heyrovský Institute of Physical Chemistry, Academy of Sciences of the Czech Republic, Dolejškova 3, 18223 Prague 8, Czech Republic', 'Department of Chemical Physics, Faculty of Mathematics and Physics, Comenius University, 84215 Bratislava, Slovakia']"
2001,Sensors,"['Department of Chemistry, Graduate School, The University of Science and Technology of China, Academia Sinica, Beijing, 100039, P. R. China']"
2001,Sensors,"['Physical Electrochemistry Laboratory, Department of Chemistry, Nasr Institute of Advanced Materials Science, University of Dublin, Trinity College, Dublin 2, Ireland']"
2001,Math. Comput. Appl.,"['Department of Mechanical Engineering, Celal Bayar University, 45140 Muradiye, Manisa, Turkey']"
2001,Math. Comput. Appl.,"['Department of Applied Mathematics, Z.H. College of Engineering and Technology, Aligarh Muslim University, Aligarh-202002 (U.P), India']"
2001,Math. Comput. Appl.,"['Erciyes University, Faculty of Science and Art, Department of Mathematics, Kayseri 38039, Turkey']"
2001,Math. Comput. Appl.,"['Mathematics Department, Govt. Arts &amp; Science PG College, Ratlam-457001, India']"
2001,Math. Comput. Appl.,"['Department of Applied Mathematics, Shri G.S. Institute of Technology and Science, Indore (M.P.) 452 003, India']"
2001,Math. Comput. Appl.,"['Ege University, Mathematics Department, 35100 Bornova, Izmir, Turkey']"
2001,Entropy,"['School of Computing and Information Systems, Kingston University, Penrhyn Road, KT1 2EE, UK']"
2001,Molecules,"['Laboratorio de Estudio de Compuestos Orgánicos (LADECOR), Departamento de Química, Facultad de Ciencias Exactas, Universidad Nacional de La Plata. Calles 47 y 115, (1900) La Plata, Argentina', 'Centro de Investigación y Desarrollo en Procesos Catalíticos (CINDECA), Departamento de Química, Facultad de Ciencias Exactas, Universidad Nacional de La Plata. Calle 47 Nº 257, (1900) La Plata, Argentina', 'Departamento de Ingeniería Química, Universidad de Buenos Aires. Pabellón de Industrias. (1428) Ciudad Universitaria. Buenos Aires, Argentina']"
2001,Molecules,"['National Key Laboratory of Applied Organic Chemistry and Department of Chemistry, Lanzhou University, Lanzhou 730000, China', 'Department of Chemistry, Zhengzhou University, ZhengZhou 450052, China', 'Department of Applied Oil Engineering, Logistical Engineering University, Chongqing 400042, China', 'Department of Chemical Engineering, Anyang University, Anyang 455000, China']"
2001,Molecules,"['Department of Chemistry, Isfahan University, Isfahan 81744, Iran']"
2001,Molecules,"['Centre for Natural Products, SPIC Science Foundation, Guindy, Chennai 600 032, India', 'Department of Chemistry, Guru Nanak College, Velachery, Chennai 600 042, India']"
2001,Molecules,"['Department of Chemistry, Norwegian University of Science and Technology, N-7491 Trondheim, Norway']"
2001,Molecules,"['Department of Chemistry, Norwegian University of Science and Technology, N-7491 Trondheim, Norway']"
2001,Molecules,"['Institute of Organic Chemistry, University of Tartu, Jakobi 2, Tartu, 51014, Estonia']"
2001,Molecules,"['Institute of Organic Chemistry, VUT, A-1060 Vienna, Getreidemarkt 9, Austria', 'Iconix Pharmaceuticals, Inc., 830 Maude Avenue, Mountain View, CA 94043, USA']"
2001,Molecules,"['Chair and Laboratory of Organic Chemistry (L.S.) and Department of Physical Chemistry (P.W.), Faculty of Pharmacy, Medical University, PL 02-097 Warsaw, Poland']"
2001,Sensors,"['Institute for Energy and Nuclear Research – Center of Environmental Chemistry - Travessa R, 400 - CEP 05508-900 - São Paulo, SP, Brazil']"
2001,Entropy,"['Institut für Theoretische Physik, Universität zu Köln, Zülpicher Str.77, D-50937 Köln, Germany', 'Department of Applied Physics, Faculty of Science, Tokyo Institute of Technology, Oh-okayama, Meguro-ku, Tokyo,152-8551, Japan']"
2001,Entropy,"['Interactive Life Science Laboratory and Section for Immunotherapy, University of Oslo at the Norwegian Radium Hospital, 0310 Oslo, Norway']"
2001,Entropy,"['Electrical and Computer Engineering Department, Drexel university, Philadelphia, PA 19104. USA']"
2001,Int. J. Mol. Sci.,"['Institute of Solid State Physics, University of Latvia, Kengaraga 8, LV-1063 Riga, Latvia', 'Materials Chemistry, The Ångström Laboratory, Uppsala University, Box 538, S-751 21 Uppsala, Sweden', 'Max-Planck-Institut für Festkörperforschung, Heisenbergstraße 1, D-70569 Stuttgart, Germany', 'Department of Chemistry, University of Western Ontario, N6A 5B7 London, Canada']"
2001,Int. J. Mol. Sci.,"['Departamento de Química Física, Facultad de Química, Sevilla, E-41012, Spain']"
2001,Int. J. Mol. Sci.,"['Instituto de Catálisis y Petroleoquímica (CSIC), Campus Cantoblanco, 28049-Madrid, Spain']"
2001,Int. J. Mol. Sci.,"['LMSPC, ECPM, Université Louis Pasteur, 25 rue Becquerel, 67087 Strasbourg, France', 'Departamento de fisica, Universidad Nacional del Sur, Avenida Alem 1253, Bahia Blanca, Argentina']"
2001,Int. J. Mol. Sci.,"['Department of Inorganic, Physical and Material Chemistry, University of Turin, Via P. Giuria 7 10125 Torino Italy', 'ESRF, BP 220, F-38043 Grenoble Cedex, France', 'EVC Italia, Technological Centre, Via della Chimica 5, 30175 Porto Marghera (Venezia), Italy']"
2001,Int. J. Mol. Sci.,"['Department of Experimental Physics, School of Physics and Engineering Physics Göteborg University and Chalmers University of Technology SE-412 96 Göteborg, Sweden']"
2001,Int. J. Mol. Sci.,"['Departament de Química Física i Centre de Recerca en Química Teòrica, Universitat de Barcelona, C/ Martí i Franquès 1, E-08028 Barcelona, Spain']"
2001,Int. J. Mol. Sci.,"['Department of Physics, UMIST, PO Box 88, Manchester M60 1QD, UK', 'Synetix, PO Box 1, Belasis Avenue, Billingham, Cleveland, TS23 1LB, UK']"
2001,Int. J. Mol. Sci.,"['Department of Industrial Chemistry and Engineering of Materials, University of Messina, Salita Sperone 31, 98166 Messina, Italy']"
2001,Int. J. Mol. Sci.,"['Department of Inorganic, Physical and Material Chemistry, University of Turin, Via P. Giuria 7 10125 Torino Italy']"
2001,Int. J. Mol. Sci.,"['Departament de Quimica Fisica, Universitat de Barcelona, &amp; Centre de Recerca en Quimica Teorica, Parc Cientific de Barcelona C/ Marti i Franques 1, 08028 Barcelona, Spain', 'Department of Chemical Physics and Inorganics, Faculty of Chemistry, University Rovira i Virgili, P. Imperial Tàrraco, 1, 43005 Barcelona Spain']"
2001,Sensors,"['Department of Electrical Engineering &amp; Materials Research Institute, 208 Materials Research Laboratory, The Pennsylvania State University, University Park, PA 16802, USA']"
2001,Sensors,"['University of Applied Sciences Aachen, Ginsterweg 1, 52428 Jülich, Germany', 'Institute of Thin Films and Interfaces, Research Centre Jülich GmbH, 52425 Jülich, Germany', 'New Mexico State University, Las Cruces, NM 88003-8001, USA']"
2001,Molecules,"['Department of Chemistry, Bu-Ali Sina University, Hamadan, Zip Code 65174, Iran', 'Department of Chemistry, UMIST, PO Box 88, Manchester M60 1QD, UK']"
2001,Molecules,"['Department of Chemistry, Isfahan University, Isfahan 81744, Iran']"
2001,Molecules,"['A.E.Favorsky Institute of Chemistry, Siberian Division of the Russian Academy of Sciences, 1, Favorsky Str., Irkutsk 664033, Russia']"
2001,Molecules,"['Chair and Laboratory of Organic Chemistry, Faculty of Pharmacy, Medical University, Banacha 1, PL 02-097 Warsaw, Poland']"
2001,Molecules,"['Chair and Laboratory of Organic Chemistry, Faculty of Pharmacy, Medical University, Banacha 1, PL 02-097 Warsaw, Poland']"
2001,Molecules,"['Chair and Laboratory of Organic Chemistry, Faculty of Pharmacy, Medical University, Banacha 1, PL 02-097 Warsaw, Poland']"
2001,Molecules,"['Laboratory of Organometallic Chemistry, Shanghai Institute of Organic Chemistry, Chinese Academy of Sciences, 354 Fenglin Lu, Shanghai 200032 China']"
2001,Molecules,"['Department of Organic Chemistry, University of Geneva, CH-1211 Geneva 4, Switzerland']"
2001,Molecules,"[""Ecole Nationale Supérieure d'Ingénieurs de Caen (ISMRA), Université de Caen, UMR CNRS 6507, 6 Boulevard du Maréchal Juin F-14050 Caen Cedex, France"", ""Université Boumerdès, Faculté des Sciences de l'Ingénieur, Boumerdès 35000, Algeria""]"
2001,Molecules,"['Department of Biochemistry and Molecular Biology, The University of Georgia, Athens, Georgia 30602, USA']"
2001,Sensors,"['University of Perpignan, Systems Theory Laboratory, 52, Avenue de Villeneuve, 66860 Perpignan, France']"
2001,Int. J. Mol. Sci.,"['Laboratory of Natural Products, Department of Chemistry, Faculty of Science and Technology, Keio University, Hiyoshi, Yokohama 223-8522, Japan']"
2001,Int. J. Mol. Sci.,"['Institute of Physical and Theoretical Chemistry, I-30, Wroclaw University of Technology, Wyb. Wyspiañskiego 27, 50-370 Wroclaw, Poland', 'Faculty of Chemistry, Wroclaw University, ul. F. Joliot-Curie 14, 50-383 Wroclaw, Poland']"
2001,Sensors,"['Key Laboratory of Molecular and Biomolecular Electronics of the Ministry of Education, P. R. China. Southeast University, 210096, Nanjing, China']"
2001,Entropy,"['Institute for Advanced Study, Olden Lane, Princeton, NJ 08540, USA']"
2001,Sensors,"['Department of Electrical Engineering and Materials Research Institute, The Pennsylvania State University, 208 Materials Research Lab, University Park, PA 16802, USA']"
2001,Molecules,"['Faculty of Technology and Metallurgy, The “Sv. Kiril &amp; Metodij” University, R. Boskovic 16, 1000 Skopje, Macedonia', 'Faculty of Agriculture, Department of Microbiology, The “Sv. Kiril &amp; Metodij” University, Bul. Aleksandar Makedonski, bb, 1000 Skopje, Macedonia', 'Institute of Chemistry, Faculty of Sciences, University of Novi Sad, Trg Dositeja Obradovica 3, 21000 Novi Sad, Yugoslavia']"
2001,Molecules,"['Department of Chemistry, Faculty of Science, Constantine University, 25000, Algeria']"
2001,Molecules,"['Institute of Pharmaceutical Chemistry, University of Vienna, Althanstrasse 14, A-1090 Vienna, Austria']"
2001,Sci. Pharm.,"['Institute of Pharmaceutical Technology and Biopharmaceutics, University of Vienna, Althanstraβe 14, A-1090, Vienna, Austria']"
2001,Sci. Pharm.,"['Institute of Pharmacognosy, University of Vienna Center of Pharmacy, Althanstrasse 14, A - 1090 Vienna, Austria']"
2001,Sensors,"['Department of Electrical and Computer Engineering, National Technical University of Athens, 157 73, Zographou, 9 Heroon Polytechniou St., Athens, Greece']"
2001,Sensors,"['Dept. of Chem., School of Chem. Eng., Dalian Univ. of Technol, 158 Zhongshan Rd., Dalian 116012, China', 'Dept. of Bio-Resource Chem., Hiroshima Prefectural Univ., Shobara-shi, Hiroshima 727-0023, Japan']"
2001,Sensors,"['Department of Physical Chemistry, University of Venice, S. Marta 2137, 30123 Venice, Italy', 'Department of, Environmental Sciences, University of Venice, S. Marta 2137, 30123 Venice, Italy']"
2001,Molecules,"['Institute of Organic Chemistry and Technology, Cracow University of Technology, 24 Warszawska str., 31-155 Cracow, Poland', 'Department of Medicinal Chemistry, Institute of Pharmacology, Polish Academy of Sciences, 12 Smetna str., 31-343 Cracow, Poland']"
2001,Molecules,"['Departamento de Química, Faculdade de Filosofia, Ciências e Letras de Ribeirão Preto, Universidade de São Paulo, Av. Bandeirantes 3900, 14040-901 – Ribeirão Preto – SP, Brazil']"
2001,Molecules,"['59 Swiss Avenue Watford WD18 7LL, UK']"
2001,Molecules,"['Departamento de Química, ICE ,Universidade Federal de Juiz de Fora, 36036-330 Juiz de Fora- MG, Brazil']"
2001,Molecules,"['Department of Organic Chemistry, Faculty of Chemistry, Tabriz University, Tabriz 51664, Iran']"
2001,Molecules,"['Department of Organic Chemistry, Faculty of Natural Sciences, P.J. Šafárik University, Moyzesova 11, 041 67 Košice, Slovak Republic', 'Institute of chemistry, Slovak Academy of Sciences, Dúbravská cesta 9, 842 38 Bratislava, Slovak Republic']"
2001,Int. J. Mol. Sci.,"['Diagnostic Radiology Department, Warren Grant Magnuson Clinical Center, National Institutes of Health, Bethesda, MD 20892, USA', 'Department of Radiology, Hillcrest Medical Center, Tulsa X-Ray Laboratory, Tulsa, OK 74145, USA']"
2001,Entropy,"['Department of Mechanical Engineering, KFUPM, Box 127, Dhahran 31261, Saudi Arabia', 'Department of Mechanical Engineering, University of Nevada, Reno, NV 89557 USA']"
2001,Sensors,"['Department of Chemistry, Jilin University, Changchun, Jilin 130023, P. R. China', 'Key Laboratory of Molecular Enzymology and Engineering of Ministry of Education, Jilin University, Changchun, Jilin 130023, P. R. China']"
2001,Sensors,"['School of Chemistry, The University of New South Wales, Sydney 2052, Australia']"
2001,Math. Comput. Appl.,"['Department of Mechanical Engineering, Celal Bayar University, 45150, Muradiye, Manisa, Turkey']"
2001,Math. Comput. Appl.,"['Ege University, Department of Mathematics, 35100, Bomova, İzmir, Turkey']"
2001,Math. Comput. Appl.,"['Department of Basic and applied Sciences, P.oBox 1029 Alexandria, Arab Academy for Science and Technology and Maritime Transport, Egypt']"
2001,Math. Comput. Appl.,"['Department of Civil and Environmental Engineering and Geodetic Science, The Ohio State University, 470 Hitchcock Hall, 2070 Neil Avenue, Columbus, OH 43210, USA']"
2001,Molecules,"['Grupo de Investigación de Compuestos Heterocíclicos, Departamento de Química, Universidad del Valle, A.A. 25360, Cali, Colombia', 'Instituto de Química, UNAM, Circuito Exterior, C. Universitaria, Coyoacán, 04510, México, D. F. México']"
2001,Molecules,"['Laboratorio LADECOR, Facultad de Ciencias Exactas, Universidad Nacional de La Plata, Calle 47 esq. 115 (1900), La Plata, República Argentina']"
2001,Molecules,"['Department of Chemistry, College of Science, University of Bu-Ali Sina, Postal code 65174, P.O. Box No. 4135, Hamadan, I.R. Iran']"
2001,Molecules,"[""UMR 6009, Laboratoire de Valorisation de la Chimie Fine, Université d'Aix-Marseille III, Av. Escadrille Normandie Niemen, Case 552, 13397 Marseille cedex 20, France""]"
2001,Molecules,"['Department of Chemistry, University of California, One Shields Avenue, Davis, California 95616, USA']"
2001,Molecules,"['Chemistry Department, Faculty of Science, King Abdulaziz University, Jeddah-21589, P.O.Box 80203, Saudi Arabia']"
2001,Molecules,"['Department of Chemistry, Berry College, Mount Berry, GA 30149, USA']"
2001,Sensors,"['IFoS-UMR CNRS 5621 Ecole Centrale de Lyon, BP 163 69131 ECULLY Cedex, France']"
2001,Molecules,"['Instituto de Química, Universidad Nacional Autónoma de México, Apartado Postal 70-213, Coyoacán, México, D.F. CP 04510, México']"
2001,Sensors,"['Key Lab of Molecular and Biomolecular electronics of Ministry of Education, Southeast University, Nanjing, 210096, P. R. China']"
2001,Sci. Pharm.,"['Institute of Pharmacognosy, University of Vienna, Pharmacy-Center, Althanstrasse 14, A-1090 Vienna, Austria']"
2001,Sci. Pharm.,"['Department of Molecular Biology, Biochemistry and Biopharmacy, Medical University of Silesia, Narcyzów 1, 41-200 Sosnowiec, Poland']"
2001,Sci. Pharm.,"['Department of Pharmaceutics, Institute of Technology, Banaras Hindu University, Varanasi-221 005']"
2001,Sci. Pharm.,"['Institut für Pharmazeutische Chemie der Westfälischen Wilhelms-Universität Münster, Hittorfstr. 58-62, D-48149 Münster, Bundesrepublik Deutschland']"
2001,Sci. Pharm.,"['Institute of Pharmaceutical Technology and Biopharmaceutics, Center of Pharmacy, University of Vienna, Althanstr. 14, A-1090 Vienna, AUSTRIA / Europe']"
2001,Molecules,"['Chemistry Department, Faculty of Science-Girls College 838, Dammam 31113, Saudi Arabia']"
2001,Molecules,"['Department of Chemistry, College of Science, University of Bu-Ali Sina, Zip code 65174, P.O. Box No. 4135, Hamadan, I.R. Iran']"
2001,Molecules,"['Department of Medicinal Chemistry and Drug Control, Charles University, Faculty of Pharmacy, 500 05 Hradec Králové, Czech Republic', 'Department of Inorganic and Organic Chemistry, Charles University, Faculty of Pharmacy, 500 05 Hradec Králové, Czech Republic']"
2001,Molecules,"['Department of Inorganic Chemistry, Masaryk University, 611 37 Brno, Czech Republic']"
2001,Molecules,"['Department of Inorganic Chemistry, Masaryk University, 611 37 Brno, Czech Republic']"
2001,Sensors,"['Department of Electronics and Instrumentation, University Institute for Automobile Research - INSIA, Polytechnic University of Madrid - UPM, Campus SUR UPM, Ctra. Valencia km 7, Madrid 28031, Spain']"
2001,Int. J. Mol. Sci.,"['Department of Chemistry and the James Franck Institute, The University of Chicago, 5735 South Ellis Avenue, Chicago, Illinois 60637, USA']"
2001,Int. J. Mol. Sci.,"['CEQUINOR, Departamento de Química, Facultad de Ciencias Exactas, Universidad Nacional de la Plata, C.C. 962, La Plata 1900, Argentina', 'Andrey A. Toropov, Vostok Innovation Company, S. Azimstreet 4, 100047 Tashkent, Uzbekistan']"
2001,Int. J. Mol. Sci.,"['Institüt für Physiologische Chemie der Philipps Universität, Karl-von-Frisch Str.1, D-35033 Marburg, Germany']"
2001,Entropy,"['Energetic Materials Research and Testing Center (EMRTC), Socorro, NM 87801, USA']"
2001,Sensors,"['Department of Analytical Chemistry, Warsaw University of Technology, Noakowskiego 3, 00-664 Warsaw, Poland']"
2001,Sensors,"['Inorganic Chemistry Laboratory, University of Oxford, South Parks Road, Oxford OX1 3QR, UK', 'Department of Engineering Science, University of Oxford, Parks Road, Oxford OX1 3PJ, UK', 'Molecular Biology Division, Department of Veterans Affairs Medical Center, San Francisco, CA 94121, U.S.A. and Department of Biochemistry and Biophysics and Department of Anesthesia, University of California, San Francisco, CA 94143, USA']"
2001,Sensors,"['University of Regensburg, Institute of Analytical Chemistry, Chemo- and Biosensors, D-93040 Regensburg, Germany']"
2001,Entropy,"['Moscow Institute of Physics and Technology; Institutsky Per.9, Dolgoprudny, Moscow Reg., Russia', 'Department of Physics; University of California; 94720-7300, Berkeley, CA , USA', 'Steklov Mathematical Institute; Gubkin St.8, 117966, Moscow, Russia']"
2001,Int. J. Mol. Sci.,"['Chemistry Department, Centre College, 600 West Walnut Street, Danville, KY 40422-1394, USA']"
2001,Int. J. Mol. Sci.,"['Physical Chemistry Division, National Chemical Laboratory, Poona 411 008, India']"
2001,Entropy,"['Department of Mathematics, Iowa State University, Ames, Iowa 50011, USA']"
2001,Int. J. Mol. Sci.,"['Institut Universitari de Ciència Molecular, Universitat de València, Dr. Moliner 50, E-46100 Burjassot (València), Spain']"
2001,Molecules,"['Centre for Natural Products, SPIC Science Foundation, Guindy, Chennai - 600 032, India']"
2001,Molecules,"['Fachbereich Chemie der Universität Rostock, Buchbinderstr. 9, D-18055 Rostock, Germany', 'Institut für Organische Katalyseforschung an der Universität Rostock, Buchbinderstr. 5-6, D-18055 Rostock, Germany']"
2001,Molecules,"['Departamento de Química y Física, Universidad Nacional de Río Cuarto, Agencia Postal Nº 3, Río Cuarto 5800, Argentina']"
2001,Molecules,"['College of Chemical Engineering, Zhengzhou University, Zhengzhou, 450002, P. R. China']"
2001,Molecules,"['Institut Universitari de Ciència Molecular, Universitat de València, Dr. Moliner 50, E-46100 Burjassot (València), Spain']"
2001,Molecules,"['Department of Chemistry, Sichuan Normal University, Chengdu, 610066, China']"
2001,Molecules,"['Laboratoire de Chimie de Coordination Faculté des Sciences SemLalia, BP 2390 Marrakech, Maroc']"
2001,Molecules,"['Laboratoire de Chimie de Coordination Faculté des Sciences SemLalia, BP 2390 Marrakech Maroc']"
2001,Molecules,"['Chemistry &amp; Chemical Engineering Research Center of Iran, P.O. Box 14335-186, Tehran, Iran']"
2001,Molecules,"['Laboratoire de Chimie de Coordination, Faculté des Sciences SemLalia B.P. 2390 Marrakech, Morroco']"
2001,Molecules,"['Department of Chemistry, Tamkang University, Taipei 25137, Taiwan']"
2001,Molecules,"['Sharif.University of Technology, Department of Chemistry, P.O.Box 11365-9516 Tehran, Iran']"
2001,Molecules,"['Laboratoire de Chimie des Substances Naturelles et des Hétérocycles, Département de Chimie, Faculté des Sciences-SemLalia, B.P. 2390, 40001 Marrakech, Maroc']"
2001,Molecules,"['Laboratoire de Chimie des Substances Naturelles et des Hétérocycles, Département de Chimie, Faculté des Sciences-SemLalia, B.P. 2390, 40001 Marrakech, Maroc']"
2001,Molecules,"['FB 8 - OC 1 (Chemie-Biologie), Universität GH Siegen, Adolf-Reichwein-Str., D-57068 Siegen, Germany']"
2001,Molecules,"['FB 8 - OC 1 (Chemie - Biologie), Universität GH Siegen, Adolf-Reichwein-Str., D-57068 Siegen, Germany']"
2001,Molecules,"['FB 8 - OC 1 (Chemie - Biologie), Universität-GH Siegen, Adolf-Reichwein-Str., D-57068 Siegen, Germany']"
2001,Molecules,"['Laboratoire de Chimie des Substances Naturelles et des Hétérocycles, Université Cadi Ayyad, Faculté des Sciences SemLalia, BP 2390. Bd Prince My Abdellah, Marrakech. Maroc']"
2001,Molecules,"['Laboratoire de Chimie des Substances Naturelles et des Hétérocycles, Université Cadi Ayyad, Faculté des Sciences SemLalia, BP 2390. Bd Prince My Abdellah, Marrakech, Maroc', 'Departamento de Farmacologia, Laboratorio deFarmacognosia y Farmacodinamia, Universidad de Valencia, Facultad des Farmacia, Av. Vincent Andrés Estellés s/n, 46100 BURJASSOT (velencia), Spain']"
2001,Molecules,"['Laboratoire de Chimie des Substances Naturelles et des Hétérocycles, Université Cadi Ayyad, Faculté des Sciences SemLalia, BP 2390. Bd Prince My Abdellah, Marrakech. Maroc', 'LBS-UMR 6517, Centre Scientifique Saint-Jérôme, 13397 Marseille, CEDEX 20, France']"
2001,Molecules,"['Department of Chemistry, University of South Alabama, Mobile, Alabama 36608-0002 USA']"
2001,Molecules,"['Department of Medicinal Chemistry, University of Szeged, Dóm tér 8, H-6720 Szeged, Hungary', 'Department of Organic Chemistry , University of Szeged, Dóm tér 8, H-6720 Szeged, Hungary']"
2001,Molecules,"['Faculty of Pharmacy, Medical University of Sofia, Dunav 2, BG-1000 Sofia, Bulgaria']"
2001,Molecules,"['Faculty of Pharmacy, Medical University of Sofia, Dunav 2, BG-1000 Sofia, Bulgaria']"
2001,Molecules,"['Faculty of Pharmacy, Medical University of Sofia, Dunav 2, BG-1000 Sofia, Bulgaria']"
2001,Molecules,"['Faculty of Pharmacy, Medical University of Sofia, Dunav 2, BG-1000 Sofia, Bulgaria']"
2001,Molecules,"['Chemistry Department, Faculty of Science, King Abdul-Aziz University, Jeddah 21589, P.O. Box 80203, Saudi Arabia']"
2001,Molecules,"['Chemistry Department, Faculty of Science, King Abdul-Aziz University, Jeddah 21589, P.O. Box 80203, Saudi Arabia']"
2001,Molecules,"['Chemistry Department, Faculty of Science, King Abdul-Aziz University, Jeddah 21589, P.O. Box 80203, Saudi Arabia']"
2001,Molecules,"['Laboratoire de Chimie de Coordination, Faculté des Sciences SemLalia B.P. 2390 Marrakech, Morroco']"
2001,Int. J. Mol. Sci.,"['Departamento de Ingeniería de la Producción, Ingeniería Industrial, Facultad de Ingeniería, Universidad Nacional de La Plata, Calles 1 y 47, La Plata 1900, Argentina', 'CEQUINOR, Departamento de Química Facultad de Ciencias Exactas, Universidad Nacional de La Plata, C.C. 962, La Plata 1900, Argentina', 'Vostok Innovation Company, S. Azimstreet 4, 700047 Tashkent, Uzbekistan']"
2001,Int. J. Mol. Sci.,"['Inorganic Materials Section, Tohoku National Industrial Research Institute, 4-2-1 Nigatake, Miyaginoku, Sendai 983-8551, Japan']"
2001,Molecules,"['Department of Chemistry, Norwegian University of Science and Technology, N-7491 Trondheim, Norway']"
2001,Molecules,"['Department of Organic Chemistry, Faculty of Chemical Engineering and Technology, University of Zagreb, 10000 Zagreb, Croatia', 'Department of Chemistry and Center for Biotechnology and Drug Design, Georgia State University, Atlanta, Georgia 30303-3083, USA']"
2001,Molecules,"['Departamento de Química Fundamental, Universidade Federal de Pernambuco, Cidade Universitária, 50670-901 Recife - PE, Brazil']"
2001,Molecules,"['Laboratoire de Chimie des Substances Naturelles et des Hétérocycles, Université Cadi Ayyad, Faculté des Sciences Semlalia. BP 2390 Boulevard Prince My Abdellah. Marrakech, Morocco', 'Laboratoire de Chimie de Synthèse et Activations de Biomolécules, Ecole Nationale Supérieure de Chimie de Rennes. Avenue du Général Leclerc 35700 RENNES, France']"
2001,Molecules,"['Department of Applied Bioscience, Federal Institute of Technology (ETH) Zürich, Winterthurer Str. 190, 8057 Zürich, Switzerland', 'Division of Preclinical Research, Boehringer Ingelheim Pharma AG, 88397 Biberach, Germany', 'Institute of Biochemistry, University of Leipzig, Talstr. 33, 04103 Leipzig, Germany']"
2001,Molecules,"['Department of Chemistry Tehran University, Box 14155-6455, Tehran, Iran']"
2001,Molecules,"['Department of Organic Chemistry, Faculty of Science, Masaryk University, Kotlářská 2, CZ-611 37 Brno, Czech Republic', 'Department of Inorganic Chemistry, Faculty of Science, Masaryk University, Kotlářská 2, CZ-611 37 Brno, Czech Republic', 'Department of Biochemistry, Faculty of Medicine, Masaryk University, Komenského nám. 2, CZ-662 43 Brno, Czech Republic']"
2001,Molecules,"['Dipartimento di Chimica del Politecnico di Milano, via Mancinelli 7, I-20131 Milano, Italy', 'C.N.R. - Centro di Studio sulle Sostanze Organiche Naturali, via Mancinelli 7, I-20131 Milano, Italy']"
2001,Entropy,"['Department of Medicinal Chemistry, School of Pharmacy, University of Lausanne, CH-1015 Lausanne, Switzerland', 'Department of Medicinal Chemistry, Virginia Commonwealth University, Richmond, Virginia 23298, USA', 'Department of Mathematical Sciences, Virginia Commonwealth University, Richmond, Virginia 23298, USA']"
2001,Entropy,"['Institute of Measurement Science, Slovak Academy of Sciences, Dúbravska cestá 9, 842 19 Bratislava, Slovakia']"
2001,Math. Comput. Appl.,"['Azerbaijan Petroleum Research and Project Institute ( AzNSETLI ), Aga - Neymatullah str. 39, Baku 370033, Azerbaijan']"
2001,Math. Comput. Appl.,"['Department of Mathematics, Aligarh Muslim University, Aligarh-202002, India']"
2001,Math. Comput. Appl.,"['Istanbul Technical University, Civil Engineering Faculty, 80626, Maslak-lstanbul, Turkey']"
2001,Math. Comput. Appl.,"['Karadeniz Technical University, Civil Engineering Department, 61080, Trabzon, Turkey']"
2001,Math. Comput. Appl.,"['I.T.U. Naval Architecture and Ocean Engineering Faculty, 80626 Maslak Istanbul, Turkey']"
2001,Molecules,"['National Institute of Occupational Health. Lersø Parkallé 105. DK 2100 Copenhagen Ø, Denmark', 'Faxe Paper Pigments. Strandeksplanaden 110, DK 2665, Vallensbæk Strand, Denmark']"
2001,Molecules,"['Centre for Molecular Architecture, Central Queensland University, Rockhampton, Queensland, 4702, Australia']"
2001,Molecules,"['Department of Chemistry, Organic Synthesis Group, Karl-Franzens-University Graz, Heinrichstrasse 28, A-8010 Graz, Austria']"
2001,Molecules,"['Department of Organic Chemistry, University of Pardubice, Čs. legií 565, 532 10 Pardubice, Czech Republic', 'Research Institute of Pharmacy and Biochemistry, Kouřimská 17, 130 60 Prague 3, Czech Republic', 'Department of Inorganic and Organic Chemistry, Faculty of Pharmacy, Charles University, 500 05 Hradec Králové, Czech Republic']"
2001,Molecules,"['School of Chemistry, Tel Aviv University, Ramat Aviv 69978, Israel']"
2001,Molecules,"['Center for Chemistry IChTM, POB 815, Studentski trg 12-16, 11001 Belgrade, Yugoslavia', 'Faculty of Chemistry, University of Belgrade, POB 158, 11001 Belgrade, Yugoslavia', 'Max-Planck-Institut für Chemie, Atmospheric Chemistry Department, Postfach 3060, 55020 Mainz, Germany']"
2001,Molecules,"['Department of Chemistry, Birzeit University, Birzeit, PO Box 14, Palestine- Via Israel']"
2001,Sci. Pharm.,"['Institute of Pharmaceutical Technology and Biopharmaceutics, University of Vienna Althanstr. 14, A-1090 Vienna, Austria']"
2001,Sci. Pharm.,"['Institute of Pharmaceutical Chemistry, University of Vienna Althanstrasse 14, A-1090 Vienna, Austria', 'Higher Institute of Flavour Industries (HIFFI), Department of Essential Oils Maritza 26, 4002 Plovdiv, Bulgaria', 'Presented at the 23']"
2001,Sci. Pharm.,"['Institute of Pharmacognosy, University of Vienna, Pharmacy-Center, Althanstrasse 14, A-1090 Vienna, Austria', 'Institute of Pharmaceutical Chemistry, Karl-Franzens-University Graz, Universitätsplatz 1, A-8010 Graz, Austria']"
2001,Sci. Pharm.,"['Department of Pharmacognosy, Wroclaw University of Medicine, pl. Nankiera 1, P1-50- 140 Wroclaw, Poland', 'Gesellschaft für Biotechnologische Forschung mbH, Mascheroder Weg 1, D-38124 Braunschweig, Germany', 'Ernst-Moritz-Arndt-Universität Greifswald, Institut für Pharmazie, Jahnstr. 17, D-17487 Greifswald, Germany']"
2001,Sci. Pharm.,"['Faculty of Pharmacy, University of Istanbul, 34452 Istanbul, TURKEY', 'Institute for Natural Products Research, The University of Georgia, Athens, GA 30602-2556 USA', 'Department of Chemistry, The University of Georgia, Athens, GA 30602-2556 USA']"
2001,Sci. Pharm.,"['Medicinal Chemistry Department, College of Pharmacy, Mansoura University, Mansoura 3 55 16, EGYPT']"
2001,Sci. Pharm.,"['Department of Pharmaceutical Chemistry, Faculty of Pharmacy, Jarnia Hamdard, Hamdard Nagar, New Delhi-62, India', 'Department of Pharmaceutical Chemistry, Centre for Advanced Research, J.S.S. College of Pharmacy, Ooty, Tamil Nadu-643 00 1, India']"
2001,Sci. Pharm.,"['Institut fur Pharmazeutische Chemie der Westfälischen Wilhelms-Universität Münster, Hittorfstr. 58-62, D-48149 Münster, Bundesrepublik Deutschland']"
2001,Sci. Pharm.,"['Laboratori de Química Farmacèutica, Facultat de Farmàcia, Universitat de Barcelona, Av. Diagonal 643, 08028 Barcelona, Spain', ""Institut de Chimie Organique et Analytique associé au CNRS, Université d'orleans, BP-6957, 45067 Orleans, cedex 2, France"", ""UCB Pharma, Pharmaceutical Sector, Chemin du Foriest, B-1420 Braine-L'Alleud, Belgium"", 'Laboratoire RL-CERM, La Varenne, rue H. Goudier, 63203 Riom, cedex, France']"
2001,Sci. Pharm.,"['Institut für Pharmazeutische Chemie der Heinrich-Heine-Universität, Universitätsstr. 1, 0-40225 Düsseldorf', 'Herrn Univ.-Prof. Dr. W. Wendelin zum 60. Geburtstag gewidmet']"
2001,Entropy,"['Center for Theoretical Studies of Physical Systems, Clark Atlanta University, Atlanta, GA. 30314, USA']"
2001,Molecules,"['Shenyang Pharmaceutical University, Shenyang 110015, P. R. China', ""Teachers' College of Shenyang University, Shenyang 110015, P. R. China""]"
2001,Molecules,"['Shenyang Pharmaceutical University, Shenyang 110015, P. R. China', ""Teachers' College of Shenyang University, Shenyang 110015, P. R. China""]"
2001,Molecules,"['Department of Chemistry, Sichuan Normal University, Chengdu, 610066, P. R. China']"
2001,Molecules,"['Department of Chemistry, The University of Auckland, Private Bag 92019, Auckland, New Zealand']"
2001,Molecules,"['Department of Chemistry, The University of Auckland, Private Bag 92019, Auckland, New Zealand']"
2001,Molecules,"['Institut für Organische Chemie, Universität Regensburg, D-93040 Regensburg, Germany']"
2001,Molecules,"['Research Laboratory of Furan Chemistry, Kuban State Technological University, Moskovskaya st. 2, Krasnodar, 350072, Russia']"
2001,Molecules,"['Department of Medicinal Chemistry, Victorian College of Pharmacy (Monash University) 381 Royal Parade Parkville Vic 3052 Australia']"
2001,Molecules,"['Department of Chemistry, The University of Auckland, Private Bag 92019, Auckland, New Zealand']"
2001,Molecules,"['Department of Chemistry, The University of Auckland, Private Bag 92019, Auckland, New Zealand']"
2001,Molecules,"['Department of Chemistry, The University of Auckland, Private Bag 92019, Auckland, New Zealand']"
2001,Molecules,"['Department of Medicinal Chemistry, Victorian College of Pharmacy (Monash University), 381 Royal Parade Parkville, Victoria 3052, Australia']"
2001,Molecules,"['Department of Medicinal Chemistry, Victorian College of Pharmacy (Monash University), 381 Royal Parade Parkville, Victoria 3052, Australia']"
2001,Molecules,"['Department of Medicinal Chemistry, Victorian College of Pharmacy (Monash University), 381 Royal Parade Parkville, Victoria 3052, Australia']"
2001,Molecules,"['Department of Medicinal Chemistry, Victorian College of Pharmacy (Monash University), 381 Royal Parade Parkville, Victoria 3052, Australia']"
2001,Molecules,"['Department of Medicinal Chemistry, Victorian College of Pharmacy (Monash University) 381 Royal Parade Parkville Vic 3052 Australia']"
2001,Molecules,"['Department of Medicinal Chemistry, Victorian College of Pharmacy (Monash University) 381 Royal Parade Parkville Vic 3052 Australia']"
2001,Molecules,"['Laboratoire de Chimie de Coordination Faculté des Sciences Semlalia, BP 2390 Marrakech Maroc']"
2001,Int. J. Mol. Sci.,"['Molecular Diversity Preservation International (MDPI), Kandererstrasse 25, CH-4057 Basel, Switzerland']"
2001,Molecules,"['Department of Chemistry, Faculty of Science, Al-Azhar University, Nasr-City 11884, Cairo, Egypt', 'Department of Chemistry, Faculty of Science, Al-Azhar University at Assiut, Assiut 71524 Egypt']"
2001,Molecules,"['Department of Organic Chemistry, University of Geneva 30, Quai Ernest-Ansermet, CH-1211 Geneva 4, Switzerland']"
2001,Molecules,"['Department of Chemistry, Faculty of Science, Bu-Ali-Sina University, PIN-65175, Hamadan, Iran']"
2001,Molecules,"['Department of Chemistry, University College Dublin, Belfield, Dublin 4, Ireland']"
2001,Molecules,"['The Austin Research Institute, Studley Road, Heidelberg, Victoria 3084, Australia', 'University of Melbourne, Swanston Street Parkville, Victoria 3052, Australia']"
2001,Molecules,"['Department of Analytical Chemistry, Charles University, Albertov 2030, CZ-128 43 Prague 2, Czech Republic', 'Department of Organic Chemistry, Charles University, Albertov 2030, CZ-128 43 Prague 2, Czech Republic', 'Institute of Macromolecular Chemistry AS CR, Heyrovskeho nam. 2, CZ-162 06 Prague 6, Czech Republic']"
2001,Molecules,"['Laboratorio de Síntesis Asimétrica, Departamento de Quimica Organica, Facultad de Ciencias, Universidad de Zaragoza, E-50009 Zaragoza, Aragon, Spain', 'Departamento de Quimica Inorganica, Instituto de Ciencia de Materiales de Aragon, Universidad de Zaragoza-CSIC, E-50009 Zaragoza, Aragon, Spain']"
2001,Molecules,"['Laboratory for Drug Design and Synthesis, Department of Chemistry &amp; Biochemistry, University of Maryland, Baltimore County (UMBC), 1000 Hilltop Circle, Baltimore, Maryland 21250, USA']"
2001,Molecules,"['Centre for Molecular Architecture, Central Queensland University, North Rockhampton, 4701, Queensland, Australia']"
2001,Molecules,"['Division of Pharmacology, Welsh School of Pharmacy, Cardiff University, Cathays Park, Cardiff, CF10 3TB, UK', 'Department of Chemistry, Cardiff University, Cathays Park, Cardiff, CF10 3TB, UK']"
2001,Int. J. Mol. Sci.,"[""Laboratoire de Recherche, Ecole Supérieur de Technologie, BP 8012 Oasis, Route d'El Jadida, Km 7, Casablanca, Marocco"", 'Département de Chimie, Faculté des Sciences et Techniques Fes Sais, Université Sidi Mohamed Ben Abdellah B.P. 2202, Fes, Marocco', 'Laboratoire de Chimie Physique, Département de Chimie, Faculté des Sciences BP 5366- Maârif / Casablanca, Marocco']"
2001,Entropy,"['Department of Mathematics, Iowa State University, Ames, IA 50011, USA']"
2001,Molecules,"['Department of Chemistry, University of Warwick, Coventry, CV4 7AL, UK', 'SmithKline Beecham Pharmaceuticals, Old Powder Mills, Nr Leigh, Tonbridge, Kent, TN11 9AN, UK']"
2001,Molecules,"['Department of Chemistry, Macquarie University, Sydney NSW 2109, Australia', 'Department of Aquatic Zoology, Western Australian Museum, Perth WA 6000, Australia']"
2001,Molecules,"['Department of Chemistry, University of Wollongong, Wollongong, NSW 2522, Australia']"
2001,Molecules,"['University of Western Sydney, Hawkesbury Campus, Locked Bag 1797, South Penrith Distribution Centre, NS, W Australia']"
2001,Molecules,"['Centre for Biostructural and Biomolecular Research, Building K12, University of Western Sydney, Hawkesbury Campus, Locked Bag 1797, Penrith South, NSW 1797, Australia']"
2001,Molecules,"['Centre for Biostructural and Biomolecular Research, University of Western Sydney Hawkesbury, Bourke Str, Richmond, New South Wales 2753, Australia']"
2001,Molecules,"['Department of Chemistry, University of Wollongong, NSW, 2522, Australia', 'Department of Biological Sciences, University of Wollongong, NSW, 2522, Australia']"
2001,Molecules,"['Institut für Organische Chemie der Technischen Universität Clausthal, Leibnizstraße 6, D-38678 Clausthal-Zellerfeld, Germany', 'Institut für Organische Chemie, Universität Hannover, Schneiderberg 1B, D-30167 Hannover, Germany']"
2001,Molecules,"['Research Laboratory of Photochemistry, Tongji University, Shanghai 200092, P. R. China', 'National Laboratory of Applied Organic Chemistry at Lanzhou University, Lanzhou 730000, P. R. China']"
2001,Molecules,"['CISMI, University of Copenhagen, Symbion Science Park, Fruebjergvej 3, DK-2100 Copenhagen, Denmark']"
2001,Molecules,"['Department of Chemistry, University of Jyväskylä, P. O. Box 35, FIN-40351, Jyväskylä, Finland']"
2001,Molecules,"['Dipartimento di Chimica Organica e Industriale dell’Universita’ di Milano e Centro CNR, Via Venezian, 21-20133 Milano Italy']"
