Year,Journal,Affiliations
2003,Molecules,"['Department of Chemistry, Girl\x92s College of Education, Jeddah, P.O. Box 50918, Jeddah 21533, Kingdom of Saudi Arabia']"
2003,Molecules,"['Department of Pharmacognosy, College of Pharmacy, King Saud University, P.O. Box 2457, Riyadh 11451, Saudi Arabia', 'Current address:Department of Pharmacognosy, Faculty of Pharmacy, Cairo University, Kasr El-Eini, Cairo 11562, Egypt']"
2003,Molecules,"['REQUIMTE/ Departamento de Química, Faculdade de Ciências, Universidade do Porto, 4169-007 Porto, Portugal']"
2003,Molecules,"['College of Pharmacy, Catholic University of Daegu, Hayang, 712-702, Korea']"
2003,Molecules,"['Faculty of Pharmaceutical Sciences, Tokushima Bunri University, Yamashiro-cho, Tokushima, 770-8514, Japan']"
2003,Molecules,"['DSM Nutritional Products§ R&amp;D Chemical Process Technology, P.O. Box 3255, Bldg. 214/0.61, CH- 4002 Basel, Switzerland']"
2003,Molecules,"['College of Chemistry and Molecule Engineering, Qingdao University of Science and Technology, Qingdao, Shandong 266042, P. R. China']"
2003,Sensors,"['School of Chemical Sciences, Universiti Sains Malaysia, 11800, Penang, Malaysia']"
2003,Sensors,"['Department of Chemistry, Graduate School, University of Science and Technology of China, Beijing P. R. 100039, China', 'Department of Chemistry, Graduate School, Chinese Academy of Science, Beijing P. R. 100039, China']"
2003,Entropy,"['Faculty 306, Naval University of Engineering, Wuhan 430033, P. R. China', 'Mechanical Engineering Department, U.S. Naval Academy, Annapolis, MD21402, USA']"
2003,Entropy,"['Osmangazi University, School of Engineering and Architecture, 26480 Batÿ Meselik, Eskisehir, Turkey', 'Ford - Otosan Ïnönü Plant, 26140 Eskisehir, Turkey', 'Osmangazi University, School of Engineering and Architecture, 26480 Batÿ Meselik, Eskisehir, Turkey', 'TEI-TUSAS Engine Industries, Inc. Çevre Yolu 162 26003, Eskisehir, Turkey']"
2003,Entropy,"['Osmangazi University, School of Engineering and Architecture, 26480 Batÿ Meselik, Eskisehir, Turkey']"
2003,Entropy,"['University of Zagreb, Faculty of Mechanical Engineering and Naval Architecture, I. Lucica 5, 10000 Zagreb, Croatia', 'University of Osijek, Mechanical Engineering Faculty, Trg I. B. Mazuranic 18, 35000 Slavonski Brod, Croatia']"
2003,Entropy,"['Mechanical Engineering Department, KFUPM, P.O. Box 1876, Dhahran 31261, Saudi Arabia']"
2003,Entropy,"['Applied Physics Department, Universidad Politénica de Valencia; Cno.de Vera s/n 46071 Valencia, Spain', 'Applied Thermodynamics Department, Universidad Politénica de Valencia; Cno.de Vera s/n 46071 Valencia, Spain']"
2003,Entropy,"['Department of Physics, Wuhan Institute of Chemical Technology, Wuhan, 430073, China', 'Department of Mechanical Engineering, U.S. Naval Academy, Annapolis, MD 21402, USA', 'School of Energy, Huazhong University of Science and Technology, Wuhan 430074, China', 'Technical Institute of Physics and Chemistry, Chinese Academy of Science, BeiJing 100080, China', 'Faculty 306, Naval academy of Engineering, Wuhan 430033, China']"
2003,Entropy,"['Department of Power Engineering, P. O. Box29, North China Electric Power University (NCEPU), Qingnian Road 204, Baoding, Hebei, 071003, P. R. China']"
2003,Entropy,"['Department of Mechanical Engineering, University of Waterloo, Waterloo, Ontario, N2L 3G1, Canada']"
2003,Entropy,"['Department of Mechanical Engineering, King Fahd University of Petroleum and Minerals, Dhahran 31261, Saudi Arabia']"
2003,Entropy,"['Centre for Energy Studies, Indian Institute of Technology, Delhi, New Delhi-110016, India']"
2003,Entropy,"['School of Manufacturing Engineering, University of Ontario Institute of Technology, 2000 Simcoe Street North Oshawa, Ontario L1H 7K4, Canada']"
2003,Int. J. Mol. Sci.,"['State Key Laboratory of Tribology, Tsinghua University, Beijing 100084, P.R. China']"
2003,Entropy,"['Faculté des Sciences, Département de Chimie, Université Badji Mokhtar, B.P.12, El-Hadjar, Annaba (23200), Algeria']"
2003,Sci. Pharm.,"['Department of Pharmaceutical Technology, Faculty of Pharmacy, Istanbul University, Üniversite3 41 16, Istanbul, Turkey', 'This study was presented at 11']"
2003,Sensors,"['Department of Chemistry, Wuhan University, Wuhan 430072, P. R.China']"
2003,Sensors,"['Chemistry Department, University of Isfahan, Isfahan 81746-73441, Iran']"
2003,Sensors,"['Karpov Research Institute For Physical Chemistry, ul. Vorontsovo Pole 10, 105064 Moscow, Russia']"
2003,Int. J. Mol. Sci.,"['Department of Chemitry, Faculty of Science, U.S.T.O, P.O. Box BP 1505 El Menaour, Oran-Algeria']"
2003,Int. J. Mol. Sci.,"['Indian Institute of Astrophysics, Bangalore-560034, India']"
2003,Math. Comput. Appl.,"['University of Firat, Technical Education Faculty, 23119 Elazig, Turkey']"
2003,Math. Comput. Appl.,"['Istanbul University, Faculty of Engineering, Department of Mechanical Engineering, 34850 Avcilar, Istanbul, Turkey']"
2003,Math. Comput. Appl.,"['Department of Mathematics and Theoretical Studies Laboratory, Institute of Advanced Technology University Putra Malaysia, 43400 UPM, Serdang, Selangor/Malaysia']"
2003,Math. Comput. Appl.,"['Karayolları 17.Bölge Müdürlügü, 80600, Zincirlikuyu, İst., Turkey', 'YıldlZTeknik Ünv., Elk. Müh. Bal., 80750 Beşiktaş, İst., Turkey']"
2003,Math. Comput. Appl.,"['Zonguldak Karaelmas University, Mechanical Eng. Department, 67100 Zonguldak']"
2003,Math. Comput. Appl.,"['Department of Electrical and Electronics Engineering, Cukurova University, Adana, 01330, Turkey']"
2003,Math. Comput. Appl.,"['Gazi University, Faculty of Technical Education, Department of Electronics and Computer Educatio, 06500 Teknikokullar, Ankara, Turkey']"
2003,Math. Comput. Appl.,"['Selcuk University, Faculty of Engineering &amp; Arch., 42031, Konya, Turkey']"
2003,Math. Comput. Appl.,"['Gazi University, Art-Science Faculty, Department of Physics, 06500, Ankara, Turkey']"
2003,Math. Comput. Appl.,['Universitatea ']
2003,Mar. Drugs,"['Department of Chemistry and Biochemistry, and Center of Excellence in Biomedical and Marine Biotechnology, Florida Atlantic University, Boca Raton, Florida 33431, USA']"
2003,Mar. Drugs,"['Department of Chemistry, University of California, Davis, California 95616, USA']"
2003,Mar. Drugs,"['State Key Laboratory of Microbial Technology, College of Life Sciences, Shandong University, Jinan 250100, Shandong Province, P. R. China', 'Department of Biochemistry, College of Biological Sciences, The Ohio State University, Columbus, Ohio 43210, USA']"
2003,Mar. Drugs,"['Department of Medicinal Chemistry, University of Utah, Salt Lake City, Utah 84112, USA', 'Universidade Federal do Paraná, Departamento de Zoologia, C.P. 19020, 81.531-980, Curitiba, Brazil']"
2003,Mar. Drugs,"['Institute of Pharmaceutical Biology, Heinrich-Heine-University Düsseldorf, Universitätsstr. 1, Geb. 26.23, D-40225 Düsseldorf, Germany']"
2003,Molecules,"['National Organization for Drug Control and Research (NODCAR), P.O. Box 29, Cairo, Egypt']"
2003,Molecules,"['Institute of Superfine Chemicals, Bohai University, Jinzhou, 121003, P.R. China', 'Dalian Institute of Chemical Physics, Chinese Academy of Sciences, Dalian, 116023, P. R. China']"
2003,Molecules,"['Laboratory of Physical Organic Chemistry, Department of Chemistry, Faculty of Sciences, University Mohammed The First, BP 524, 60 000 Oujda, Morocco', 'Laboratory of Chemistry of the Environment and Materials, Department of Chemistry, Faculty of Sciences, University Mohammed The First, BP 524, 60 000 Oujda, Morocco', 'Laboratory of Inorganic Solid Chemistry, Department of Chemistry, Faculty of Sciences, University Mohammed The First, BP 524, 60 000 Oujda, Morocco']"
2003,Molecules,"['Institute of Inorganic Chemistry of Slovak Academy of Sciences, Dúbravská cesta 9, Bratislava, Slovak Republic', 'Chemical Institute of Slovak Academy of Sciences, Dúbravská cesta 9, Bratislava, Slovak Republic']"
2003,Molecules,"['Faculty of Pharmacy in Hradec Králové, Charles University in Prague, Heyrovského 1205, 500 05 Hradec Králové, Czech Republic', 'Institute of Chemistry, Faculty of Natural Sciences, Comenius University, Mlynská dolina CH-2, 842 15 Bratislava, Slovak Republic', 'Department of Pharmacy, Division of Pharmacognosy, University of Helsinki, P.O. Box 56, (Viikinkaari 5), Helsinki, Finland', 'National Reference Laboratory for Mycobacterium Kansasii, Institute of Hygiene, 728 92 Ostrava, Czech Republic']"
2003,Mar. Drugs,"['Department of Chemistry, School of Pharmacy and Molecular Sciences, James Cook University, Townsville, Qld., 4811, Australia']"
2003,Mar. Drugs,"['Marine Drugs and Food Institute, Ocean University of China, Qingdao 266003, P. R. China']"
2003,Mar. Drugs,"['Molecules Editorial Office, Ocean University of China, Qingdao 266003, China', 'Molecular Diversity Preservation International (MDPI), Kandererstrasse 25, CH-4057 Basel, Switzerland']"
2003,Entropy,"['Experimental Economics, Todo1 Services Inc, Miami Fl 33126, USA', 'GATE, UMR 5824 CNRS - France']"
2003,Molecules,"['Central Laboratory for Food and Feed, Agricultural Research Centre, 9 El Gamaa St., Giza, Egypt']"
2003,Molecules,"['Department of Chemistry, University of Cincinnati, Cincinnati, OH 45221-0172, USA']"
2003,Molecules,"['Department of Pharmaceutical Biosciences, Division of Pharmaceutical Pharmacology, Uppsala Biomedical Center, Uppsala University, SE-751 24 Uppsala, Sweden', 'Department of Medicinal Chemistry, Division of Organic Pharmaceutical Chemistry, Uppsala Biomedical Center, Uppsala University, SE-751 24 Uppsala, Sweden', 'Department of Organic Chemistry, Uppsala University, Box 531, SE-751 21, Uppsala, Sweden', 'Faculty of Material Science and Applied Chemistry, Riga Technical University, Azenes 14/24, LV- 1048, Riga, Latvia', 'Melacure Therapeutics AB, Ulleråkersvägen 38, SE-756 43 Uppsala, Sweden']"
2003,Sensors,"['Departamento de Engenharia Elétrica, Universidade Federal de Campina Grande, Rua Aprígio Veloso 882, Bodocongó, Campina Grande – Paraíba, 58109-970, Brasil']"
2003,Sensors,"['Laboratoire d’Instrumentation Electronique de Nancy, Université Henri Poincaré Nancy-1, BP 239, 54506 Vandoeuvre, France']"
2003,Sensors,"['Institute for Physics of Semiconductors of National Academy of Sciences of Ukraine 45, Nauki av., 03028, Kyiv-28 Ukraine']"
2003,Sensors,"['Unité de Recherche de Physique des Semiconducteurs, IPEST, La Marsa, 2070 Tunis, Tunisia', 'Institut National des Sciences Appliquées et de Technologies, Centre Urbain Nord, Bp676, 1080 Charguia Cedex, Tunisia']"
2003,Sensors,"['School of Chemical Sciences, Universiti Sains Malaysia, 11800 Penang, Malaysia', 'School of Pharmaceutical Sciences, Universiti Sains Malaysia, 11800 Penang, Malaysia', 'School of Distance Education, Universiti Sains Malaysia, 11800 Penang, Malaysia']"
2003,Sensors,"['Karpov Research Institute for Physical Chemistry, 1050646 Moscow, Russia']"
2003,Sensors,"['School of Chemistry and Materials Science, Anhui Normal University, Wuhu 241000, China']"
2003,Sensors,"['Department of Physics of Semiconductors &amp; Microelectronics, Yerevan State University, 1, Alex Manoogian, Yerevan 375025, Armenia']"
2003,Sensors,"['Hot Lab. Center, Atomic Energy Authority, 13759-Cairo, Egypt']"
2003,Sensors,"['Institute of Technical Sciences of Serbian Academy of Sciences and Arts, Knez Mihailova 35/IV, 11000 Belgrade, Serbia-Montenegro', 'Center for Multidsciplinary Studies, University of Belgrade, Kneza Viseslava 1a, 11 000 Belgrade, Serbia-Montenegro', 'Faculty of Mining and Geology, Department of Crystallography, Djusina 7, 11000 Belgrade, Serbia- Montenegro', 'University Carlos III, Avda.de la Universidad 30, 28911 Leganes, Madrid, Spain']"
2003,Sensors,"['Department of Material Sciences, National University of Singapore, 10 Kent Ridge Crescent, Singapore 119260', 'Institute of Material Research and Engineering, Research Link 3, Singapore 117602']"
2003,Sci. Pharm.,"['National Organization for Drug Control and Research,6 Abou Hazem Street, Pyramids Ave, P.O. Box 29 Giza, Egypt', 'Department of Analytical Chemistry, Faculty of Pharmacy, Cairo University, Kasr El-Eini Street, ll562 Cairo, Egypt']"
2003,Int. J. Mol. Sci.,"['Laboratoire de chimie des polymères, Département de Chimie, Faculté des Sciences, Université d’Oran, BP 1524 El’Menouer Oran 31000 Algérie']"
2003,Int. J. Mol. Sci.,"['Department of Chemistry, Jadavpur University, Calcutta – 700032, India']"
2003,Sci. Pharm.,"['Department of Pharmaceutics, Institute of Technology, Banaras Hindu University Varanasi- 221 005, Utter.Pradesh., lndia', 'Present address: Ranbaxy Research Laboratories, 77-8, IFFCO Road, Sector-18, Gurgaon-I 22001, Haryana, lndia', 'Research and Development (R&amp;D IV, IP Cell), Ranbaxy Research Laboratories, 77- B, IFFCO Road, Sector-1 8, Gurgaon-122001, Haryana, lndia']"
2003,Sci. Pharm.,"['Pharmazeutische Chemie, Universität des Saar1andes, Postfach 11 50, 0-66041 Saarbrücken, Germany']"
2003,Molecules,"['University of Northern British Columbia, Department of Chemistry, 3333 University Way, Prince George, British Columbia, Canada']"
2003,Int. J. Mol. Sci.,"['Laboratoire de Chimie des Polymères, Département de Chimie, Faculté des Sciences, Université d’Oran, BP 1524 El’Menouer Oran 31000 Algérie']"
2003,Int. J. Mol. Sci.,"['Department of Alkali Halide Crystals, Institute for Single Crystals, National Academy of Science of Ukraine, 60 Lenina ave., Kharkiv 61072, Ukraine', 'Department of Molecular Biophysics, German Cancer Research Center, Im Neuenheimer Feld 280, 69120 Heidelberg, Germany', 'Department of Theoretical Physics, University of Paderborn, D-33098 Paderborn, Germany']"
2003,Sensors,['Central Building Research Institute Roorkee – 247 667 (Uttranchal) India']
2003,Sensors,"['Institute of Analytical Chemistry, Vienna University, Waehringer Strasse 38, A-1090 Vienna, Austria']"
2003,Sensors,"['Departameno de Quimica Analitica, Universidade Estadual Paulista, 14800-900, PO Box 355, Araraquara-SP, Brasil']"
2003,Sensors,"['Department of Chemistry, State Key Laboratory of Coordination Chemistry, Institute of Chemical Biology, Nanjing University, Nanjing 210093, China', 'Department of Chemistry, Changshu College of Jiangsu, Changshu 215500, China']"
2003,Sensors,"['Hefei Institute of Intelligent Machines, Chinese Academy of Sciences, Hefei, 230031, P. R. China', 'Department of Chemistry, University of Science and Technology of China, Hefei, 230026, P.R.China', 'Institute of Plasma Physics, Chinese Academy of Sciences, Hefei, 230031, P.R. China']"
2003,Sensors,"['School of Chemical Sciences, Universiti Sains Malaysia, 11800 Minden, Penang, Malaysia']"
2003,Sensors,"['University of Applied Sciences Aachen, Ginsterweg 1, 52428 Jülich, Germany', 'Institute of Thin Films and Interfaces, Research Centre Jülich GmbH, 52425 Jülich, Germany', 'New Mexico State University, Las Cruces, NM 88003-8001, USA']"
2003,Sci. Pharm.,"['Department of Pharmaceutical Chemistry, University of Vienna, Althanstrasse 14, A-1090 Vienna, Austria', 'Department of Chemistry, Calicut University, Kerala 673 635, India']"
2003,Molecules,"['Director of Chemistry, Amyris Biotechnologies, Inc., 5885 Hollis St, Suite 100, Emeryville, CA 94608, USA']"
2003,Int. J. Mol. Sci.,"['Department of Pharmacy, Faculty of Chemical-Pharmacy. Central University of Las Villas, Santa Clara, 54830, Villa Clara, Cuba', 'Department of Drug Design, Chemical Bioactive Center. Central University of Las Villas, Santa Clara, 54830, Villa Clara, Cuba', 'Faculty of Electrical Engineering. Central University of Las Villas, Santa Clara, 54830, Villa Clara, Cuba']"
2003,Int. J. Mol. Sci.,"['Department of Chemistry, Warsaw University, Pasteur 1 Street, 02-083 Warsaw, Poland', 'Department of Chemistry, University of Arizona, Tucson, Arizona 85721, USA']"
2003,Int. J. Mol. Sci.,"['Department of Physics, Bharathiar University, Coimbatore-641046, India', 'Department of Physics, Nallamuthu Gounder Mahalingam College, Pollachi-642 001, India']"
2003,Sensors,"['Division of Nephrology, The Kidney Research Centre, Ottawa Health Research Institute and University of Ottawa, 451 Smyth Road, Room 1333, Ottawa, Ontario, Canada']"
2003,Sensors,"['Institute of Marine Chemistry, Ocean University of China, Qingdao 266003, China', 'Department of Marine Science, the University of Georgia, Athens, GA 30602, USA']"
2003,Sensors,"['Department of Chemical Engineering, National Taiwan University, Taipei, Taiwan 10617, ROC']"
2003,Sensors,"['Shanghai Applied Radiation Institute, Shanghai University, Shanghai 201800, P.R.China']"
2003,Sensors,"['World Precision Instruments, Inc, Sarasota International Trade Center, 175 Sarasota Center Boulevard, Sarasota, FL 34240, USA']"
2003,Molecules,"['College of Pharmacy, Catholic University of Daegu, Hayang, 712-702, Korea']"
2003,Molecules,"['Department of Pharmacy, Faculty of Chemical-Pharmacy and Department of Drug Design, Bioactive Chemical Center. Central University of Las Villas, Santa Clara, 54830, Villa Clara, Cuba']"
2003,Molecules,"['Pharmacognosy Department, Faculty of Pharmacy, Cairo University, 11562, Cairo, Egypt']"
2003,Molecules,"['Laboratorio LADECOR (UNLP) and CINDECA (CONICET), Departamento de Química, Facultad de Ciencias Exactas, Universidad Nacional de La Plata, Calles 47 Y 115, (1900) La Plata, República Argentina']"
2003,Molecules,"['Institute of Chemistry, University of Podlasie, ul. 3-Maja 54, PL-08-110 Siedlce, Poland; Fax: (+48) 25-644-2045 and Institute of Organic Chemistry, Polish Academy of Sciences, ul. Kasprzaka 44/52, PL-01-224 Warszawa, Poland']"
2003,Sci. Pharm.,"['Department of Pharmaceutical Chemistry, Faculty of Pharmacy, Mahidol University, 447 Sri-Ayudhaya Rd., Rajathevee, Bangkok 10400, Thailand']"
2003,Sci. Pharm.,"['National Agricultural Research Foundation (NAGREF), Agricultural Research Centre of Macedonia &amp; Thrace, Department of Aromatic and Medicinal Plants, P.O. Box 60458, Thermi 57001, Thessaloniki, Greece', 'Department of Pharmaceutics, School of Pharmacy, Aristotle University of Thessaloniki, 54124, P.O. Box 1589, Thessaloniki, Greece']"
2003,Math. Comput. Appl.,"['Near East University, Department of Computer Engineering, P.O. Box 670, Letkosha, TRNC, Mersin-lO, Turkey']"
2003,Math. Comput. Appl.,"['Selçuk University, Technical Sci. Vocational High School. 42031, Konya, Turkey']"
2003,Math. Comput. Appl.,"['Tokyo Metropolitan Institute of Technology, Department of Electronic Systems Engineering, 6-6 Asahigaoka Hino-Shi, 19 1-0065, Tokyo, Japan']"
2003,Math. Comput. Appl.,"['Uludag University, Arts and Sciences Faculty, Physics Department, 16059 Gorukie Bursa, Turkey']"
2003,Math. Comput. Appl.,"['Dep. of Civil Eng. Celal Bayar University, 45040 Manisa, Turkey', 'Dep. of Civil Eng, M.Y.O., Sakarya University, 54188 Adapazari, Turkey', 'Dep. of Electrical and Electronics Eng. Celal Bayar University, 45040 Manisa, Turkey']"
2003,Math. Comput. Appl.,"['Uludag University, Arts and Sciences Faculty, Physics Department, 16059 Gorukle-Bursa, Turkey']"
2003,Math. Comput. Appl.,"['University of Bahrain, College of Information Technology, Department of Computer Engineering. P 0 Box 32038, Bahrain']"
2003,Math. Comput. Appl.,"['University of Gaziantep, Mathematics Department, 27310 Gaziantep, Turkey', 'Academy Sci., G.Javid 31A, Baku, 370143, Azerbaijan']"
2003,Math. Comput. Appl.,"['Indiana University, Department of Mathematics, Bloomington, IN47405']"
2003,Math. Comput. Appl.,"['Department of Mechanical Engineering, Celai Bayar University, 45140 Muradiye, Manisa, Turkey']"
2003,Math. Comput. Appl.,"['Istanbul Technical University, Faculty of Science and Letters, Maslak 80626, Istanbul, Turkey']"
2003,Math. Comput. Appl.,"['Uludağ University, Faculty of Engineering &amp; Architecture, Department of Electronics, 16059, Bursa, Turkey']"
2003,Math. Comput. Appl.,"['Department of Mathematical Sciences and International Institute for Symmetry Analysis and Mathematical Modelling, University of NorthWest, Private Bag X 2046, Mmabatho 2735, South Africa']"
2003,Molecules,"['Department of Chemistry, Faculty of Science, Bu Ali- Sina University, Zip Code 65174, Hamadan, Iran']"
2003,Molecules,"['Chemistry Department, Faculty of Science, Assiut University, P.O. Box 71516, Assiut, Egypt']"
2003,Molecules,"['Department of Pharmacognosy, Faculty of Pharmacy, Cairo University, Cairo 11562, Egypt']"
2003,Molecules,"['Department of Chemistry, Shanghai University, Shanghai, 200436, P.R. China']"
2003,Molecules,"['Director of Chemistry, Amyris Biotechnologies, Inc., 5885 Hollis St, Suite 100, Emeryville, CA 94608, USA']"
2003,Sensors,"['Department of Materials Science and Engineering, University of Cincinnati, Cincinnati, OH 45221- 0012, USA', 'Structural Dynamics Research Laboratory, Department of Mechanical, Industrial and Nuclear Engineering, University of Cincinnati, Cincinnati, OH 45221-0072, USA']"
2003,Sensors,"['Faculty of Mathematics and Informatics, Vilnius University, Naugarduko 24, 2600 Vilnius, Lithuania', 'Institute of Mathematics and Informatics, Akademijos 4, 2600 Vilnius, Lithuania', 'Institute of Biochemistry, Mokslininku 12, 2600 Vilnius, Lithuania']"
2003,Sensors,"['Sandia National Laboratories, P.O. Box 5800, Albuquerque, NM 87185, USA']"
2003,Sensors,"['Department of Chemistry, Indian Institute of Technology, Roorkee, Roorkee 247 667 (Uttaranchal) India', 'Department of Chemistry and Technology, Technical Faculty Bor, University of Belgrade, P.O.Box 50, 19219 Bor, Serbia', 'Department of Inorganic Chemistry, Technical University Chemnitz, Strasse der Nationen 62, Chemnitz, D-09111,Germany']"
2003,Sensors,"[""Laboratoire d'Electrochimie Organique et de Photochimie Rédox, UMR CNRS 5630, Institut de Chimie Moléculaire de Grenoble, FR CNRS 2607, Université Joseph Fourier, BP 53, 38041 Grenoble Cedex 9, France"", 'Institut für Organische Chemie, FB 2 Biologie, Chemie der Universität Postfach 330 440, D-28334 Bremen, Germany']"
2003,Sensors,"['Institute of Thin Films and Interfaces, Research Centre Jülich, D-52425 Jülich, Germany', 'Institute of Scientific and Industrial Research, Osaka University, 8-1 Mihogaoka, Ibaraki, Osaka 567-0047, Japan', 'University of Applied Sciences, Aachen, Division Jülich, Ginsterweg 1, D-52428, Jülich, Germany']"
2003,Entropy,"['Chemistry Department, University of Malaya, 50603 Kuala Lumpur, Malaysia']"
2003,Sci. Pharm.,"['Department of Medicinal Chemistry, College Of Pharmacy, University of Mansoura, Mansoura 35516, Egypt', 'Department of Medicinal Chemistry, College Of Pharmacy, King Saud University, P.O. Box 22452, Riyadh 11495, Saudi Arabia', 'Department of Pharmaceutical Chemistry, School of Pharmacy, Universrty of Alexandria, Alexandria 21521, Egypt']"
2003,Molecules,"['Department of Environmental Inorganic Chemistry, Chalmers University of Technology, SE-41296 Göteborg, Sweden', 'Institute of Inorganic Chemistry, Slovak Academy of Sciences, SK-84536 Bratislava, Slovakia', 'Department of Inorganic Chemistry, Faculty of Chemical and Food Technology, Slovak University of Technology, SK-81237 Bratislava, Slovakia', 'Department of Organic Chemistry, Faculty of Chemical and Food Technology, Slovak University of Technology, SK-81237 Bratislava, Slovakia', 'Institute of Chemistry, Slovak Academy of Sciences, SK-84538 Bratislava, Slovakia']"
2003,Molecules,"['Department of Chemistry, Umm Alqura University, P.O.Box 7283, Makkah, Saudi Arabia']"
2003,Molecules,"['Department of Chemistry, University of the West Indies, Mona Campus, Kingston 7, Jamaica, West Indies', 'Department of Chemistry, Tulane University, New Orleans, Louisiana 70118, USA', 'Chemical Crystallography Laboratory, Department of Chemistry, Imperial College of Science, Technology and Medicine, South Kensington, London SW7 2AY, UK']"
2003,Molecules,"['University of Applied Sciences Basel, Gründenstrasse 40, CH-4132 Muttenz, Switzerland', 'Actelion Pharmaceuticals Ltd, Gewerbestrasse 16, CH-4123 Allschwil, Switzerland']"
2003,Molecules,"['Department of Chemistry, Girl\x92s College of Education, Jeddah, P.O.50918 Jeddah 21533, Kingdom of Saudi Arabia']"
2003,Molecules,"['Department of Organic Chemistry, Slovak University of Technology, Radlinského Street 9, Slovakia']"
2003,Molecules,"['Department of Physical and Chemical Methodologies for Engineering, Engineering Faculty, University of Catania, V.le Andrea Doria 6, I-95125 Catania, Italy']"
2003,Entropy,"['ITODYS (CNRS-Université Paris 7, UMR 7086), 1 rue Guy de la Brosse, 75005 Paris, France']"
2003,Sci. Pharm.,"['Institute of Pharmaceutical Technology and Biopharmaceutics, Center of Pharmacy, University of Vienna, Althanstr. 14, A-I 090 Vienna, Austria']"
2003,Entropy,"['Arts and Sciences Faculty, Department of Mathematics, Harran University; 63100, Şanlıurfa, Turkey']"
2003,Molecules,"['Laboratory of Organic Synthesis, Novosibirsk Institute of Bioorganic Chemistry. Lavrentev av., 8, Novosibirsk, 630090, Russia']"
2003,Molecules,"['Department of Chemistry, Osaka Kyoiku University, Asahigaoka, Kashiwara, Osaka 582-8582, Japan']"
2003,Molecules,"['Institute of Molecular and Cellular Biosciences, University of Tokyo, Yayoi, Bunkyo-ku, Tokyo 113-0032, Japan']"
2003,Molecules,"['Institute of Chemistry, Chemical Research Center, Hungarian Academy of Sciences, Pusztaszeri út 59, H-1025 Budapest, Hungary', 'Institute of Organic Chemistry, Semmelweis University, H-1092 Budapest, Hőgyes E. u. 7., Hungary', 'Department of Chemistry, University of Antwerp (RUCA), Groenenborgerlaan 171, B-2020, Antwerpen, Belgium', 'Present address: CHINOIN Pharmaceutical Works Co. Ltd, H-1325 Budapest, PO Box 110, Hungary']"
2003,Molecules,"['Department of Pharmaceutical Chemistry, School of Pharmacy, Aristotelian University of Thessaloniki, Thessaloniki 54124, Greece']"
2003,Molecules,"['Chemistry Department, Moscow State University, Moscow 119899, Russia']"
2003,Molecules,"['Chemistry Department, Moscow State University, Moscow 119899, Russia']"
2003,Molecules,"['Chemistry Department, Moscow State University, Moscow 119899, Russia']"
2003,Sensors,"['Department of Chemistry, Pusan National University, Pusan 609-735, S. Korea', 'Department of Medical Engineering, Pusan National University, Pusan 609-735, S. Korea']"
2003,Sensors,"['Nanotechnology Research Laboratories, School of Engineering, Sheffield Hallam University, City Campus, Pond Street, Sheffield, S1 1WB, UK']"
2003,Entropy,"['Dipartimento di Fisica, Universitá di Cagliari, I-09042 Monserrato, Italy', 'Dipartimento di Fisica, Politecnico di Torino, Corso Duca degli Abruzzi 24, I-10129 Torino, Italy, and Istituto Nazionale di Fisica Nucleare, Sezione di Cagliari, I-09042 Monserrato, Italy']"
2003,Entropy,"['Institut Supérieur des Matériaux du Mans, 44, Avenue F.A. Bartholdi, 72000 Le Mans, France']"
2003,Entropy,"['Mechanical Engineering Department, CPS-University of Zaragoza; María de Luna, 3. E 50018, Zaragoza, Spain', 'Fundación CIRCE, CPS-University of Zaragoza, Zaragoza 50018, Spain']"
2003,Entropy,"['Landhausgasse 4/23, A-1010 Wien, Austria']"
2003,Entropy,"['Department of Mathematics, University of California, 405 Hilgard Ave., Los Angeles, CA 90095, USA']"
2003,Entropy,"['Wolfson College, OX2 6UD, Oxford, UK']"
2003,Entropy,"['Dept. of Economics and Natural Resources, Rolighedsvej 23, DK-1958 Frederiksberg C, Denmark']"
2003,Entropy,"['Department of Plant Science, University of Manitoba, Winnipeg, Manitoba, R3T 2N2, Canada']"
2003,Sensors,"['CECUL -Faculdade de Ciências da Universidade de Lisboa, Campo Grande, C 8 1749-016 Lisboa, Portugal']"
2003,Sensors,"['Institute of Biocybernetics and Biomedical Engineering, Polish Academy of Sciences, ul. Trojdena 4, 02-109 Warsaw, Poland']"
2003,Sci. Pharm.,"['Institute of Pharmaceutical Chemistry and Pharmaceutical Technology, Karl-Franzens University, Universitatsplatz 1, A-801 0 Graz, Austria']"
2003,Molbank,"['Laboratory of Organic Chemistry, Department of Chemical Engineering, College of Engineering, University of Thessaloniki, Thessaloniki 54006, Greece']"
2003,Molbank,"['Laboratory of Organic Chemistry, Department of Chemical Engineering, College of Engineering, University of Thessaloniki, Thessaloniki 54006, Greece']"
2003,Molbank,"['Laboratory of Organic Chemistry, Department of Chemical Engineering, College of Engineering, University of Thessaloniki, Thessaloniki 54006, Greece']"
2003,Molbank,"['Department of Organic Chemistry, Faculty of Science IV, University of Regensburg, Universitätsstrasse 31, 93051 Regensburg, Germany']"
2003,Molbank,"['Department of Organic Chemistry, Faculty of Science IV, University of Regensburg, Universitätsstrasse 31, 93051 Regensburg, Germany']"
2003,Molbank,"['Laboratoire de Chimie Organique Physique, Département de Chimie, Faculté des Sciences, Université Mohamed Premier, BP 524, 60000, Oujda, Maroc']"
2003,Molbank,"['Laboratoire de Chimie Organique Physique, Département de Chimie, Faculté des Sciences, Université Mohamed Premier, BP 524, 60000, Oujda, Maroc']"
2003,Sensors,"['Institute of Biocybernetics and Biomedical Engineering of the Polish Academy of Sciences, ul. Ks. Trojdena 4, 02-109 Warsaw, Poland']"
2003,Sensors,"['Department of Chemistry, State Key Laboratory of Coordination Chemistry, Institute of Chemical Biology, Nanjing University, Nanjing 210093, China']"
2003,Sensors,"['University of Applied Sciences Aachen, Ginsterweg 1, 52428 Jülich, Germany', 'Institute of Thin Films and Interfaces, Research Centre Jülich GMBH, 52425 Jülich, Germany', 'Department of Chemical and Environmental Engineering, University of Riversite California, Riversite , CA 92521, USA']"
2003,Entropy,"['Philosophy, University of Natal, Durban 4041, South Africa']"
2003,Int. J. Mol. Sci.,"['Institute of Physical and Theoretical Chemistry, Laboratory of Quantum Chemistry, I-30, Wrocław University of Technology, Wyb. Wyspiañskiego 27, 50-370 Wrocław, Poland']"
2003,Int. J. Mol. Sci.,"['Department of Chemistry, Jadavpur University, Calcutta - 700 032, India']"
2003,Int. J. Mol. Sci.,"['Steacie Institute for Molecular Sciences, National Research Council of Canada, Ottawa, K1A 0R6 Canada']"
2003,Int. J. Mol. Sci.,"['Faculty of Chemistry, University of Wrocław, 14 F. Joliot-Curie, 50-383 Wrocław, Poland']"
2003,Int. J. Mol. Sci.,"['Faculty of Chemistry, Jagiellonian University, 30-060 Kraków, Ingardena 3, Poland']"
2003,Int. J. Mol. Sci.,"['Computational Center for Molecular Structure and Interactions, Jackson State University, Department of Chemistry, 1325 J.R. Lynch St., Jackson, MS 39217-0510, USA']"
2003,Int. J. Mol. Sci.,"['Institute of Physical and Theoretical Chemistry, Laboratory of Quantum Chemistry, I-30, Wrocław University of Technology, Wyb. Wyspiañskiego 27, 50-370 Wrocław, Poland']"
2003,Molbank,"['Research Laboratory of Furan Chemistry, Kuban State University of Technology, Moskovskaya st. 2, Krasnodar 350072, Russian Federation', 'Department of Organic Chemistry, Kuban State University of Technology, Moskovskaya st. 2, Krasnodar 350072, Russian Federation']"
2003,Molbank,"['Research Laboratory of Furan Chemistry, Kuban State University of Technology, Moskovskaya st. 2, Krasnodar 350072, Russian Federation']"
2003,Molbank,"['Research Laboratory of Furan Chemistry, Kuban State University of Technology, Moskovskaya st. 2, Krasnodar 350072, Russian Federation']"
2003,Molbank,"['Chemistry Department, Faculty of Science, King Abdul-Aziz University, Jeddah 21589, P.O. Box 80203, Saudi Arabia']"
2003,Molbank,"['Chemistry Department, Faculty of Science, King Abdul-Aziz University, Jeddah 21589, P.O. Box 80203, Saudi Arabia']"
2003,Molbank,"['Department of Chemistry, Tamkang University, Taipei 25137, Taiwan']"
2003,Sci. Pharm.,"['Institute of Pharmacognosy, PharrnaCenterVienna, University of Vienna, AlthanstraOe 14, A-1 090 Vienna, Austria']"
2003,Entropy,"['Department of Quality, Faculty of Mech. Eng. and Naval Arch. - University of Zagreb, I. Lucica 1, HR - 10000 Zagreb, Croatia', 'Department of Physics, Faculty of Science - University of Zagreb, P.O.Box 331, HR - 10002, Zagreb, Croatia', 'Department of Control Engineering, Faculty of Mech. Eng. and Naval Arch. - University of Zagreb, I. Lucica 1, HR - 10000 Zagreb, Croatia']"
2003,Molbank,"['Romanian Academy, Institute of Macromolecular Chemistry ""Petru Poni"", Aleea Grigore Ghica Voda, Nr. 41 A, Iasi 6600, Romania']"
2003,Molbank,"['Romanian Academy, Institute of Macromolecular Chemistry ""Petru Poni"", Aleea Grigore Ghica Voda, Nr. 41 A, Iasi 6600, Romania']"
2003,Molbank,"['Romanian Academy, Institute of Macromolecular Chemistry ""Petru Poni"", Aleea Grigore Ghica Voda, Nr. 41 A, Iasi 6600, Romania']"
2003,Molbank,"['Romanian Academy, Institute of Macromolecular Chemistry ""Petru Poni"", Aleea Grigore Ghica Voda, Nr. 41 A, Iasi 6600, Romania']"
2003,Molbank,"['Department of Chemistry, The University of Canterbury, Private Bag 4800, Christchurch, New Zealand']"
2003,Molbank,"['Department of Chemistry, The University of Canterbury, Private Bag 4800, Christchurch, New Zealand']"
2003,Molbank,"[""Department of Chemistry, Shanghai Second Medical University, Shanghai-200025, People's Republic of China""]"
2003,Molbank,"[""Department of Chemistry, Shanghai Second Medical University, Shanghai-200025, People's Republic of China""]"
2003,Molbank,"['Institute of Advanced Material Study and Graduate School of Engineering Sciences, Kyushu University, 6-1, Kasuga-koh-en, Kasuga-shi 816-8580, Japan80, Japan']"
2003,Molecules,"['Institut für Organische Chemie, Universität Regensburg, D-93040 Regensburg, Germany']"
2003,Molecules,"['Centro de Investigaciones de Producto Naturales, Facultad de Quimica, Universidad de La Habana, Zapata y G, Vedado, 10400 Habana, Cuba', 'Fachbereich Chemie der Universität Rostock, D-18051 Rostock, Germany']"
2003,Molecules,"['College of Chemistry and Chemical Engineering, Lanzhou University, Lanzhou, 730000, P. R.China', 'Chemistry Department, Guangxi University for Nationalities, Nanning, 530006, P. R. China']"
2003,Molecules,"['Department of Chemistry, Faculty of Science, Alexandria University, Ibrahimia, P.O. Box 426, Alexandria 21321, Egypt']"
2003,Molecules,"['CEQUINOR, Departamento de Química, Facultad de Ciencias Exactas, Universidad Nacional de La Plata, Calles 47 y 115, C.C. 962, La Plata 1900, Argentina']"
2003,Molecules,"['Department of Chemistry, South China Normal University, Guangzhou 510631, P.R. China', 'Department of Chemistry, Lanzhou University，Lanzhou 730000, P.R. China', 'Chengdu Centre of Analysis and Measurement, Chinese Academy of Sciences, Chengdu 610015, P.R. China']"
2003,Molecules,"['National Organization for Drug Control and Research, P.O. Box 29, Cairo, A.R. Egypt', 'Current address: Department of Chemistry and Biochemistry, Florida Atlantic University, 777 Glades Road, P.O. Box 3091, Boca Raton, FL 33431-0991, USA']"
2003,Int. J. Mol. Sci.,"['Department of Chemistry, University of Kalyani, Kalyani – 741235, India']"
2003,Int. J. Mol. Sci.,"['INRS-Institut Armand-Frappier, 531 Boul. des Prairies, Laval, Québec, Canada']"
2003,Int. J. Mol. Sci.,"['Chemistry Department, University of South Africa, P.O. Box 392, UNISA, Pretoria 0003, Republic of South Africa']"
2003,Int. J. Mol. Sci.,"['Department of Chemistry, University of Pennsylvania, Philadelphia, PA 19104, USA', 'Department of Chemistry, Jadavpur University, Calcutta - 700 032, India']"
2003,Int. J. Mol. Sci.,"['Laboratoire de Physique de la Matière Molle Département de Physique, Faculté des Sciences de Tunis, 1060 Tunisia']"
2003,Int. J. Mol. Sci.,"['Laboratoire de Chimie des Polymères, Département de Chimie, Faculté des Sciences, Université d’Oran Es-Sènia BP N° 1524 El M’Naouar, 31000, Oran, Algeria']"
2003,Sci. Pharm.,"['PharmazeutischesIn stitut der Universitat, An der Immenburg 4, D-53121 Bonn, Germany', 'National Medical University of Mongolia, Choidog St. 3, Ulaanbaatar 48/111, Mongolia', 'Institute of Chemistry and Chemical Technology, Mongolian Academy of Science, Ulaanbaatar-5 1, Mongolia']"
2003,Sci. Pharm.,"['lnstitute of Pharmacognosy, University of Vienna, Centre of Pharmacy, Althanstrasse 14, A-1 090 Vienna, Austria', 'lnstitute for Applied Botany, Univ. of Veterinary Medicine, Veterinarplatz 1, A-1 21 0 Vienna, Austria']"
2003,Sci. Pharm.,"['lnstitute of Pharmacognosy, University of Vienna, PharmaCenter Vienna, Althanstrasse 14, A-1 090 Vienna, Austria', 'lnstitute of Pharmaceutical Chemistry, Karl Franzens University, Universitatsplatz 1, A-801 0 Graz, Austria', 'Presented at the 50']"
2003,Sensors,"['Institute of Plasma Physics, Chinese Academy of Science, Hefei, 230031, P.R. China', 'Hefei Institute of Intelligent Machines, Chinese Academy of Science, Hefei, 230031, P.R. China', 'College of Chemistry and Molecular Science, Wuhan University, Wuhan, 430072, P.R. China']"
2003,Sci. Pharm.,"['Pharmacy Group, Birla Institute of Technology and Science, Pilani-333 03 1 (Rajasthan), India']"
2003,Molbank,"['Institute of Chemistry, University of Podlasie, ul. 3 Maja 54, PL-08-110 Siedlce, Poland', 'Institute of Organic Chemistry, Polish Academy of Sciences, ul. Kasprzaka 44/52, PL-01-224 Warszawa, Poland']"
2003,Molbank,"['Tianjin Institute for Biomedicinal Research (TIBiR), 3F. D2-Building, Xinmao Technology Park, Huayuan Industrial District, Tianjin 300384, China', 'Shenyang Pharmaceutical University, Shenyang 110016, China', 'Marine Drug and Food Institute, Ocean University of China, Qingdao 266003, China', 'The Institute of Physical and Chemical Research (RIKEN), Saitama 351-0198, Japan']"
2003,Molbank,"['Tianjin Institute for Biomedicinal Research (TIBiR), 3F. D2-Building, Xinmao Technology Park, Huayuan Industrial District, Tianjin 300384, China', 'Shenyang Pharmaceutical University, Shenyang 110016, China', 'Marine Drug and Food Institute, Ocean University of China, Qingdao 266003, China', 'The Institute of Physical and Chemical Research (RIKEN), Saitama 351-0198, Japan']"
2003,Molbank,"['Organic Chemistry Laboratory, Central Leather Research Institute, Adyar, Chennai-600020, Tamil Nadu, India']"
2003,Molecules,"['Department of Chemical Science and Engineering, Faculty of Engineering, Kobe University, Rokkodai-cho, Nada-ku, Kobe 657-8501, Japan']"
2003,Molecules,"['Xavier University of Louisiana, College of Pharmacy, Division of Basic Pharmaceutical Sciences, 1 Drexel Drive, New Orleans, LA 70125, USA', 'Department of Organic Chemistry, University of Mons-Hainaut, 20 Place du Parc, B-7000 Mons, Belgium']"
2003,Molecules,"['Department of Chemistry, University of Jammu, Jammu-180 006, India']"
2003,Molecules,"['Organic Polymer Chemistry Research Laboratory, College of Chemistry, Isfahan University of Technology, Isfahan 84156, IR Iran']"
2003,Int. J. Mol. Sci.,"['Vostok Holding Innovation Company, Sadik Azim 4th street, 15, Tashkent 700000, Uzbekistan', 'CEQUINOR, Chemistry Department, Faculty of Exact Sciences, La Plata University, C.C. 962, 1900 La Plata, Argentina']"
2003,Int. J. Mol. Sci.,"['St.Petersburg Technical University, Polytechnicheskaja 29 19551, St.Petersburg, Russia', 'Lab.Physique Quantique, Universit¶e P. Sabatier 118 Rte de Narbonne, 31062 Toulouse cedex, France', 'Institut fÄur Theoretische Physik, UniversitÄat Erlangen, Staudtstrasse 7, D-91058 Erlangen, Germany']"
2003,Int. J. Mol. Sci.,"['Institut für Organische Chemie, University of Tübingen, Auf der Morgenstelle 18, 72076 Tübingen, Germany']"
2003,Int. J. Mol. Sci.,"['Department of Physics, Kansas State University, Manhattan, KS 66506, USA']"
2003,Int. J. Mol. Sci.,"['Department of Chemistry, University of Patras, GR-26500 Patras, Greece']"
2003,Int. J. Mol. Sci.,"['Département de chimie Faculté des Sciences et Techniques Fès-Saïss Université Sidi Mohamed Ben Abdellah B.P.2202 Route D’Immouzzer, Fès, Morocco', 'Département de Physique, Faculté des Sciences et Techniques Fès-Saïss Université Sidi Mohamed Ben Abdellah B.P.2202 Route D’Immouzzer, Fès, Morocco', 'Département de chimie Faculté des sciences Université Moulay Ismail B.P.4010 Bni M’Hamed Meknes, Morocco']"
2003,Sci. Pharm.,"['Division of Medicinal Chemistry, Faculty of Medicine and Allied Sciences, King Abdul-Aziz University, P.O. Box 80205, Jeddah 2 1589, Kingdom Saudi Arabia', 'School of Pharmacy, University of Mississippi, Mississippi 38677, USA', 'Department of Pharmaceutical Chemistry, Faculty of Pharmacy, Alexandria University, 2 12 15 Alexandria, A. R. Egypt']"
2003,Molbank,"['Faculty of Pharmacy, Medical University of Sofia, Dunav 2, BG-1000 Sofia, Bulgaria']"
2003,Molbank,"['Faculty of Pharmacy, Medical University of Sofia, Dunav 2, BG-1000 Sofia, Bulgaria']"
2003,Molbank,"['Faculty of Pharmacy, Medical University of Sofia, Dunav 2, BG-1000 Sofia, Bulgaria']"
2003,Sci. Pharm.,['Institut fiir Pharrnazeutische Chemie der Universitat Wien. AlthanstraBe 14. A- 1090 Wien. Osterreich']
2003,Molbank,"['University of Northern British Columbia, Department of Chemistry, 3333 University Way, Prince George, British Columbia, Canada, V2N 4Z9']"
2003,Molbank,"['University of Northern British Columbia, Department of Chemistry, 3333 University Way, Prince George, British Columbia, Canada, V2N 4Z9']"
2003,Molbank,"['University of Northern British Columbia, Department of Chemistry, 3333 University Way, Prince George, British Columbia, Canada, V2N 4Z9']"
2003,Molbank,"['University of Northern British Columbia, Department of Chemistry, 3333 University Way, Prince George, British Columbia, Canada, V2N 4Z9']"
2003,Molbank,"['University of Northern British Columbia, Department of Chemistry, 3333 University Way, Prince George, British Columbia, Canada, V2N 4Z9']"
2003,Sci. Pharm.,"['Institute of Pharmacy, University of Hamburg, Bundesstrasse 45, 20146 Hamburg, Germany']"
2003,Int. J. Mol. Sci.,"['Department of Physics, Northeastern University, Av. Libertad 5500, W 3404 AAS Corrientes, Argentina', 'Department of Chemistry, University of Copenhagen, Universitetsparken 5, DK-2100 Copenhagen Ø, Denmark']"
2003,Int. J. Mol. Sci.,"['The Department of Chemistry, The University, Sheffield S3 7HF, UK']"
2003,Int. J. Mol. Sci.,"['Departamento de Física, Facultad de Ciencias Exactas y Naturales, Universidad de Buenos Aires, Ciudad Universitaria Pab. 1, (1428) Buenos Aires, Argentina', 'Molsoft LLC, 3366 N Torrey Pines Ct., Ste 300, La Jolla, CA 92037, USA.']"
2003,Int. J. Mol. Sci.,"['Istituto per la Tecnologia delle Membrane del CNR, Sezione di Padova, Dipartimento di Chimica Organica, Università di Padova, Via Marzolo 1, 35131 Padova, Italy', 'Dipartimento di Chimica Inorganica e Analitica ""Stanislao Cannizzaro"", Università di Palermo, Viale delle Scienze Parco d\'Orleans II, 90128 Palermo, Italy']"
2003,Int. J. Mol. Sci.,"['Department of Theoretical Chemistry, GÄoteborg University, S-413 20 GÄoteborg, Sweden']"
2003,Math. Comput. Appl.,"['Department of Mathematics, Faculty of Science, Anadolu University 26470 Eskisehir, Turkey']"
2003,Math. Comput. Appl.,"['Anadolu University, Faculty of Science, Department of Mathematics, 26470, Eskisehir, Turkey']"
2003,Math. Comput. Appl.,"['Anadolu University, Faculty of Science, Department of Mathematics, 26470 Eskisehir, Turkey']"
2003,Math. Comput. Appl.,"['Marmara University, Faculty of Science and Arts, 81040, Istanbul. Turkey']"
2003,Math. Comput. Appl.,"['School of Mathematics and Centre for Differential Equations, Continuum Mechanics and Applications, University of the Witwatersrand, P. O. Wits 2050, Johannesburg, South Africa']"
2003,Math. Comput. Appl.,"['Selçuk University, Technical Collage, Sarayönü, 42430 Konya, Turkey']"
2003,Math. Comput. Appl.,"['Centre for Differential Equations, Continuum Mechanics and Applications, School of Computational and Applied Mathematics, University of the Witwatersrand, Wits 2050, Johannesburg, South Africa']"
2003,Math. Comput. Appl.,"['School of Computational and Applied Mathematics, Centre for Differential Equations, Continuum Mechanics and Applications, University of the Witwatersrand, Private Bag 3, Wits 2050, Johannesburg, South Africa']"
2003,Math. Comput. Appl.,"['Departrnent of Agricultural Machinery, Faculty of Agriculture, Selcuk University, 42031 Konya, Turkey']"
2003,Math. Comput. Appl.,"['University of Gaziantep, Department of Industrial Engineering, 27310 Gaziantep, Turkey']"
2003,Math. Comput. Appl.,"['Ege University, Department of Mathematics, 35100, Bornova-Izmir / TURKEY']"
2003,Math. Comput. Appl.,"['Azerbaijan State Oil Research and Project Institute ( AzNSETLI), Aga - Neymatullah str. 39, 370033, Baku, Azerbaijan']"
2003,Math. Comput. Appl.,"['Azerbaijan State Oil Research and Project Institute ( AzNSETLI), Aga - Neymatullab str.39, 370033, Baku, Azerbaijan']"
2003,Math. Comput. Appl.,"['Department of Electrical and Electronics Engineering, College of Engineering University of Bahrain, P.O. Box 33547, Tha Town, State of Bahrain']"
2003,Molecules,"['Faculty of Textile Technology, University of Zagreb, Pierottijeva 6, 10000 Zagreb, Croatia', 'Department of Chemistry and Center for Biotechnology and Drug Design, Georgia State University, Atlanta, Georgia 30303-3083, USA', 'Department of Organic Chemistry, Faculty of Chemical Engineering and Technology, University of Zagreb, Marulicev trg 20, 10000 Zagreb, Croatia']"
2003,Molecules,"['Department of Chemistry, Faculty of Sciences, University of Kashan, 51167 Kashan, I. R. Iran']"
2003,Molecules,"['Department of Physical and Chemical Methodologies for Engineering, Engineering Faculty, University of Catania, V.le Andrea Doria 6, I-95125 Catania, Italy', 'Department of Economy and Territory, Economy Faculty, University of Catania, Cso Italia 55, I-95129 Catania, Italy']"
2003,Molecules,"['Department of Macromolecules, Faculty of Industrial Chemistry, “Gh.Asachi” Technical University of Iaşi, Bd. D. Mangeron, no 71 A, 6600 Iaşi, Romania', 'Department of Organic Chemistry “Al.I.Cuza” University of Iaşi, Bd. Carol, no 11, 6600 Iaşi, Romania']"
2003,Molbank,"['University of Northern British Columbia, Department of Chemistry, 3333 University Way, Prince George, British Columbia, Canada, V2N 4Z9']"
2003,Molbank,"['University of Northern British Columbia, Department of Chemistry, 3333 University Way, Prince George, British Columbia, Canada, V2N 4Z9']"
2003,Sensors,"['School of Biological and Environmental Engineering, Jiangsu University, Zhenjiang, Jiangsu 212013, China']"
2003,Sensors,"['State Key Laboratory for Chemo/Biosensing and Chemometrics, College of Chemistry and Chemical Engineering, Hunan University, Changsha, 410082, P. R. China']"
2003,Sensors,"['School of Chemical Sciences &amp; Food Technology, Faculty of Science and Technology, Universiti Kebangsaan Malaysia, 43600 Bangi, Selangor, Malaysia']"
2003,Molbank,"['University of Northern British Columbia, Department of Chemistry, 3333 University Way, Prince George, British Columbia, Canada, V2N 4Z9']"
2003,Molbank,"['Institute of Chemistry, University of Podlasie, ul. 3 Maja 54, PL-08-110 Siedlce, Poland']"
2003,Molbank,"['Department of Chemistry, Faculty of Science, United Arab Emirates University, P.O.Box 17551 Al-Ain, UAE']"
2003,Molbank,"['Department of Chemistry, Faculty of Science, United Arab Emirates University, P.O.Box 17551 Al-Ain, UAE']"
2003,Molbank,"['Department of Chemistry, Faculty of Science, United Arab Emirates University, P.O.Box 17551 Al-Ain, UAE']"
2003,Molbank,"['Departamento de Química Inorgánica y Orgánica, Facultad de Ciencias Experimentales, Universidad de Jaén, 23071 Jaén, Spain']"
2003,Molbank,"['Departamento de Química Inorgánica y Orgánica, Facultad de Ciencias Experimentales, Universidad de Jaén, 23071 Jaén, Spain']"
2003,Molbank,"['Departamento de Química Inorgánica y Orgánica, Facultad de Ciencias Experimentales, Universidad de Jaén, 23071 Jaén, Spain']"
2003,Molbank,"['epartamento de Química Inorgánica y Orgánica, Facultad de Ciencias Experimentales, Universidad de Jaén, 23071 Jaén, Spain']"
2003,Molbank,"['Departamento de Química Inorgánica y Orgánica, Facultad de Ciencias Experimentales, Universidad de Jaén, 23071 Jaén, Spain']"
2003,Molbank,"['Departamento de Química Inorgánica y Orgánica, Facultad de Ciencias Experimentales, Universidad de Jaén, 23071 Jaén, Spain']"
2003,Molbank,"['Departamento de Química Inorgánica y Orgánica, Facultad de Ciencias Experimentales, Universidad de Jaén, 23071 Jaén, Spain']"
2003,Sci. Pharm.,"['Department of Pharmaceutics, Faculty of Sciences University of Oslo, P.O.Box 1068, 0316 Oslo, Norway']"
2003,Molecules,"['Department of Chemistry, Shantou University, Shantou 515063, P.R.China', 'Department of Chemistry, Zhejiang University, Hangzhou 310027, P.R.China', 'Department of Pharmacy, Zhejiang University City College, Hangzhou 310015, P.R.China']"
2003,Molecules,"['Chemistry Department, College of Science, King Khalid University, Abha, P.O.Box 9059, Kingdom of Saudi Arabia']"
2003,Molecules,"['Département de Chimie, Faculté des Sciences Dhar El Mehraz, 30000 Fès, Morocco', 'CEMES, CNRS, 29, rue Jeanne Marvig, 31055 Toulouse Cedex 04, France', 'Département de Chimie, Faculté des Sciences, 60000 Oujda, Morocco']"
2003,Molecules,"['Department of Organic Chemistry, Ivan Franko Lviv National University, Kyryla &amp; Mefodiya St. 6, Lviv 79005, Ukraine']"
2003,Molecules,"['No. 88, Centre for Natural Products, SPIC Science Foundation, Mount Road, Guindy, Chennai – 600 032, India']"
2003,Molecules,"['Chair of Organic and Bioorganic Chemistry, Saratov State University, 83 Astrakhanskaya Str., Saratov 410026, Russia']"
2003,Molecules,"['Department of Chemistry, University of Prince Edward Island, 550 University Avenue, Charlottetown, PE, C1A 4P3, Canada']"
2003,Molbank,"['Institute of Applied Synthetic Chemistry, Vienna University of Technology, Getreidemarkt 9/163OC, A-1060 Vienna, Austria']"
2003,Molbank,"['Institute of Applied Synthetic Chemistry, Vienna University of Technology, Getreidemarkt 9/163OC, A-1060 Vienna, Austria']"
2003,Molbank,"['Institute of Applied Synthetic Chemistry, Vienna University of Technology, Getreidemarkt 9/163OC, A-1060 Vienna, Austria']"
2003,Molbank,"['Institute of Applied Synthetic Chemistry, Vienna University of Technology, Getreidemarkt 9/163OC, A-1060 Vienna, Austria']"
2003,Int. J. Mol. Sci.,"['Department of Chemistry, University of Warsaw, Pasteura 1, 02-093 Warsaw, Poland', 'Department of Chemistry, University of Oslo, Box 1033, Blindern, N-0315 Oslo, Norway']"
2003,Int. J. Mol. Sci.,"['Laboratory of NMR Spectroscopy, Department of Chemistry, University of Warsaw, ul. Pasteura 1, 02-093 Warszawa, Poland']"
2003,Int. J. Mol. Sci.,"['Department of Chemistry, University of Tromsø, N-9037 Tromsø, Norway', 'Dipartimento di Chimica Generale ed Inorganica, Universit`a di Parma, viale delle Scienze, 43100 Parma, Italy', 'Dipartimento di Chimica e Chimica Industriale, Universit`a di Pisa, via Risorgimento 35, 56126 Pisa, Italy']"
2003,Int. J. Mol. Sci.,"['NMR laboratory, Department of Chemistry, Moscow State University, Moscow, 119899, Russia']"
2003,Int. J. Mol. Sci.,"['Departamento de Química y Física, FCEF-QyN Universidad Nacional de Río Cuarto, Ruta Nac. 36, Km 601, (5800) Río Cuarto, Argentina', 'Departamento de Física, FCEyN, Universidad de Buenos Aires and CONICET, Ciudad Universitaria, Pab. 1, (1428), Buenos Aires, Argentina', 'Departamento de Química Física Aplicada, Facultad de Ciencias C2. Universidad Autónoma de Madrid, E-28049, Madrid, Spain', 'Departamento de Química Física, Facultad de Ciencias, Universidad de Alicante, E-03080 Alicante, Spain']"
2003,Int. J. Mol. Sci.,"['Instituto de Química Médica, C.S.I.C., Juan de la Cierva, 3, E-28006 Madrid, Spain']"
2003,Int. J. Mol. Sci.,"['Department of Chemistry, University of Copenhagen, Universitetsparken 5, DK-2100 Copenhagen Ø, Denmark']"
2003,Molbank,"['Institute of Applied Synthetic Chemistry, Vienna University of Technology, Getreidemarkt 9/163OC, A-1060 Vienna, Austria']"
2003,Molbank,"['Institute of Applied Synthetic Chemistry, Vienna University of Technology, Getreidemarkt 9/163OC, A-1060 Vienna, Austria']"
2003,Molbank,"['Institute of Applied Synthetic Chemistry, Vienna University of Technology, Getreidemarkt 9/163OC, A-1060 Vienna, Austria']"
2003,Molbank,"['Institut fuer Organische Chemie, Universitaet Regensburg, D-93040 Regensburg, Germany']"
2003,Molbank,"['Institut fuer Organische Chemie, Universitaet Regensburg, D-93040 Regensburg, Germany']"
2003,Sensors,"['Dept. of Electrical Engineering and Materials Research Institute, The Pennsylvania State University, 217 Materials Research Laboratory, University Park, PA 16802, USA', 'SenTech Corporation, 200 Innovation Boulevard Suite 236, State College, PA 16803, USA', 'Dept. of Materials Science and Engineering, The Pennsylvania State University, University Park, PA 16802, USA', 'Dept. of Chemical Engineering, The Pennsylvania State University, University Park, PA 16802, USA', ""Division of Newborn Medicine, Penn State Children's Hospital, The Milton S. Hershey Medical Center, 500 University Drive, Hershey, PA 17033, USA""]"
2003,Sensors,"['Faculty of Chemistry and Material Science, Hubei University, Wuhan 430062, China']"
2003,Molbank,"['Institute of Pharmaceutical Chemistry, University of Vienna, Althanstraße 14, A-1090 Vienna, Austria']"
2003,Molbank,"['The Key Laboratory of Gene Engineering of Ministry of Education / Department of Chemistry, Zhongshan University, Guangzhou 510275, China', 'College of Chemistry and Molecular Engineering, Peking University, Beijing 100871, China']"
2003,Molbank,"['State Key Laboratory of Optoelectronic Materials and Technologies / Department of Chemistry, Zhongshan University, Guangzhou 510275, P. R. China']"
2003,Molbank,"['State Key Laboratory of Optoelectronic Materials and Technologies / Department of Chemistry, Zhongshan University, Guangzhou 510275, P. R. China']"
2003,Molbank,"['State Key Laboratory of Optoelectronic Materials and Technologies / Department of Chemistry, Zhongshan University, Guangzhou 510275, P. R. China']"
2003,Molbank,"['State Key Laboratory of Optoelectronic Materials and Technologies / Department of Chemistry, Zhongshan University, Guangzhou 510275, P. R. China']"
2003,Sensors,"['UNESCO Laboratory of Environmental Electrochemistry, Department of Analytical Chemistry, Charles University, 128 43 Prague 2, Czech Republic', 'Center for Ecology, Toxicology and Analysis, Research Institute for Organic Syntheses, 532 18 Pardubice-Rybitví, Czech Republic']"
2003,Molbank,"['Chemistry Department, Faculty of Science, King Abdul-Aziz University, Jeddah 21589, P.O. Box 80203, Saudi Arabia']"
2003,Molbank,"['Chemistry Department, Faculty of Science, King Abdul-Aziz University, Jeddah 21589, P.O. Box 80203, Saudi Arabia']"
2003,Molbank,"['Chemistry Department, Faculty of Science, King Abdul-Aziz University, Jeddah 21589, P.O. Box 80203, Saudi Arabia']"
2003,Molbank,"['Chemistry Department, Faculty of Science, King Abdul-Aziz University, Jeddah 21589, P.O. Box 80203, Saudi Arabia']"
2003,Molbank,"['Faculté des Sciences Dhar El Mehraz, Departement de Chimie, 30000 Fès, Morocco', ""Faculté des Sciences d'Oujda, Departement de Chimie, 60000 Oujda, Morocco""]"
2003,Molbank,"['Institut fuer Organische Chemie, Universitaet Regensburg, D-93040 Regensburg, Germany']"
2003,Entropy,"['Fundación CIRCE, CPS-Universidad de Zaragoza, Zaragoza 50018, Spain', 'Molecules Editorial Office, Ocean University of China, Qingdao 266003, Shandong Province, China', 'Molecular Diversity Preservation International (MDPI), Kandererstrasse 25, CH-4057 Basel, Switzerland']"
2003,Molecules,"['Ivanovo State University of Chemistry and Technology, pr. F. Engel’sa 7, Ivanovo, Russia', 'Institute of Chemistry of Solutions RAS, Akademicheskaya, 1, Ivanovo, Russia', 'E.N.S.T.A., 32 Boulevard Victor 75739 Paris CEDEX, France']"
2003,Molecules,"['MDPI, Kandererstrasse 25, CH-4057 Basel, Switzerland']"
2003,Sci. Pharm.,"['Department of Pharmaceutics, King Saud University, P.O Box 2457, Riyadh 11451, College of Pharmacy, Saudi Arabia', 'Department of Pharmacology College of Pharmacy, King Saud University, P.O Box 2457, Riyadh 11451, College of Pharmacy, Saudi Arabia']"
2003,Entropy,"['University of San Diego, Department of Physics, 5998 Alcala Park, San Diego, CA, USA']"
2003,Entropy,"['Institute of Design and Technology Assessment, Vienna University of Technology, Favoritenstr. 9-11, A-1040 Vienna, Austria']"
2003,Entropy,"['Geophysical Institute, University of Alaska-Fairbanks, Fairbanks AK 99775-7320, USA']"
2003,Entropy,"['Dipartimento di Fisica ""E.R. Caianiello"" Universitá di Salerno, 84081 Baronissi (Sa), Italy', 'Center for Theoretical Physics, Massachusetts Institute of Technology -77, Massachusetts Avenue - Cambridge MA 02139 - 4307, USA']"
2003,Entropy,"['MDPI, Saengergasse 25, CH-4054 Basel, Switzerland']"
2003,Sci. Pharm.,"['Department of Pharmaceutical Organic Chemistry, Faculty of Pharmacy, University of Mansoura, Mansoura 35516, EGYPT', 'Department of Medicinal Chemistry, Faculty of Pharmacy, University of Mansoura, Mansoura 35516, EGYPT']"
2003,Molecules,"['Department of Chemistry, Nankai University, Tianjin 300071, P. R. China', 'Present address: College of Life Sciences, Nankai University, Tianjin 300071, P. R. China']"
2003,Molecules,"['Research and Development Center of Fine Chemicals, Guizhou University, Guiyang, 550025, P.R. China']"
2003,Molecules,"['Institut Universitari de Ciència Molecular, Universitat de València, Dr. Moliner 50, E-46100 Burjassot, València, Spain']"
2003,Molecules,"['Chien-Shiung Wu Laboratory, Southeast University, Nanjing 210096, P.R. China']"
2003,Molecules,"['Department of Biochemistry and Clinical Chemistry, Medical University of Warsaw, 1 Banacha St, 02-097 Warsaw, Poland', 'Department of General Surgery and Liver Diseases, Medical University of Warsaw, 1A Banacha St, 02-097 Warsaw, Poland', 'Central Hospital of Ministry for Home Affairs and Administration, 137 Woloska St, Warsaw, Poland']"
2003,Molecules,"['Department of Physics, Toyama University, 3190 Gofuku, Toyama 930-8555, Japan']"
2003,Molecules,"['School of Science, Donghua University, 1882 West Yan-An Road, Shanghai 200051, China', 'Institute for Computational Science and Engineering, Ocean University of China, Shandong 266003, China', 'Department of Brain Science and Engineering, Graduate School of Life Science and Systems Engineering, Kyushu Institute of Technology, Wakamatsu-Ku, Kitakyushu 808-0196, Japan', 'Shanghai Telecommunication Corporation, Shanghai 200092, China', 'Department of Physics and Astronomy, The University of British Columbia, Vancouver, BC V6T 1Z1, Canada']"
2003,Molecules,"['Department of Physics, Toyama University, Gofuku, Toyama, 930-8555, Japan']"
2003,Molecules,"['Department of Physics, Toyama University, Toyama 930-8555, Japan']"
2003,Molecules,"['Department of Chemistry, Jinan University, Guangzhou, 510632, China']"
2003,Molecules,"['Brantford Chemicals Inc., 34 Spalding Dr., Brantford, ON, N3T 5W5, Canada']"
2003,Molecules,"['School of Chemistry, University College (UNSW), Australian Defence Force Academy, Canberra ACT 2600, Australia']"
2003,Molecules,"['School of Chemistry and Environmental Science, University of Jinan, Jinan 250022, Shandong Province, P. R. China', 'School of Polymer Science and Tchnology, Qingdao University of Science and Technology, Qingdao, 266042, Shandong Province, P. R. China']"
2003,Molecules,"['Institute of Organic Chemistry and Biochemistry, Technical University of München, D-85747 Garching, Germany', 'Morphochem A.G., Gmunder Street 37 – 37a, D-81379 München, Germany']"
2003,Molecules,"['Chair and Laboratory of Organic Chemistry, Faculty of Pharmacy, Medical University, PL 02 – 097, 1 Banacha Street, Warsaw, Poland']"
2003,Molecules,"['College of Chemistry and Environmental Science, University of Jinan, Jinan 250022, Shandong Province, P. R. China']"
2003,Molecules,"['College of Chemistry and Chemical Engineering, Ocean University of China, Qingdao 266003, P. R. China', 'Hefei Synchrotron Radiation Facility, University of Science and Technology of China, Heifei 230029, P. R. China', 'XAFS Station of Beijing Synchrotron Radiation Facility, Institute of High Energy Physics, Chinese Academy of Sciences, Beijing 100039, P. R. China']"
2003,Molecules,"['College of Chemistry and Chemical Engineering, Ocean University of China, Qingdao, Shandong 266003, P. R. China', 'Department of Chemical Engineering, West Virginia University, P.O. Box 6102, Morgantown, West Virginia 26506-6102, USA']"
2003,Molecules,"['Laboratory of Physical Chemistry, ETH Zentrum, CHN, CH-8092 Zurich, Switzerland']"
2003,Int. J. Mol. Sci.,"['Molecular Toxicology Research Laboratory, Jackson State University, NIH-Center for Environmental Health, School of Science and Technology, 1400 Lynch Street, Box 18540, Jackson, Mississippi 39217, USA', 'Rheumatology Section, G.V. (Sonny) Montgomery V.A. Hospital, University of Mississippi School of Medicine, 2500 North State Street, Jackson, MS 39216, USA', 'Division of Rheumatology and Molecular Immunology, L525 Clinical Sciences Building, University of Mississippi School of Medicine, 2500 North State Street, Jackson, MS 39216, USA']"
2003,Int. J. Mol. Sci.,"['Molecular Toxicology Research Laboratory, NIH-Center for Environmental Health, School of Science and Technology, Jackson State University, Box 18540, Jackson, MS 39217, USA', 'Department of Surgery, University of Mississippi Medical Center, 2500 North State Street, Jackson, MS, 39216, USA']"
2003,Int. J. Mol. Sci.,"['City University of New York Medical School and Sophie Davis School of Biomedical Education, Department of Microbiology and Immunology, Convent Ave at 138th St, New York, NY 10031, USA']"
2003,Entropy,"['Slovak Technical University, FCHPT, Radlinského 9, 812 37 Bratislava, Slovakia']"
2003,Entropy,"['Fundación CIRCE, CPS-University of Zaragoza, Zaragoza 50018, Spain']"
2003,Sensors,"['Physical Electrochemistry Laboratory, Department of Chemistry, Nasr Institute of Advanced Materials Science, University of Dublin, Trinity College, Dublin 2, Ireland']"
2003,Sensors,"['SenTech Corporation, 200 Innovation Blvd. Suite 236, State College, PA 16803, USA', 'Department of Electrical Engineering and Materials Research Institute 217 Materials Research Lab, The Pennsylvania State University, University Park, PA 16802, USA']"
2003,Sensors,"['Department of Chemistry, Rostock University, 18051 Rostock, Germany', 'Department of Analytical Chemistry, Slovak University of Technology, 81237 Bratislava, Slovak Republic']"
2003,Molecules,"['Molecules Editorial Office, Ocean University of China, Qingdao 266003, Shandong Province, P.R. China', 'Molecular Diversity Preservation International (MDPI), Matthaeusstrasse 11, CH-4057 Basel, Switzerland', 'Brantford Chemicals Inc., 34 Spalding Dr., Brantford, ON, N3T 5W5, Canada']"
2003,Sci. Pharm.,"['Institut rur Pharmazeutische und Medizinische Chemie der Westfälischen WilhelmsUniversität Münster, Hittorfstr. 58-62, D-48 149 Münster, Bundesrepublik Deutschland']"
