Year,Journal,Affiliations
1998,Molecules,"['Centro di Studio C.N.R. sulla Chimica e la Struttura dei Composti Eterociclici e loro Applicazioni (CSCEA), Dipartimento di Chimica organica ""Ugo Schiff"", Università di Firenze, via G. Capponi 9, I- 50121 Firenze, Italy']"
1998,Math. Comput. Appl.,"['Department of Mathematics, A.M.D., Aligarh-202 002, India']"
1998,Math. Comput. Appl.,"['University of Qafqaz, Faculty of Engineering, Department of Computer Engineering, Neriman Nerimanov pr., 103, Baku, Azerbaijan']"
1998,Math. Comput. Appl.,"['Flrat University, Faculty of Art and Sciences, Department of Mathematics, 23119 Elazig, Turkey', 'Celal Bayar University, Faculty of Science, Department of Mathematics, 45030 Manisa, Turkey']"
1998,Math. Comput. Appl.,"['Department of Chemical Engineering, King Fahd University of Petroleum and Minerals, Dhahran 31261, Saudi Arabia', 'Department of Mechanical Engineerrng, King Fahd University of Petroleum and Minerals, Dhahran 31261, Saudi Arabia']"
1998,Math. Comput. Appl.,"['Department of Mathematics, Govt. Arts &amp; Science P.G. College, RATLAM - 457 001 (MP), India']"
1998,Math. Comput. Appl.,"['Department of Mechanical Engineering, Celal Bayar University, 45140 Muradiye / Manisa, Turkey']"
1998,Math. Comput. Appl.,"['Department of Mechanical Engineering, Celal Bayar University, 45140, Muradiye, Manisa, Turkey']"
1998,Math. Comput. Appl.,"['Intelligent Systems Research Group, Contral and Computer Engineering Department, Engineering Faculty, Erciyes University, 38039, Kayseri, Turkey']"
1998,Molecules,"['Institute of Pharmaceutical Sciences, The First Military Medical University, Guangzhou 510515, P. R. China', 'Department of Chemistry, Zhongshan University, Guangzhou 510275, P. R. China']"
1998,Molecules,"['ESA 6009, Faculté des Sciences et Techniques, case 552, Avenue Escadrille Normandie-Niemen, 13397 Marseille Cedex 20, France']"
1998,Molecules,"['Institut für Organische Chemie der Universität Basel, St. Johanns-Ring 19, CH – 4056 Basel, Switzerland']"
1998,Molecules,"['Departamento de Quimica Organica, Facultad de Ciencias, Universidad de Granada, 18071 Granada, Spain']"
1998,Molecules,"['Departamento de Quimica Organica, Facultad de Ciencias, Universidad de Granada, 18071 Granada, Spain']"
1998,Molecules,"['Molecular Diversity Preservation International (MDPI), Saengergasse 25, CH-4054 Basel, Switzerland']"
1998,Molecules,['Department of Organic Chemistry. Faculty of Sciences-ICMA. University of Zaragoza. E-50009 Zaragoza. Spain']
1998,Molecules,['Department of Organic Chemistry. Faculty of Sciences-ICMA. University of Zaragoza. E-50009 Zaragoza. Spain']
1998,Molecules,['Department of Organic Chemistry. Faculty of Sciences-ICMA. University of Zaragoza. E-50009 Zaragoza. Spain']
1998,Molecules,['Department of Organic Chemistry. Faculty of Sciences-ICMA. University of Zaragoza. E-50009 Zaragoza. Spain']
1998,Molecules,['Department of Organic Chemistry. Faculty of Sciences-ICMA. University of Zaragoza. E-50009 Zaragoza. Spain']
1998,Molecules,['Department of Organic Chemistry. Faculty of Sciences-ICMA. University of Zaragoza. E-50009 Zaragoza. Spain']
1998,Molecules,['Department of Organic Chemistry. Faculty of Sciences-ICMA. University of Zaragoza. E-50009 Zaragoza. Spain']
1998,Molecules,['Department of Organic Chemistry. Faculty of Sciences-ICMA. University of Zaragoza. E-50009 Zaragoza. Spain']
1998,Molecules,['Department of Organic Chemistry. Faculty of Sciences-ICMA. University of Zaragoza. E-50009 Zaragoza. Spain']
1998,Molecules,['Department of Organic Chemistry. Faculty of Sciences-ICMA. University of Zaragoza. E-50009 Zaragoza. Spain']
1998,Molecules,"['Department of Chemistry, University of Rajasthan, Jaipur-302004 India']"
1998,Molecules,"['Department of Organic Chemistry, Faculty of Natural Sciences, Comenius University, SK-84215 Bratislava, Slovak Republic', 'Slovak Academy of Sciences, 842 38 Bratislava, Slovak Republic']"
1998,Molecules,"['Department of Natural Product Chemistry, Jiangsu Province Institute of Materia Medica, Nanjing 210009, P. R. China', 'China Pharmaceutical University, Nanjing 210009, P. R. China']"
1998,Molecules,"['Dept of Chemmistry, Universiti Kebangsaan Malaysia, Bangi 43600, Selangor, Malaysia']"
1998,Molecules,"['Institute of Chemistry, Faculty of Natural Sciences, Comenius University, Mlynska dolina CH-2, SK-842 15 Bratislava, Slovakia']"
1998,Molecules,"['Molecular Diversity Preservation International (MDPI), Saengergasse 25, CH-4054 Basel, Switzerland']"
1998,Molecules,"['Department of Chemistry, Murray State University, P.O. Box 9, Murray, KY 42071-0009, USA']"
1998,Molecules,"['Department of Chemistry, Southeast Missouri State University, MS 6400, One University Plaza, Cape Girardeau, Missouri, 63701, USA']"
1998,Molecules,"['Institute of Pharmaceutical Sciences, The First Military Medical University, Guangzhou 510515, P. R China', 'Department of Chemistry , Zhongshan University, Guangzhou, 510275, P. R China']"
1998,Math. Comput. Appl.,"['University of Celal Bayar, Faculty of Science, Department of Mathematics, Muradiye Campus, 45030, Manisa, Turkey']"
1998,Math. Comput. Appl.,"['Ege University, Faculty of Science, Department of Mathematics, 35100 Bomova, Izmir, Turkey']"
1998,Math. Comput. Appl.,"['Intelligent Systems Research Group, Erciyes University, Engineering Faculty,Control &amp; Computer Engineering Department, 38039, Kayseri, Turkey', 'Intelligent Antenna Design Research Group, Erciyes University, Engineering Faculty, Electronic Engineering Faculty, 38039, Kayseri, Turkey']"
1998,Math. Comput. Appl.,"['Çukurova University Art &amp; Science Faculty, Physics Department, 01330 Adana, Turkey']"
1998,Math. Comput. Appl.,"['Department of Mathematics, University of Bacau, 5500 Bacau, Romania']"
1998,Math. Comput. Appl.,"['Department of Mathematics and Computer Science, Butler University, Indianapolis, IN 46208, USA', 'Departments of Computer Science and Mathematics, Virginia Polytechnic Institute &amp; State University, Blacksburg, VA 24061-0106, USA', 'Department of Mechanical Engineering, Florida A&amp;M-Florida State University, Tallahassee, FL 32310-6046, USA.']"
1998,Molecules,"['Department of Organic Chemistry, Faculty of Natural Sciences, Comenius University, Mlynska dolina CH-2, SK-842 15 Bratislava, Slovak Republic', 'Institute of Chemistry Slovak Academic Sciences, 842 38 Bratislava, Slovak Republic']"
1998,Molecules,"['Preclinical Research, Novartis Pharma Ltd, CH-4002 Basel, Switzerland']"
1998,Molecules,"['Department of Organic Chemistry, State Academy of Fine Chemical Technology, Vernadsky Ave. 86, Moscow 117571, Russian Federation']"
1998,Molecules,"['Department of Chemistry, Imperial College of Science, Technology and Medicine, London, SW7 2AY, UK']"
1998,Molecules,"['Division of Organic Chemistry, School of Chemistry F11, The University of Sydney, N.S.W 2006, Australia', 'Current address: Victorian College of Pharmacy, Monash University (Parkville Campus), 381 Royal Parade, Parkville, Victoria 3052, Australia']"
1998,Molecules,"['Division of Organic Chemistry, School of Chemistry F11, The University of Sydney, N.S.W 2006, Australia', 'Current address: Victorian College of Pharmacy, Monash University (Parkville Campus), 381 Royal Parade, Parkville, Victoria 3052, Australia']"
1998,Molecules,"['Division of Organic Chemistry, School of Chemistry F11, The University of Sydney, N.S.W 2006, Australia', 'Current address: Victorian College of Pharmacy, Monash University (Parkville Campus), 381 Royal Parade, Parkville, Victoria 3052, Australia']"
1998,Molecules,"['Division of Organic Chemistry, School of Chemistry F11, The University of Sydney, N.S.W 2006, Australia', 'Current address: Victorian College of Pharmacy, Monash University (Parkville Campus), 381 Royal Parade, Parkville, Victoria 3052, Australia']"
1998,Molecules,"['Division of Organic Chemistry, School of Chemistry F11, The University of Sydney, N.S.W 2006, Australia', 'Current address: Victorian College of Pharmacy, Monash University (Parkville Campus), 381 Royal Parade, Parkville, Victoria 3052, Australia']"
1998,Molecules,"['Division of Organic Chemistry, School of Chemistry F11, The University of Sydney, N.S.W 2006, Australia', 'Current address: Victorian College of Pharmacy, Monash University (Parkville Campus), 381 Royal Parade, Parkville, Victoria 3052, Australia']"
1998,Molecules,"['Division of Organic Chemistry, School of Chemistry F11, The University of Sydney, N.S.W 2006, Australia', 'Current address: Victorian College of Pharmacy, Monash University (Parkville Campus), 381 Royal Parade, Parkville, Victoria 3052, Australia']"
1998,Molecules,"['Division of Organic Chemistry, School of Chemistry F11, The University of Sydney, N.S.W 2006, Australia', 'Current address: Victorian College of Pharmacy, Monash University (Parkville Campus), 381 Royal Parade, Parkville, Victoria 3052, Australia']"
1998,Molecules,"['Division of Organic Chemistry, School of Chemistry F11, The University of Sydney, N.S.W 2006, Australia', 'Current address: Victorian College of Pharmacy, Monash University (Parkville Campus), 381 Royal Parade, Parkville, Victoria 3052, Australia']"
1998,Molecules,"['Division of Organic Chemistry, School of Chemistry F11, The University of Sydney, N.S.W 2006, Australia', 'Current address: Victorian College of Pharmacy, Monash University (Parkville Campus), 381 Royal Parade, Parkville, Victoria 3052, Australia']"
1998,Molecules,"['Division of Organic Chemistry, School of Chemistry F11, The University of Sydney, N.S.W 2006, Australia', 'Current address: Victorian College of Pharmacy, Monash University (Parkville Campus), 381 Royal Parade, Parkville, Victoria 3052, Australia']"
1998,Molecules,"['Division of Organic Chemistry, School of Chemistry F11, The University of Sydney, N.S.W 2006, Australia', 'Current address: Victorian College of Pharmacy, Monash University (Parkville Campus), 381 Royal Parade, Parkville, Victoria 3052, Australia']"
1998,Molecules,"['Division of Organic Chemistry, School of Chemistry F11, The University of Sydney, N.S.W 2006, Australia', 'Current address: Victorian College of Pharmacy, Monash University (Parkville Campus), 381 Royal Parade, Parkville, Victoria 3052, Australia']"
1998,Molecules,"['Division of Organic Chemistry, School of Chemistry F11, The University of Sydney, N.S.W 2006, Australia', 'Current address: Victorian College of Pharmacy, Monash University (Parkville Campus), 381 Royal Parade, Parkville, Victoria 3052, Australia']"
1998,Molecules,"['Division of Organic Chemistry, School of Chemistry F11, The University of Sydney, N.S.W 2006, Australia', 'Current address: Victorian College of Pharmacy, Monash University (Parkville Campus), 381 Royal Parade, Parkville, Victoria 3052, Australia']"
1998,Molecules,"['Division of Organic Chemistry, School of Chemistry F11, The University of Sydney, N.S.W 2006, Australia', 'Current address: Victorian College of Pharmacy, Monash University (Parkville Campus), 381 Royal Parade, Parkville, Victoria 3052, Australia']"
1998,Molecules,"['Division of Organic Chemistry, School of Chemistry F11, The University of Sydney, N.S.W 2006, Australia', 'Current address: Victorian College of Pharmacy, Monash University (Parkville Campus), 381 Royal Parade, Parkville, Victoria 3052, Australia']"
1998,Molecules,"['Division of Organic Chemistry, School of Chemistry F11, The University of Sydney, N.S.W 2006, Australia', 'Current address: Victorian College of Pharmacy, Monash University (Parkville Campus), 381 Royal Parade, Parkville, Victoria 3052, Australia']"
1998,Molecules,"['Division of Organic Chemistry, School of Chemistry F11, The University of Sydney, N.S.W 2006, Australia', 'Current address: Victorian College of Pharmacy, Monash University (Parkville Campus), 381 Royal Parade, Parkville, Victoria 3052, Australia']"
1998,Molecules,"['Division of Organic Chemistry, School of Chemistry F11, The University of Sydney, N.S.W 2006, Australia', 'Current address: Victorian College of Pharmacy, Monash University (Parkville Campus), 381 Royal Parade, Parkville, Victoria 3052, Australia']"
1998,Molecules,"['Division of Organic Chemistry, School of Chemistry F11, The University of Sydney, N.S.W 2006, Australia', 'Current address: Victorian College of Pharmacy, Monash University (Parkville Campus), 381 Royal Parade, Parkville, Victoria 3052, Australia']"
1998,Molecules,"['Division of Organic Chemistry, School of Chemistry F11, The University of Sydney, N.S.W 2006, Australia', 'Current address: Victorian College of Pharmacy, Monash University (Parkville Campus), 381 Royal Parade, Parkville, Victoria 3052, Australia']"
1998,Molecules,"[""Ecole Nationale Supérieure d'Ingénieurs de Caen (ISMRA) Université de Caen,UMR 6507, 6 Boulevard du Marechal Juin F-14050 Caen Cedex, France""]"
1998,Molecules,"['Institute of Chemistry, Slovak Academy of Sciences, Dubravska 9, SK-84238 Bratislava, Slovak Republic']"
1998,Molecules,"['MRACI, Department of Applied Chemistry, Royal Melbourne Institute of Technology.GPO. Box 2476, Melbourne, Victoria, Australia']"
1998,Molecules,"['MRACI, CSIRO, Molecular Science, Private Bag 10, Clayton Sth MDC, Clayton Sth, Victoria, 3169, Australia']"
1998,Molecules,"['Department of Organic Chemistry, the Hebrew University, Jerusalem 91904, Israel']"
1998,Molecules,"['Department of Chemistry, Imperial College of Science, Technology and Medicine, London SW7 2AY, UK']"
1998,Molecules,"['Department of Pharmaceutical Sciences, University of Ferrara, Via Fossato di Mortara 17-19, I-44100 Ferrara, Italy']"
1998,Molecules,"['Department of Pharmaceutical Sciences, University of Ferrara, Via Fossato di Mortara 17-19, I-44100 Ferrara, Italy']"
1998,Molecules,"['Department of Chemistry, University of Oulu, Linnanmaa, P.O.Box 333, FIN-90570 Oulu, Finland', 'Department of Pure &amp; Applied Chemistry, University of Strathclyde, Thomas Graham Building, 295 Cathedral Street, Glasgow, G1 1XL, Scotland, UK']"
1998,Molecules,"['Bio-Organic Division, Bhabha Atomic Research Centre, Mumbai - 400 085, India']"
1998,Molecules,"['Bio-Organic Division, Bhabha Atomic Research Centre, Bombay-400 085, India']"
1998,Molecules,"['Bio-Organic Division, Bhabha Atomic Research Centre, Bombay-400 085, India']"
1998,Molecules,"['Department of Chemistry, Inner Mongolia National Teachers College, Tongliao, 028043, Neimenggu, China', 'Department of Chemistry, Jilin University, Changchun, 130023, Jilin, China']"
1998,Molecules,"['North-Ossetian State University, RUS-362040 Vladikavkaz, Russian Federation']"
1998,Molecules,"['North-Ossetian State University, RUS-362040 Vladikavkaz, Russian Federation']"
1998,Molecules,"['North-Ossetian State University, RUS-362040 Vladikavkaz, Russian Federation']"
1998,Molecules,"['Departamento de Quimica Organica, Facultad de Ciencias, ICMA, Universidad de Zaragoza, E-50009 Zaragoza, Aragon, Spain']"
1998,Molecules,"['Prassis Istituto di Ricerche Sigma-Tau, Via Forlanini, 3, 20019 Settimo Milanese (MI), Italy']"
1998,Molecules,"['Institute of Pharmaceutical Chemistry, University of Vienna, A-1090 Vienna, Austria']"
1998,Molecules,"['Institute of Organic Chemistry, Karl-Franzens-University Graz, Heinrichstrasse 28, A-8010 Graz, Austria']"
