Year,Journal,Affiliations
1996,Math. Comput. Appl.,"['Faculty of Electrical- Electronics Engineering, Ylkbz Teclmical Univerllity, 80750 Istanbul, Turkey']"
1996,Math. Comput. Appl.,"['Department of Mechanical and Industrial Engineering, Kuwait University, P.O. Box 5969, Safat 13060, Kuwait']"
1996,Math. Comput. Appl.,"['Celal Bayar Uni. Fen-Edebiyat Fak. Mat. Bölümü 45040, Manisa, Turkey']"
1996,Math. Comput. Appl.,"['Celal Bayar University, Department of Mathematics, 45040 Manisa, Turkey', 'Aegean University, Department of Mathematics, 35100 İzmir, Turkey']"
1996,Math. Comput. Appl.,"['C.B.Ü. Fen-Edebiyat Fakültesi Matematik Bolümü, 45040 MANİSA, Turkey']"
1996,Math. Comput. Appl.,"['Department of Electrical and Electronics Engineering, Kirikkale University, 71450 Kirikkale, Turkey']"
1996,Math. Comput. Appl.,"['1030 Sok. Öğretmenler Sitesi, A Blok Kat: 2 Daire:4, Buca, İzMİR, Turkey']"
1996,Math. Comput. Appl.,"['C.B.Ü. Fen Edebiyat Fakültesi Matematik Bölümü, 45040 MANİSA, Turkey', 'E.Ü. Fen Fakültesi Matematik Bölümü, 35000 Bornova İZMİR, Turkey']"
1996,Math. Comput. Appl.,"['Istanbul Technical University, Electrical &amp; Electronics Engineering Faculty, 80626 Maslak, Istanbul, Turkey']"
1996,Math. Comput. Appl.,"['Abteilung für Mathematische Physik, Universität Ulm, D-89069 Ulm, Germany']"
1996,Math. Comput. Appl.,"['Department of Mechanical Engineering, Aeronautical Engineering and Mechanics, Rensselear Polytechnic Institute, Troy, New York 12180, USA']"
1996,Math. Comput. Appl.,"['C.B.U. Engineering Faculty, 45040 Manisa, Turkey']"
1996,Math. Comput. Appl.,"['Electrical and Electronics Engineering Department, Engineering Faculty, Inonii University, 44100-Malatya, Turkey']"
1996,Math. Comput. Appl.,"['Department of Mechanical Engineering, Celal Bayar University, 45040, Manisa, Turkey', 'Department of Mechanical Engineering, Dokuz Eyliil University, 35400, İzmir, Turkey']"
1996,Math. Comput. Appl.,"['Yildiz Technical University, Elec.- Electro. Fac., Electrical Eng. Dep., 80750 Beşiktaş, ISTANBUL, Turkey']"
1996,Math. Comput. Appl.,"['Department of Mechanical and Industrial Engineering, Kuwait University, P.O. Box 5969, Safat 13060, Kuwait']"
1996,Math. Comput. Appl.,"['Technical University, Aeronautics and Astronautics FacuIty, Maslak 80626, İstanbul, Turkey']"
1996,Math. Comput. Appl.,"['Department of Electrical Engineering, Yildiz Technical University, Istanbul 80750, Turkey']"
1996,Math. Comput. Appl.,"['Istanbul Tecbnical University, Aeronautics and Astronautics Faculty, Maslak, Istanbul 80626, Turkey']"
1996,Math. Comput. Appl.,"['Yildiz Technical University, Electronics &amp; Communication Eng. Dept., 80670 MASIAK, ISTANBUL, Turkey']"
1996,Math. Comput. Appl.,"['Yildiz Technical University, EIectric-Electronic Faculty, Electrical Eng. Dept., 80750 Ytldlz, Istanbul, Turkey']"
1996,Math. Comput. Appl.,"['Gaziantep Üniversitesi Müh. Fak. Makina Müh. BöL, 27310 GAZİANTEP, Turkey']"
1996,Math. Comput. Appl.,"['Aeronautics and Astronautics Faculty, Istanbul Technical University, Maslak, Istanbul 80626, Turkey']"
1996,Math. Comput. Appl.,"['Istanbul Technical University, Aeronautics and Astronautics Faculty, Maslak, 80626 Istanbul, Turkey', 'Dumlupmar University, Engineering Faculty, 43100 Kutahya, Turkey']"
1996,Math. Comput. Appl.,"['Ondokuz MaytS University, Dept. of Electrical and Electronic Eng., 55139 Samson, Turkey', 'Karadeniz Technical University, Dept. of Eleetrical and Electronic Eng., 61080 Trabzon, Turkey']"
1996,Math. Comput. Appl.,"['Istanbul Technical University, Mechanical Engineering Faculty, Department of Thermodynamics, 80191, Gumussuyu, Istanbul, Turkey']"
1996,Math. Comput. Appl.,"['Section of Computer Progamming, Teknik Bilimler Meslek Yuksekokulu, Seleuk University, 42031, Konya, Turkey', 'Department of Computers and Systems, Azerbaijan Technical University, 370622 Baku, Azerbaijan']"
1996,Math. Comput. Appl.,"['Computer Eng. Dept., Boğaziçi University, Bebek, 80815 Istanbul, Turkey']"
1996,Math. Comput. Appl.,"['Istanbul Technical University, Mathematics Department, Maslak 80626, Istanbul, Turkey']"
1996,Math. Comput. Appl.,"['Yildiz Technical Unwersity, Department of Industrial Engineering, 807501 Yildiz, İSTANBUL, Turkey']"
1996,Molecules,"['Molecular Diversity Preservation International (MDPI), Saengergasse 25, CH-4054 Basel (New Address: MDPI, Kandererstrasse 25, CH-4057 Basel), Switzerland']"
