Year,Journal,Affiliations
2000,Molecules,"['MDPI, Saengergasse 25, CH-4054 Basel, Switzerland']"
2000,Molecules,"['MDPI, Saengergasse 25, CH-4054 Basel, Switzerland']"
2000,Molecules,"['MDPI, Saengergasse 25, CH-4054 Basel, Switzerland']"
2000,Molecules,"['MDPI, Saengergasse 25, CH-4054 Basel, Switzerland']"
2000,Molecules,"['MDPI, Saengergasse 25, CH-4054 Basel, Switzerland']"
2000,Molecules,"['MDPI, Saengergasse 25, CH-4054 Basel, Switzerland']"
2000,Molecules,"['MDPI, Saengergasse 25, CH-4054 Basel, Switzerland']"
2000,Molecules,"['MDPI, Saengergasse 25, CH-4054 Basel, Switzerland']"
2000,Molecules,"['MDPI, Saengergasse 25, CH-4054 Basel, Switzerland']"
2000,Molecules,"['MDPI, Saengergasse 25, CH-4054 Basel, Switzerland']"
2000,Molecules,"['Institute of the Solution Chemistry of Russian Academy of Sciences, Akademicheskaya, 1, 153045, Ivanovo, Russian Federation']"
2000,Molecules,"['Laboratoire de Chimie des Substances Naturelles et des Hétérocycles, Université Cadi Ayyad, Faculté des Sciences Semlalia. BP 2390 Boulevard Prince My Abdellah. Marrakech, Maroc', 'Laboratoire de Chimie de Synthèses et Activations de Biomolécules, Ecole Nationale Supérieure de Chimie de Rennes. Avenue du Général Leclerc 35700 Rennes, France']"
2000,Molecules,"['National Key Laboratory of Applied Chemistry, Lanzhou University, Lanzhou 730000, P.R.China', 'Henan Institute of Chemistry, Zhengzhou 450002, P.R.China']"
2000,Molecules,"['Chemistry &amp; Chemical Engineering Research Center of Iran, P.O.Box 14335-186, Tehran, Iran']"
2000,Molecules,"['Laboratoire de Chimie des Substances Naturelles et Hétérocycles, Université Cadi Ayyad, Faculté des Sciences Semlalia, B.P : 2390, Marrakech. Maroc', 'LBS-UMR 6517, Centre Scientifique Saint-jérôme, 13397 Marseille, CEDEX 20, France']"
2000,Molecules,"['Laboratoire de Chimie des Substances Naturelles et Hétérocycles, Université Cadi Ayyad, Faculté des Sciences Semlalia, B.P : 2390, Marrakech. Maroc', 'LBS-UMR 6517, Centre Scientifique Saint-jérôme, 13397 Marseille, CEDEX 20, France']"
2000,Molecules,"['Laboratoire de Chimie des Substances Naturelles et Hétérocycles, Université Cadi Ayyad, Faculté des Sciences Semlalia, B.P : 2390, Marrakech. Maroc', 'LBS-UMR 6517, Centre Scientifique Saint-jérôme, 13397 Marseille, CEDEX 20, France']"
2000,Molecules,"['Laboratoire de chimie des substances naturelles et des Hétérocycles, Département de Chimie, Faculté des Sciences Semlalia, B.P. 2390, 40001 Marrakech-Maroc', 'Université de Reims, UFR Sciences, UMR N° 6519, Réactions Sélectives et Applications, B.P. 1039, 51687 Reims Cedex 2 France. 3Laboratoire de Synthèse Organique, Université de Maine, Le Mans-France']"
2000,Molecules,"['Chemistry Department, Southwest Missouri State University, 901 South National Avenue, Springfield MO 65804, USA']"
2000,Molecules,"['Chemistry Department, Faculty of Science, King abdul-Aziz University, Jeddah 21589, P. B. Box 80203, Saudi Arabia']"
2000,Molecules,"['Chemistry Department, Faculty of Science, King Abdul-Aziz University, Jeddah 21589, P. B. Box 80203, Saudi Arabia']"
2000,Molecules,"['Faculty of Science, Information Technology and Education, Northern Territory University, Darwin, N.T. 0909, Australia']"
2000,Molecules,"[""Department of Chemistry, Shanghai Second Medical University, Shanghai200025, People's Republic of China"", ""Department of Pharmacy, Dali Medical College, Dali, Yunnan Province-671000, People's Republic of China""]"
2000,Molecules,"['Department of Chemistry, Macquarie University, NSW 2109 Sydney, Australia']"
2000,Molecules,"['Department of Chemistry, Macquarie University, NSW 2109 Sydney, Australia']"
2000,Molecules,"['Laboratoire de Chimie des Substances Naturelles et des Hétérocycles, Université Cadi Ayyad, Faculté des Sciences Semlalia, BP 2390. Bd Prince My Abdellah, Marrakech. Maroc', 'LBS-UMR 6517, Centre Scientifique Saint-Jérôme, 13397 Marseille, CEDEX 20, France']"
2000,Molecules,"['Department of Organic Chemistry, University of Pardubice, Cs Legii 565, 523 10 Pardubice, Czech Republic']"
2000,Molecules,"['Institut für Organische Chemie der Universität Würzburg, Am Hubland, 97074 Würzburg, Germany', 'FB 8 - OC 1 (Chemie - Biologie), Universität GH Siegen, Adolf-Reichwein-Str., D-57068 Siegen, Germany']"
2000,Molecules,"['Department of Medicinal Chemistry, Victorian College of Pharmacy (Monash University) 381 Royal Parade Parkville Vic 3052 Australia']"
2000,Molecules,"['Department of Applied Chemistry, South China University of technology, Guangzhou 510641, China', 'Department of Physics, South China University of technology, Guangzhou 510641, China', 'Department of Chemistry, Zhongshan University, Guangzhou 510275, China']"
2000,Molecules,"['Laboratoire des Aminoacides, Peptides et Protéines, Université Montpellier II, 34095- Montpellier cedex 5. France']"
2000,Entropy,"['Department of Theoretical Physics, Havana University, Habana 10400, Cuba', 'Department of Mathematical Sciences, Brunel University, Uxbridge, Middlesex UB8 3PH, UK']"
2000,Molecules,"['Laboratoire de Chimie Organique des Substances Naturelles, UMR CNRS 7509, Centre de Neurochimie, Université Louis Pasteur, 5, rue Blaise Pascal, 67084 Strasbourg cedex, France', 'Laboratoire de Neurophysiologie Cellulaire et Integrée, UMR CNRS 7519, Université Louis Pasteur, Strasbourg, France']"
2000,Molecules,"['Centre for Molecular Architecture, Central Queensland University, Rockhampton, Queensland, 4702, Australia']"
2000,Molecules,"['Department of Chemistry and Biochemistry, Texas Tech University, Lubbock TX 79409-1061, USA']"
2000,Molecules,"['Department of Chemistry, Emory University, Atlanta, Georgia 30322, USA']"
2000,Molecules,"['Institute of Biochemistry, Mokslininku 12, 2600 Vilnius, Lithuania', 'Institute of Theoretical Physics and Astronomy, A. Goštauto 12, 2600 Vilnius, Lithuania']"
2000,Molecules,"['Department of Organic Chemistry, Faculty of Chemical Technology, Slovak University of Technology, Sk-812 37 Bratislava, Slovakia']"
2000,Molecules,"['Department of Chemistry, Qingdao University, Qingdao 266071, P.R. China']"
2000,Molecules,"['FB 8 - OC1 (Chemie und Biologie), Universität Siegen, Adolf-Reichwein-Strasse, D-57068 Siegen, Germany']"
2000,Molecules,"['Chair and Laboratory of Organic Chemistry, Faculty of Pharmacy, Medical University of Warsaw, 1 Banacha Street, PL 02-097 Warsaw, Poland']"
2000,Molecules,"['Laboratory of Organic Chemistry, Chemistry Department, University of Thessaloniki, Thessaloniki 54006, Greece']"
2000,Molecules,"['Department of Chemistry, Universidad de Antioquia, P. O. Box 1226. Medellín, Colombia']"
2000,Sci. Pharm.,"['Institut für Pharmazeutische Chemie der Westfälisehen Wilhelms-Universität Münster, Hittorfstr. 58-62, D-48 149 Münster, Bundesrepublik Deutschland']"
2000,Molecules,"['Department of Chemistry, Sri Venkateswara University, Tirupati-517 502, India']"
2000,Molecules,"['Departments of Chemistry, Tufts University, Medford MA, 02155, USA and University of Constance, Fach 709, D-78457 Konstanz, Germany']"
2000,Molecules,"['Phylos, Inc., 128 Spring Street, Lexington, MA 02421, USA']"
2000,Molecules,"[""Dipartimento di Chimica, Ingegneria Chimica e Materiali, Università di L'Aquila, Via Vetoio, I-67010 Coppito, Italy"", 'Dipartimento di Chimica del Politecnico, via Mancinelli 7, I-20131 Milano, Italy', 'C.N.R. - Centro di Studio sulle Sostanze Organiche Naturali, via Mancinelli 7, I-20131 Milano, Italy']"
2000,Molecules,"['Department of Basic Pharmaceutical Sciences, West Virginia University School of Pharmacy, P. O. Box 9530, Morgantown, West Virginia, USA']"
2000,Molecules,"['Department of Chemistry, Wenzhou Normal College, Wenzhou 325003, China', 'Department of Chemistry, Lanzhou University, Lanzhou 730000, China']"
2000,Molecules,"['Department of Chemistry, Faculty of Education, Ain Shams University, Roxy, 11711 Cairo, Egypt']"
2000,Molecules,"['Institute of Heavy Organic Synthesis ""Blachownia"", ul. Energetyków 9, 47-225 Kędzierzyn-Koźle Poland']"
2000,Molecules,"['Laboratory for Drug Design and Synthesis, Department of Chemistry &amp; Biochemistry, University of Maryland, Baltimore County (UMBC), 1000 Hilltop Circle, Baltimore, Maryland 21250, USA']"
2000,Sci. Pharm.,"['H.E.J. Research Institute of Chemistry, University of Karachi, Karachi-75270, Pakistan']"
2000,Sci. Pharm.,"['Institute of Pharmacognosy, University of Vienna, Pharmacy-Centre, Althanstrasse 14, A-1090 Vienna, Austria', 'XI']"
2000,Math. Comput. Appl.,"['Osmangazi University, Department of Mathematics, 26480 EskiFhir, Turkey']"
2000,Math. Comput. Appl.,"['Osmangazi University, Dept. of Mathematics, 26480 Eskisehir, Turkey', 'Uludag University, Dept. of Mathematics, 16059 Bursa, Turkey']"
2000,Math. Comput. Appl.,"['Department of Mechanical Engineering, Celal Bayar University, 45140 Muradiye, Manisa, Turkey']"
2000,Math. Comput. Appl.,"['Department of Mechanical Engineering, Celal Bayar University, 45140 Muradiye, Manisa, Turkey']"
2000,Math. Comput. Appl.,"['Deparünent of Mechanical Engineering, Celal Bayar University, 45140 Muradiye, Manisa, Turkey']"
2000,Math. Comput. Appl.,"['Osmangazi University, Dept. of Mathematics, 26480 EskiFhir, Turkey']"
2000,Math. Comput. Appl.,"['Osmangazi University, Dept. of Mathematics, 26480 EskiFhir, Turkey']"
2000,Int. J. Mol. Sci.,"['Institut für theoretische Physik, Universität Erlangen, Staudtstrasse 7, D-91058 Erlangen, Germany', 'Laboratoire de Physique Quantique,Université P. Sabatier,118 Route de Narbonne, 31062 Toulouse, cedex, France']"
2000,Int. J. Mol. Sci.,"['Department of Chemistry, University of North Carolina at Wilmington, Wilmington, NC 28403-3297 USA']"
2000,Sci. Pharm.,"['H. E. J. Research Institute of Chemistry, University of Karachi, Karachi 75270, Pakistan']"
2000,Sci. Pharm.,"['Department of Pharmacology, College of Pharmacy, King Saud University, P O Box 2457, Riyadh 11451, Saudi Ardbia']"
2000,Molecules,"['Laboratory of Organic Chemistry, Chemistry Department, University of Thessaloniki, Thessaloniki 540 06, Greece']"
2000,Molecules,"['Institute of Chemistry, Slovak Academy of Sciences, SK-84238 Bratislava, Slovak Republic', 'Department of Inorganic Environmental Chemistry, Chalmers University of Technology, SE-41296 Göteborg, Sweden', 'Institute of Inorganic Chemistry, Slovak Academy of Sciences, SK-84236 Bratislava, Slovak Republic']"
2000,Molecules,"['Instituto de Química. UNAM. Cd. Universitaria. D.F. 04510. México', 'Department of Chemistry, University of Toronto, Toronto, M5S BHG Canada']"
2000,Molecules,"['Department of Organic Chemistry, Faculty of Science, Masaryk University, CZ-611 37 Brno, Czech Republic']"
2000,Molecules,"['Department of Organic Chemistry, Ukrainian National Academy of Pharmacy, Kharkiv 61002, Ukraine']"
2000,Molecules,"['Faculté des Sciences et Techniques Gueliz, BP : 618, 40 000, Marrakech, Marocco']"
2000,Molecules,"['Laboratoire de Chimie Moléculaire et Thioorganique, UMR 6507, ISMRA, Université de Caen, 6 Bd Maréchal Juin, 14050 Caen, France', 'Laboratoire de Chimie des Hétérocycles, UMR 7611, Université Pierre et Marie Curie, 4 Place Jussieu, 75252 Paris 05, France']"
2000,Molecules,"['Dipartimento di Chimica, Università “La Sapienza”, Piazzale Aldo Moro n. 5, I-00185, Roma, Italy']"
2000,Molecules,"['Department of Organic Chemistry, Kuban State Technological University, Moskovshaya, 2, Krasnodar, 350072, Russian Federation']"
2000,Molecules,"['N.G. Tschernyschevsky Saratov State University, Astrakhanskaya 83, Saratov 410600, Russia']"
2000,Sci. Pharm.,"['Department of Pharrnaceutics, Institute of Technology, Banaras Hindu University, Varanasi-221005, (INDIA)', 'Division of CancerTreatment and Diagnosis, National Cancer Institute, National Institutes of Health, Bethesda, Maryland 20892, (USA)']"
2000,Int. J. Mol. Sci.,"['Departamento de Física, Facultad de Ciencias Exactas y Naturales, Universidad de Buenos Aires, Ciudad Universitaria, Pab. I, (1428) Buenos Aires, Argentina', 'Center for High Performance Computing, University of Utah, Salt Lake City, UT 84112, USA']"
2000,Int. J. Mol. Sci.,"['Environmental Toxicology Research Laboratory, NIH-Center for Environmental Health School of Science and Technology, Jackson State University, P. O. Box 18540, Jackson, Mississippi 39217, USA', 'The Computational Center for Molecular Structure and Interactions Department of Chemistry, Jackson State University P. O. Box 17910, Jackson, Mississippi 39217, USA']"
2000,Molecules,"['Director of Chemistry, Amyris Biotechnologies, Inc., 5885 Hollis St, Suite 100, Emeryville CA 94608 USA', 'MDPI, Kandererstrasse 25, CH-4057 Basel, Switzerland']"
2000,Sci. Pharm.,"['Department of Organic Chemistry, Medical Academy, Grodzka 9, 50-137 Wroclaw, Poland', 'Department of Applied Pharmacy, Medical Academy, Szewska 38, 50-137 Wroclaw, Poland']"
2000,Int. J. Mol. Sci.,"['Molecular Diversity Preservation International (MDPI), Saengergasse 25, CH-4054 Basel, Switzerland']"
2000,Sci. Pharm.,"['Institute of Pharmaceutical Chemistry, University of Vienna Althanstrasse 14, A-1090 Vienna, Austria', 'Higher Institute of Food and Flavour Industries, Department of Essential Oils, Maritza 26, 4002 Plovdiv, Bulgaria']"
2000,Molecules,"['INFIQC, Departamento de Química Orgánica, Facultad de Ciencias Químicas, Universidad Nacional de Córdoba. Ciudad Universitaria, 5000 Córdoba, Argentina']"
2000,Int. J. Mol. Sci.,"['Department of Chemistry, The University, Sheffield S3 7HF, UK']"
2000,Molecules,"['Department of Chemistry, Faculty of Science, Shinshu University, Matsumoto 390-8621, Japan']"
2000,Entropy,"['E.U.I.T. Aeronáutica, Plaza Cardenal Cisneros s/n Madrid 28040, Spain']"
2000,Molecules,"['Pesticide Lab 3, Shenyang Research Institute of Chemical Industry, 110021 Shenyang, P.R. China', 'Department of Chemistry, Norwegian University of Science and Technology, N-7491 Trondheim, Norway']"
2000,Int. J. Mol. Sci.,"['Department of Chemistry, UMIST, Sackville Street, Manchester M60 1QD, UK', 'Departamento de Química, Fac. Exp. de Ciencias, La Universidad del Zulia, Grano de Oro, Módulo No. 2, Maracaibo, Venezuela']"
2000,Molecules,"['Bio-Organic Division, Bhabha Atomic Research Centre, Bombay-400,085, India']"
2000,Sci. Pharm.,"['Institute of Pharmaceutical Chemistry, University of Vienna, Althanstraße 14, A-1090 Vienna, Austria', 'Department of Chemistry, Calicut University, Kerala 673 635, India']"
2000,Sci. Pharm.,"['Department of Analytical Chemistry, Faculty of Pharmacy, University of Mansoura, Mansoura, 35516, Egypt']"
2000,Int. J. Mol. Sci.,"['Dept. de Química Física i Centre Especial de Recerca en Química Teòrica, Universitat de Barcelona, C/ Martí i Franquès 1, 08028 Barcelona, Spain']"
2000,Molecules,"['Institute of Heavy Organic Synthesis ""Blachownia"", ul. Energetyków 9, 47-225 Kędzierzyn-Koźle, Poland']"
2000,Sci. Pharm.,"['Ege Universität, Fakultät für Pharmazie, Abteilung für Pharmazeutische Botanik, 35100 BornovaIzmir, Türkei', 'Ankara Universität, Naturwissenschaftliche Fakultät, Abteilung Biologie, 06100 Tandogan - Ankara, Türkei']"
2000,Molecules,"['Department of Chemistry and The Skaggs Institute for Chemical Biology, The Scripps Research Institute, 10550 N. Torrey Pines Rd., La Jolla, CA 92037, USA']"
2000,Molecules,"['National Technological University, CITeQ, C.C.17, Cordoba 5016, Argentina', 'Institute of Bioorganic Chemistry &amp; Petrochemistry, P.O.Box 305, Kiev 252034, Ukraine']"
2000,Molecules,"['School of Chemical Sciences, Dublin City University, Glasnevin, Dublin 9, Ireland']"
2000,Molecules,"['Director of Chemistry, Amyris Biotechnologies, Inc., 5885 Hollis St, Suite 100, Emeryville CA 94608 USA']"
2000,Molecules,"['Organic Chemistry Laboratory, Polytechnic University Bucharest, Splaiul Independentei 313, 76206 Bucharest, Romania', '“C.D. Nenitzescu” - Institute of Organic Chemistry, Romanian Academy, Splaiul Independentei 202B, 71141 Bucharest, Romania']"
2000,Molecules,"['Centro de Química del Instituto de Ciencias, BUAP, Puebla 72000, México', 'Instituto de Química, UNAM, Cd. Universitaria, D. F. 04510 Mexico', 'Department of Chemistry, University of Toronto, Toronto, M5S BHG Canada']"
2000,Entropy,"['Department of Surgery, Ohio State University, Columbus, Ohio 43210, USA']"
2000,Molecules,"['School of Chemical Sciences, Dublin City University, Glasnevin, Dublin 9, Ireland']"
2000,Math. Comput. Appl.,"['Department of Mathernatics, Erciyes University, 38039 Kayseri, TURKEY']"
2000,Math. Comput. Appl.,"['Firat University, Faculty of Arts and Sciences, Department of Mathematics, 23119 Elang, TURKEY', 'Celal Bayar University, Faculty of Arts and Sciences, Department of Mathematics, 45140 Manisa, TURKEY']"
2000,Math. Comput. Appl.,"['University of Celal Bayar, Faculty of Science, Department of Mathematics, Mundiye Campus, 45030 Manisa, TURKEY']"
2000,Math. Comput. Appl.,"['Department of Mathematics, Aligarh Muslim University, ALIGARH 202 002, INDIA']"
2000,Math. Comput. Appl.,"['Department of Mechanical Engineering, Celal Bayar University, 45140 Manisa, Turkey']"
2000,Molecules,"['Department of Chemistry, Southeast Missouri State University, MS 6400, One University Plaza, Cape Girardeau, Missouri, 63701, USA']"
2000,Molecules,"['Chemistry Department, Faculty of Science, King Abdul-Aziz University, Jeddah 21413, P.O. Box 9028, Saudi Arabia']"
2000,Molecules,"['Department of Chemistry, University of Illinois at Chicago, Chicago, IL 60607-7061, USA', 'Current address: School of Polymers and High Performance Materials, the University of Southern Mississippi, Hattiesburg, MS 39406, USA.']"
2000,Entropy,"['Department of Quality, Faculty of Mechanical Engineering and Naval Architecture, I. Lucica 5, Zagreb, Croatia', 'Theoretical Physics Division, Rudjer Boskovic Institute, Bijenicka 54, Zagreb, Croatia', 'Institute of Social Sciences Ivo Pilar, Marulicev trg 19/1, Zagreb, Croatia']"
2000,Molecules,"['MDPI, Saengergasse 25, CH-4054 Basel, Switzerland']"
2000,Molecules,"['Molecular Diversity Preservation International (MDPI), Saengergasse 25, CH-4054 Basel, Switzerland']"
2000,Molecules,"['Department of Chemistry, Universidad de Antioquia, P. O. Box 1226, Medellin, Colombia']"
2000,Molecules,"['MDPI, Saengergasse 25, CH-4054 Basel, Switzerland']"
2000,Molecules,"['MDPI, Saengergasse 25, CH-4054 Basel, Switzerland']"
2000,Sci. Pharm.,"['Institut für Pharmazeutische Chemie der Westfälischen Wilhelms-Universität Münster, Hittorfstr. 58-62, D-48149 Münster, Bundesrepublik Deutschland']"
2000,Entropy,"[""Bishop's University, Lennoxville, Quebec, J1M 1Z7 Canada""]"
2000,Molecules,"['Department of Chemistry, Kyungsung University, Pusan 608-736, Korea', 'Department of Chemistry, Pohang University of Science Technology, Pohang 790-784, Korea']"
2000,Molecules,"['MDPI, Saengergasse 25, CH-4054 Basel, Switzerland']"
2000,Sci. Pharm.,"['KSU, Faculty of Science and Arts, 46100, Kahramanmaraș, Turkey', 'A.U, Faculty of Phannazie, 06100, Ankara, Turkey', 'Ç. Ü, Faculty of Science and Arts, 01330, Adana, Turkey']"
2000,Molecules,"['Department of Chemistry, Sichuan Normal University, Chengdu, 610066, P. R. China']"
2000,Molecules,"['Department of Chemistry, Sichuan Normal University, Chengdu, 610066, P. R. China']"
2000,Molecules,"['Institute of Macromolecular Chemistry ""P.Poni"", Gr. Ghica Voda Alley, 41 A, 6600, Iasi, Romania']"
2000,Molecules,"['Laboratory for Drug Design and Synthesis, Department of Chemistry &amp; Biochemistry, University of Maryland, Baltimore County, 1000 Hilltop Circle, Baltimore, MD 21250, USA']"
2000,Molecules,"['Institute of Macromolecular Chemistry ""P.Poni"", Gr. Ghica Voda Alley, 41 A, 6600, Iasi, Romania']"
2000,Molecules,"['Department of Pharmaceutical Analysis, University of Szeged, Dóm tér 8., H-6720 Szeged, Hungary', 'Department of Medicinal Chemistry, University of Szeged, Dóm tér 8., H-6720 Szeged, Hungary']"
2000,Molecules,"['Central Laboratory, Faculty of Chemical Technology, Slovak University of Technology, SK-812 37 Bratislava, Radlinského 9, Slovak Republic', 'Department of Organic Chemistry, Faculty of Chemical Technology, Slovak University of Technology, SK-812 37 Bratislava, Radlinského 9, Slovak Republic']"
2000,Molecules,"['School of Chemistry, University of Hyderabad, Hyderabad 500 046, India', 'Dept. of Medicinal Chemistry, NIPER, S. A. S. Nagar (Mohali), 160 062, India', 'Molecular Modeling Group, Organic Division-I, Indian Institute of Chemical Technology, Hyderabad 500 007, India', 'Membrane Biology Division, Central Drug Research Institute, Lucknow, 226 001, India']"
2000,Molecules,"['Institute of Chemistry, Faculty of Natural Sciences &amp; Mathematics, Sts. Cyril and Methodius University, PO Box 162, 1000 Skopje, Macedonia', 'Faculty of Pharmacy, Sts. Cyril and Methodius University, 1000 Skopje, Macedonia', 'Rudjer Boskovic Institute, Bijenicka 54, HR-10001, Zagreb, Croatia']"
2000,Molecules,"['Department of Chemical Science and Engineering, Faculty of Engineering, Kobe University, Rokkodai-cho, Nada-ku, Kobe 657-8501, Japan']"
2000,Entropy,"['MDPI, Saengergasse 25, CH-4054 Basel, Switzerland']"
2000,Entropy,"['Molecular Diversity Preservation International (MDPI), Matthaeusstrasse 11, CH-4057 Basel, Switzerland']"
2000,Molecules,"['Università di Padova, Dipartimento di Chimica Organica, Centro CNR di Studio sui Meccanismi di Reazioni Organiche, Via Marzolo 1, 35131 Padova, Italia', 'Università di Padova, Dipartimento di Chimica Organica, Centro CNR di Studio sui Biopolimeri, Via Marzolo 1, 35131 Padova, Italia']"
2000,Molecules,"['Department of Chemistry, University of Ploiesti, Bvd. Bucuresti 39, Ploiesti, RO-2000, Romania', 'University „Politehnica“ Bucharest, Organic Chemistry Department, Polizu St. 1, Bucharest, Romania']"
2000,Molecules,"['Departamento de Química, Faculdade de Filosofia, Ciências e Letras de Ribeirão Preto, Universidade de São Paulo, Av. Bandeirantes 3900, 14040-901 – Ribeirão Preto – SP, Brazil']"
2000,Molecules,"['Department of Chemistry, Faculty of Science, University of Ain Shams, Abbassia 11566, Cairo, Egypt']"
2000,Molecules,"['Department of Chemistry, Faculty of Science, Cairo University, Giza 12613, Egypt', 'Department of Chemistry, United Arab Emirates University, Al-Ain 17551, UAE']"
2000,Molecules,"['Institute of the Solution Chemistry of Russian Academy of Sciences, 153045, Akademicheskaya, 1, Ivanovo, Russian Federation']"
2000,Molecules,"['Department of Chemistry, Faculty of Science, Al-Azhar University, Nasr-City 11884, Cairo, Egypt', 'Department of Chemistry, Faculty of Science, Al-Azhar University at Assiut, Assiut 71524, Egypt']"
2000,Molecules,"['Laboratory for Drug Design and Synthesis, Department of Chemistry &amp; Biochemistry, University of Maryland, Baltimore County (UMBC), 1000 Hilltop Circle, Baltimore, Maryland 21250, USA']"
2000,Molecules,"['Centre for Natural Products, SPIC Science Foundation, Guindy, Chennai 600 032, India', 'Department of Crystallography and Biophysics, University of Madras, Guindy Campus, Chennai-600 025, India', 'X-ray Crystallography Unit, School of Physics, Universiti Sains Malaysia, 11800 USM, Penang, Malaysia']"
2000,Molecules,"['Solution Chemistry Institute of Russian Academy of Sciences, Akademicheskaya St., Ivanovo- 153045, Russian Federation', 'Ivanovo State University of Chemistry and Technology, 7, Engels Av., Ivanovo-153460, Russian Federation']"
2000,Molecules,"['Institute of Non-aqueous Solution Chemistry of Russian Academy of Sciences, 153045, Academicheskaya, 1, Ivanovo, Russian Federation', 'Ivanovo State Academy of Chemistry and Technology, 153000 Engels str., 7, Ivanovo, Russian Federation']"
2000,Molecules,"['Ivanovo State University of Chemistry and Technology, 153000, Engels av., 7. Ivanovo, Russian Federation', 'Institute of Solution Chemistry of the Russian Academy of Sciences, 153045, Akademicheskaya, 1, Ivanovo, Russian Federation']"
2000,Molecules,"['Department of Chemistry, Faculty of Science, Cairo University, Giza 12613, Egypt']"
2000,Molecules,"['Ivanovo State University, 39, Ermak st., Ivanovo, 153000, Russian Federation', 'Institute of the Solution Chemistry of Russian Academy of Sciences, Akademicheskaya, 1, 153045, Ivanovo, Russian Federation']"
2000,Molecules,"['Laboratory of Organic Chemistry, Chemistry Department, University of Thessaloniki, Thessaloniki 54006, Greece']"
2000,Molecules,"['MOLTEK, School of Chemical Sciences, Dublin City University, Glasnevin, Dublin 9, Ireland']"
2000,Molecules,"['Institute of the Solution Chemistry of Russian Academy of Sciences, Akademicheskaya, 1, 153045, Ivanovo, Russian Federation']"
2000,Molecules,"['Institute of the Solution Chemistry of Russian Academy of Sciences, 153045, Akademicheskaya, 1, Ivanovo, Russian Federation']"
2000,Molecules,"['Institute of the Solution Chemistry of Russian Academy of Sciences, 153045, Akademicheskaya, 1, Ivanovo, Russian Federation']"
2000,Sci. Pharm.,"['Karl Franzens University Graz, Institute of Pharmaceutical Technology, Schubertstraße 6, 8010 Graz, Austria']"
2000,Molecules,"['Molecular Diversity Preservation International (MDPI), Saengergasse 25, CH-4054 Basel, Switzerland']"
2000,Molecules,"['Instituto de Investigación en Ingeniería Genética y Biología Molecular, UBA - CONICET. Vuelta de Obligado 2490 2°P (1428). Buenos Aires, Argentine', 'Centro de Estudios e Investigaciones. Universidad Nacional de Quilmes. Roque Saenz Pena 180 (1876). Prov. Buenos Aires, Argentine']"
2000,Molecules,"['Department of Inorganic and Organic Chemistry, Charles University in Prague, Faculty of Pharmacy in Hradec Kralove, Heyrovskeho 1203, 500 05 Hradec Kralove, Czech Republic', 'Laboratory of Structure and Interactions of Biologically Active Molecules, Charles University in Prague, Faculty of Pharmacy in Hradec Kralove, Heyrovskeho 1203, 500 05 Hradec Kralove, Czech Republic', 'Institute of Chemistry, Faculty of Natural Sciences, Comenius University, Mlynska dolina CH-2, 842 15 Bratislava, Slovak Republic', 'Institute of Preventive and Clinic Medicine, Limbova 14, 835 01 Bratislava, Slovak Republic', 'National Institute of Public Health, Srobarova 48, 100 42 Praha 10, Czech Republic', 'Institute of Experimental Biopharmaceutics, Heyrovskeho 1207, 500 02 Hradec Kralove, Czech Republic']"
2000,Sci. Pharm.,"['Faculty of Pharmacy, An-Najah National University, P.O.Box 7, Nablus, Palestine, via Israel', 'Department of Postgraduate Studies, An-Najah National University, P.O.Box 7, Nablus, Palestine, via Israel']"
2000,Sci. Pharm.,"['Department of Analytical, Chemistry, Faculty of Pharmacy, University of Mansoura, Mansoura, 35516, Egypt']"
2000,Sci. Pharm.,"['Institut für Pharmazeutische Biologie und Phytochemie der Universität Münster, Hittorfstr. 56, D-48149 Münster, Deutschland']"
2000,Molecules,"['Faculty of Chemistry, Studentski trg 16, P.O.Box 158, 11000 Belgrade Yugoslavia', 'Institute for Chemistry, Technology and Metallurgy, Njegoseva 12, 11000 Belgrade, Yugoslavia']"
2000,Molecules,"['Laboratory of Chemistry Organic-Physic, Department of Chemistry, Faculty of Sciences, University of Mohammed The First, B P 524 - 60000 Oujda, Morocco']"
2000,Molecules,"['IPSC - BCH, Université de Lausanne, 1015 Lausanne, Switzerland']"
2000,Molecules,"['Department of Chemistry, The University of Mississippi, University, MS 38677, USA', 'Current Address: Argonaut Technologies, 887 Industrial Road, Suite G, San Carlos, CA 94070, USA.']"
2000,Molecules,"['Department of Chemistry, The University of Mississippi, University, MS 38677, USA', 'Current Address: Argonaut Technologies, 887 Industrial Road, Suite G, San Carlos, CA 94070, USA.']"
2000,Molecules,"['Chemistry Department, Southwest Missouri State University, 901 South National Avenue, Springfield, MO 65804, USA']"
2000,Molecules,"['Laboratory of Chemistry Organic-Physic, Department of Chemistry, Faculty of Sciences, University of Mohammed The First, B P 524 - 60000 Oujda, Morocco']"
2000,Molecules,"['Department of Medicinal Chemistry, University of Szeged, Dóm tér 8., H-6720 Szeged, Hungary', 'Department of Pharmaceutical Analysis, University of Szeged, Dóm tér 8., H-6720 Szeged, Hungary']"
2000,Molecules,"['Molecular Diversity Preservation International (MDPI), Saengergasse 25, CH-4054 Basel, Switzerland']"
2000,Molecules,"['Molecular Diversity Preservation International (MDPI), Saengergasse 25, CH-4054 Basel, Switzerland']"
2000,Sci. Pharm.,"['Pharmazeutisches Institut der Universität, An der Immenburg 4, D-53121 Bonn, Germany', 'Institute of Chemistry and Chemical Technology, Mongolian Academy of Science, Ulaanbaatar-51, Mongolia']"
2000,Molecules,"['Oceanographic Center, Nova Southeastern University, 8000 North Ocean Drive, Dania, 33004, USA']"
2000,Sci. Pharm.,"['Institut für Pharmazeutische Chemie der Westfälischen Wilhelms-Universität Münster, Hittorfstr. 58-62, D-48149 Münster, Bundesrepublik Deutschland']"
2000,Molecules,"['Department of Organic Chemistry, University of Pardubice, Cs legii 565, 53210 Pardubice, Czech Republic', 'Department of Colloid Chemistry, Max-Planck-Institute for Colloids and Interfaces, Forschungcampus Golm, 14424 Potsdam, Germany']"
2000,Molecules,"['Department of Chemistry, Faculty of Science, University of Ain Shams, Abbassia 11566, Cairo, Egypt']"
2000,Molecules,"['Department of Chemistry, Faculty of Science, The M.S.University of Baroda, Baroda 390002, India']"
2000,Sci. Pharm.,"['Laboratori de Química Farmacèutica, Fac. Farmàcia, Universitat de Barcelona, Avda. Diagonal 643, 08028 Barcelona (Spain', ""Institut de Chimie Organique et Analytique associé au CNRS, Université d'Orléans, BP-6957, 45067 Orléans, Cedex 2 (France)"", ""UCB Pharma, Pharmaceutical Sector, Chemin du Foriest, B-1420 Braine-L'Alleud (Belgique)"", 'Laboratoire RL-CERM, ZI La Varenne, rue H. Goudier, 63203 Riom, Cedex (France)']"
2000,Molecules,"['Instituto de Química Orgánica de Síntesis (IQUIOS-UNR), Casilla de Correo 991, 2000 Rosario, Argentina']"
2000,Entropy,"['Dept. of Finance, 108 PBAB, Univ. of Iowa, Iowa City, IA., USA']"
2000,Molecules,"['Department of Entomology, Iowa State University, Ames, IA 50011 USA', 'Department of Biochemistry, University of Wisconsin - Madison, Madison, WI 53706 USA']"
2000,Molecules,"['Dipartimento di Chimica Organica ""Ugo Schiff"", Centro di studio sulla Chimica e la Struttura dei Composti Eterociclici e loro Applicazioni (CSCEA) C. N. R., Università di Firenze, via G. Capponi 9, I-50121 Firenze, Italy']"
2000,Sci. Pharm.,"['Fachrichtung Pharmazeutische Chemie der Universität des Saarlandes, Postfach 11 50, D-66041 Saarbrücken']"
2000,Math. Comput. Appl.,"['Dumlupmar University, Department of Mining Engineering, 43100 Kutahya, Turkey']"
2000,Math. Comput. Appl.,"['Department of Physics, Baku State University, Z.Khalilov St., 23, 370073 Baku, AZERBAIJAN']"
2000,Math. Comput. Appl.,"['University of Celal Bayar, Faculty of Science, Department of Mathematics Muradiye Campus, 45030 Manisa, Turkey']"
2000,Math. Comput. Appl.,"['Istanbul Technical University, Faculty of Civil Engineering, Maslak 80626, Istanbul, Turkey']"
2000,Int. J. Mol. Sci.,"['Department of Chemistry, UMIST, Sackville Street, Manchester M60 1QD, UK', 'Departamento de Quemica, Fac. Exp. de Ciencias, La Universidad del Zulia, Grano de Oro Modulo No. 2, Maracaibo, Venezuela']"
2000,Entropy,"[""Dipartimento di Astronomia dell' Università di Padova, Vicolo dell' Osservatorio, 5, 35122 Padova, Italy""]"
2000,Molecules,"['INTEQUI- Química Orgánica, Facultad de Química, Bioquímica y Farmacia, UNSL. Chacabuco y Pedernera. (5700). San Luis, Argentina']"
2000,Molecules,"['INTEQUI - CONICET - Facultad de Química, Bioquímica y Farmacia. Universidad Nacional de San Luis. Chacabuco y Pedernera. San Luis (5700), Argentina']"
2000,Molecules,"['CITeQ (Centro de Investigacion y Tecnologia Quimica), Facultad Cordoba-Universidad Tecnologica Nacional, CC36 -Suc16 (5016)- Cordoba, Argentina']"
2000,Molecules,"['Centro de Investigaciones en Hidratos de Carbono (CIHIDECAR, CONICET), Departamento de Química Orgánica, Facultad de Ciencias Exactas y Naturales, Universidad de Buenos Aires, Ciudad Universitaria, Pab. II, 3er. Piso, 1428 Buenos Aires, Argentina']"
2000,Molecules,"['Dpto. de Química, Fac. de Cs. Exactas y Naturales, Universidad Nacional de la Pampa. Nº 151. (6300) Santa Rosa, La Pampa, Uruguay', 'Centro de Investigaciones de Plagas e Insecticidas (CIPEIN-CITEFA). Juan Bautista de La Salle 4397. (1603) Villa Martelli, de Buenos Aires, Argentina']"
2000,Molecules,"['Centro de Investigaciones en Hidratos de Carbono (CIHIDECAR, CONICET), Departamento de Química Orgánica, Facultad de Ciencias Exactas y Naturales, Universidad de Buenos Aires, Ciudad Universitaria, Pab. II, 3er. Piso, 1428 Buenos Aires, Argentina']"
2000,Molecules,"['Departamento de Química Orgánica, Facultad de Ciencias Exactas y Naturales, Universidad de Buenos Aires. Pabellón II, Piso 3. Ciudad Universitaria. 1428. Buenos Aires, Argentina']"
2000,Molecules,"['INIQO, Universidad Nacional del Sur, Avenida Alem 1253, 8000 Bahía Blanca, Argentina']"
2000,Molecules,"['Instituto de Investigaciones en Química Orgánica, Departamento de Química e Ing.Qca., Universidad Nacional del Sur, Av. Alem 1253, 8000 Bahía Blanca, Argentina']"
2000,Molecules,"['Instituto de Cs. Químicas. Facultad de Agronomía y Agroindustrias. U.N.S.E., Av. Belgrano (S) 1912. (4200). Santiago del Estero, Argentina']"
2000,Molecules,"['Área Química Orgánica, Dpto. de Química, Facultad de Ingeniería Química, Universidad Nacional del Litoral, Santiago del Estero 2829, (3000) Santa Fe, Argentina']"
2000,Molecules,"['Universidad Nacional de San Luis. Facultad de Química, Bioquímica y Farmacia. Cátedra de Química General. Chacabuco y Pedernera. 5700 San Luis, Argentina']"
2000,Molecules,"['Departamento de Química, Facultad de Química Bioquímica y Farmacia, Universidad Nacional de San Luis, Chacabuco y Pedernera, CP:5700, San Luis, Argentina']"
2000,Molecules,"['Universidad Nacional de San Luis. Facultad de Química, Bioquímica y Farmacia. Cátedra de Química General. Chacabuco y Pedernera. 5700 San Luis, Argentina']"
2000,Molecules,"['Departamento de Química, Área de Química Orgánica, Facultad de Ingeniería Química, Universidad Nacional del Litoral (U.N.L.), Santiago del Estero 2829, 3000. Santa Fe, Argentina']"
2000,Molecules,"['Depto. de Farmacia, Facultad de Ciencias Químicas, Universidad Nacional de Córdoba. Ciudad Universitaria. 5000 Córdoba, Argentina']"
2000,Molecules,"['Fac. de Ingeniería, UNJu – Gorriti 237 (4600) S. S. de Jujuy, Argentina']"
2000,Molecules,"['Departamento. de Química. Orgánica, UMYMFOR. Facultad de Ciencias Exactas y Naturales, UBA. Pabellón II, 3º P. Ciudad Universitaria. (1428). Buenos Aires, Argentina']"
2000,Molecules,"['LADECOR, Departamento de Química, Facultad de Ciencias Exactas, Universidad Nacional de La Plata. Calles 47 y 115, B1900AJL La Plata, Argentina']"
2000,Molecules,"['CITeQ(Centro de Investigacion y Tecnologia Quimica), Facultad Cordoba, Universidad Tecnologica Nacional, CC36 -Suc16(5016)- Cordoba, Argentina']"
2000,Molecules,"['INIQO, Universidad Nacional del Sur, Avenida Alem 1253, 8000 Bahía Blanca, Argentina', 'INIEC, Universidad Nacional del Sur, Avenida Alem 1253, 8000 Bahía Blanca, Argentina']"
2000,Molecules,"['Departamento de Quimica, Universidad Nacional de Río Cuarto. Agencia N03 5800 Rio Cuarto, Argentina']"
2000,Molecules,"['Departamento de Química Orgánica, CIHIDECAR-CONICET, Facultad de Ciencias Exactas y Naturales, Universidad de Buenos Aires, Pabellón 2, Ciudad Universitaria, 1428 Buenos Aires, Argentina']"
2000,Molecules,"['Centro de Investigación en Química Aplicada; Blvd. Enrique Reyna Hermosillo 140. (25100) Saltillo, Coahuila., México', 'Laboratorio de Química, Facultad de Ingeniería, Universidad Nacional del Centro de la Provincia de Buenos Aires, Avda del Valle 5737, (7400) Olavarría, Argentina']"
2000,Molecules,"['Química Orgánica. INTEQUI-CONICET. UNSL. Chacabuco y Pedernera (5700). San Luis, Argentina']"
2000,Molecules,"['ICTA Instituto de Ciencia y Tecnología de Alimentos, Av. Vélez Sarfield 1600. (5016), Córdoba Argentina']"
2000,Molecules,"['Departamento de Química Orgánica, Facultad de Ciencias Exactas y Naturales, UBA, Ciudad Universitaria, 1428-Buenos Aires, Argentina']"
2000,Molecules,"['Farmacognosia, FCN, UNPSJB, Km 4, 9000, Comodoro Rivadavia, Argentina', 'Depto. Química Orgánica, FCEyN, UBA, C.Universitaria, 1428, Buenos Aires, Argentina']"
2000,Molecules,"['Departamento de Química Orgánica, Facultad de Ciencias Exactas y Naturales, UBA. Pabellón II, 3°P. Ciudad Universitaria. (1428). Buenos Aires, Argentina']"
2000,Molecules,"['Instituto de Química Orgánica de Síntesis (CONICET - UNR), Facultad de Ciencias Bioquímicas y Farmacéuticas, Universidad Nacional de Rosario, Casilla de Correo 991, 2000 – Rosario, Argentina']"
2000,Molecules,"['Universidad Nacional de Quilmes. R. S. Peña 180, (1876) Bernal, Buenos Aires, Argentina', 'INGEBI, CONICET, Vuelta de Obligado 2490, (1428) Buenos Aires, Argentina']"
2000,Molecules,"['Centro de Estudios e Investigaciones, Universidad Nacional de Quilmes - Roque Sáenz Peña 180 - (1876) Bernal - Buenos Aires, Argentina', 'INGEBI (CONICET) - Vuelta de Obligado 2490 - (1428) - Buenos Aires, Argentina']"
2000,Molecules,"['Departamento de Química y Física, Universidad Nacional de Río Cuarto, Agencia Postal Nº 3, 5800 Río Cuarto, Argentina']"
2000,Molecules,"['Departamento de Química y Física, Universidad Nacional de Río Cuarto, Agencia Postal Nº 3, 5800 Río Cuarto, Argentina', 'Department of Chemistry and Biochemistry, Arizona State University, Tempe, AZ 85287-1604, USA']"
2000,Molecules,"['PROPLAME-CONICET, Departamento de Química Orgánica, Facultad de Ciencias Exactas y Naturales, Universidad de Buenos Aires, Pabellón 2, Ciudad Universitaria, 1428 Buenos Aires, Argentina']"
2000,Molecules,"['Instituto de Ciencia y Tecnología de los Alimentos (ICTA), Qca. Orgánica e Instituto Multidisciplinario de Biología Vegetal (IMBIV). Fac. de Cs. Ex. Fís. y Nat., UNC., Av. Vélez Sarsfield 1600. (5016). Córdoba. Argentina']"
2000,Molecules,"['Cátedra de Química Orgánica, Facultad de Química, Gral. Flores 2124, Universidad de la República, Montevideo, Uruguay']"
2000,Molecules,"['Cátedra de Química Orgánica, Facultad de Química, Universidad de la República , CC 1157, CP 11800, Montevideo, Uruguay', 'Laboratorio de Química Orgánica, Facultad de Ciencias, Universidad de la República , CC 1157, CP 11800, Montevideo, Uruguay']"
2000,Molecules,"['Depto. de Qca. Orgánica, Facultad de Ciencias. Exactas y Natutales, UBA. Pabellón II, 3o P. Ciudad Universitaria. (1428). Buenos Aires, Argentina', 'Centro de Referencia para Lactobacilos (CERELA), Chacabuco 145, S.M. de Tucumán, Tucumán, Argentina']"
2000,Molecules,"['PROPLAME-CONICET, Departamento de Química Orgánica, Facultad de Ciencias Exactas y Naturales, Universidad de Buenos Aires, Pabellón 2, Ciudad Universitaria, 1428 Buenos Aires, Argentina', 'INQUIMAE, Departamento de Química Inorgánica, Analítica y Química Física, Facultad de Ciencias Exactas y Naturales, Universidad de Buenos Aires, Pabellón 2, Ciudad Universitaria, 1428 Buenos Aires, Argentina']"
2000,Molecules,"['Dpto de Química y Física. Universidad Nacional de Río Cuarto. Agencia Postal No3. Río Cuarto, Argentina']"
2000,Molecules,"['Dpto de Farmacia, Facultad de Ciencias Químicas, U.N.C. Ciudad Universitaria, 5000-Córdoba, Argentina']"
2000,Molecules,"['Dpto. de Farmacia. Fac. Cs. Químicas. Univ. Nacional de Córdoba. 5000 – Córdoba, Argentina']"
2000,Molecules,"['Instituto de Química Orgánica de Síntesis (IQUIOS-UNR), Casilla de Correo 991, 2000 Rosario, Argentina']"
2000,Molecules,"['INIFTA Dpto. Qca, Fac. Cs. Exactas.C.C. 16, Suc. 4, 1900 La Plata, Argentine', 'Dpto. Física, Fac. Cs. Exactas, UNLP, 47 y 115, 1900 La Plata, Argentine', 'Instituto de Física, Univ. De São Paulo, CP 369, 13560 São Carlos (SP) Brazil', 'Fac. Ingeniería, Dpto de Ingeniería Química, UNLP, Calle 47 y 1, 1900 La Plata, Argentine']"
2000,Molecules,"['Cátedra de Química Orgánica, Facultad de Química, Universidad de la República General Flores 2124, Montevideo, Uruguay']"
2000,Molecules,"['Cátedra de Química Orgánica, Facultad de Química, Universidad de la República General Flores 2124, Montevideo, Uruguay']"
2000,Molecules,"['Cátedra de Química Orgánica, Facultad de Química, Universidad de la República. General Flores 2124, Montevideo, Uruguay', 'Departamento de Fisicoquímica Biológica, Facultad de Ciencias, Universidad de la República. General Flores 2124, Montevideo, Uruguay', 'Departamento de Bioquímica, Facultad de Medicina, Universidad de la República. General Flores 2124, Montevideo, Uruguay']"
2000,Molecules,"['Instituto de Química Orgánica de Síntesis -IQUIOS-(CONICET-UNR) and Facultad de Ciencias Bioquímicas y Farmacéuticas, Universidad Nacional de Rosario, P.O.B. 991, 2000 Rosario, Argentina']"
2000,Molecules,"['Instituto de Química Orgánica de Síntesis -IQUIOS-(CONICET-UNR) and Facultad de Ciencias Bioquímicas y Farmacéuticas, Universidad Nacional de Rosario, P.O.B. 991, 2000 Rosario, Argentina']"
2000,Molecules,"['Instituto de Química Orgánica de Síntesis -IQUIOS- (CONICET-UNR) and Facultad de Ciencias Bioquímicas y Farmacéuticas, Universidad Nacional de Rosario, P.O.B. 991, 2000 Rosario, Argentina']"
2000,Molecules,"['PROPLAME-CONICET, Departamento de Química Orgánica, Facultad de Ciencias Exactas y Naturales, Universidad de Buenos Aires, Pabellón 2, Ciudad Universitaria, 1428 Buenos Aires, Argentina']"
2000,Molecules,"['Instituto Multidisciplinario de Biología Vegetal (IMBIV) Facultad de Ciencias Exactas, Físicas y Naturales. Universidad Nacional de Córdoba. Av. Vélez Sarsfield 1600. Ciudad Universitaria. (5016) Córdoba, Argentina']"
2000,Molecules,"['Instituto Multidisciplinario de Biología Vegetal (IMBIV) F.C.E.F. y N. – U.N.C. Escuela de Nutrición. Facultad de Medicina. Universidad Nacional de Córdoba. Av. Vélez Sarsfield 1600. Ciudad Universitaria. (5016) Córdoba, Argentina']"
2000,Molecules,"['Departamento de Química Orgánica. Facultad de Farmacia y Bioquímica. Universidad de Buenos Aires. Junín 956 (1113). Buenos Aires, Argentina']"
2000,Molecules,"['Departamento de Química Orgánica, Facultad de Farmacia y Bioquímica, UBA, Junín 956 (1113), Buenos Aires, Argentina']"
2000,Molecules,"['Departamento de Química Orgánica. Facultad de Farmacia y Bioquímica. Universidad de Buenos Aires. Junín 956 (1113), Argentina']"
2000,Molecules,"['Instituto Muldisciplinario de Biología Vegetal (IMBIV. CONICET-UNC). Cátedra de Química Orgánica. Fac. Cs. Ex., Fís. y Naturales. Av. Vélez Sarsfield 1600. Córdoba 5016, Argentina']"
2000,Molecules,"['INIQO, Universidad Nacional del Sur, Av. Alem 1253, (8000) Bahía Blanca, Argentina']"
2000,Molecules,"['Instituto de Investigaciones en Química Orgánica (INIQO), Departamento de Química e Ing. Qca.,Universidad Nacional del Sur, Avda. Alem 1253, 8000 Bahía Blanca, Argentina']"
2000,Molecules,"['Facultad de Cs. Bioquímicas y Farmacéuticas. IQUIOS-CONICET, Universidad Nacional de Rosario. Suipacha 531, 2000 Rosario, Argentina']"
2000,Molecules,"['Química Orgánica, Facultad de Química, Bioquímica y Farmacia, Universidad Nacional de San Luis. Chacabuco y Pedernera. (5700), San Luis, Argentina']"
2000,Molecules,"['Cátedra de Farmacología. Fac. de Qca., Bioqca. y Fcia. U.N. San Luis - Chacabuco y Pedernera - 5700 - San Luis, Argentina']"
2000,Molecules,"['Organic chemistry, Dpto. Chemistry, Cs. Natural-UNPSJB-Km4 - (9000) C. Rivadavia.Chubut, Argentina', 'Vascular Plants, Dpto. General biology. Cs. Natural-UNPSJB-Km4 - (9000) C. Rivadavia.Chubut, Argentina', 'Vegetable Anatomy - Dpto. General biology. Cs. Natural-UNPSJB-Km4 - (9000) C. Rivadavia. Chubut, Argentina']"
2000,Molecules,"['Departamento de Química. Orgánica, Facultad de Ciencias Químicas, Universidad Nacional de Córdoba. Ciudad Universitaria. (5000) Córdoba, Argentina']"
2000,Molecules,"['Departamento de Química. Orgánica, Facultad de Ciencias Químicas, Universidad Nacional de Córdoba, Ciudad Universitaria. (5000) Córdoba, Argentina']"
2000,Molecules,"['IQUIOS-Facultad de Cs. Bioquímicas y Farmacéuticas-Universidad Nacional de Rosario - Suipacha 531- 2000 Rosario-Santa Fe, Argentina', 'CEQUINOR-Departamento de Química-Facultad de Ciencias Exactas- Universidad Nacional de La Plata-CC 962-1900-La Plata-Buenos Aires, Argentina']"
2000,Molecules,"['Instituto de Química Orgánica de Síntesis (IQUIOS)- CONICET; Facultad de Ciencias Bioquímicas y Farmacéuticas-U.N.R. Suipacha 531, Rosario (2000), Argentina', 'INFIQC - Departamento de Químíca Orgánica, Fac. Ciencias Químicas- U.N.C. Ciudad Universitaria, (5000) Córdoba, Argentina']"
2000,Molecules,"['Departamento de Química Orgánica, Facultad de Ciencias Exactas y Naturales, Universidad de Buenos Aires, Pabellón 2, Ciudad Universitaria, 1428 Buenos Aires, Argentina']"
2000,Molecules,"['Departamento de Química Orgánica, Facultad de Ciencias Exactas y Naturales, Universidad de Buenos Aires, Pabellón 2, Ciudad Universitaria, (1428) Buenos Aires, Argentina']"
2000,Molecules,"['Departamento de Química Orgánica, Facultad de Ciencias Exactas y Naturales, Universidad de Buenos Aires, Pabellón II, Ciudad Universitaria, 1428 Buenos Aires, Argentina', 'Institut de Chimie des Substances Naturelles. CNRS. Gif-sur-Yvette. (91198), France']"
2000,Molecules,"['Departamento de Química Orgánica, Facultad de Ciencias Exactas y Naturales, Universidad de Buenos Aires, Pabellón II, Ciudad Universitaria, 1428 Buenos Aires, Argentina', 'Departamento de Química Orgánica and IMBIV, Facultad de Ciencias Químicas, Universidad Nacional de Córdoba, 5016 Córdoba, Argentina']"
2000,Molecules,"['Instituto de Investigaciones en Química Orgánica, Departamento de Química e Ing.Qca., Universidad Nacional del Sur, Av. Alem 1253, 8000 Bahía Blanca, Argentina']"
2000,Molecules,"['INFIQC- Departamento de Química Orgánica- Facultad de Ciencias Químicas- Universidad Nacional de Córdoba- Ciudad Universitaria.- 5000 Córdoba, Argentina']"
2000,Molecules,"['Dpto de Química Orgánica , Facultad de Cs Químicas, UNC. Ciudad Universitaria. 5000 Córdoba, Argentina']"
2000,Molecules,"['Dpto de Química Orgánica, Facultad de Cs Químicas, UNC. Ciudad Universitaria. 5000 Córdoba. Argentina']"
2000,Molecules,"['INFIQC. Depto. de Química Orgánica. Facultad de Ciencias Químicas. UNC. 5000 – Córdoba, Argentina']"
2000,Molecules,"['Quím. Org. Fina, Fac. Quím., Univ. Ind. de Santander, A.A. 678, Bucaramanga, Colombia', 'Farmacognosia, Fac.Cs. Bioq. y Farm., Univ.Nac de Rosario, Suipacha 531, (2000)-Rosario, Argentina', 'Quím.Gral, Fac. de Quím., Bioq. y Farm., Chacabuco y Pedernera, (5700)-San Luis, Argentina']"
2000,Molecules,"['Química-Física, Facultad de Química, Bioquímica y Farmacia. Universidad Nacional de San Luis. Chacabuco y Pedernera, (5700) San Luis, Argentina', 'Química Orgánica. Facultad de Química, Bioquímica y Farmacia. Universidad Nacional de San Luis. Chacabuco y Pedernera, (5700) San Luis, Argentina']"
2000,Molecules,"['Química-Física. Fac. de Química, Bioquímica y Farmacia. UN de San Luis. (5700) San Luis, Argentina', 'Química Orgánica. Fac. de Química, Bioquímica y Farmacia. UN de San Luis. (5700) San Luis, Argentina']"
2000,Molecules,"['Departamento de Química Orgánica, Facultad de Ciencias Químicas - UNC. Ciudad Universitaria. 5000 Córdoba, Argentina']"
2000,Molecules,"['Centro de Investigaciones de Hidratos de Carbono (CIHIDECAR). Departamento de Química Orgánica. Facultad de Ciencias Exactas y Naturales. Universidad de Buenos Aires. Ciudad Universitaria, Pab. II 1428, Buenos Aires, Argentina']"
2000,Molecules,"['Química Orgánica III. Fac. de Farmacia y Bioquímica. UBA. Junín 956 (1113). Bs. As., Argentina']"
2000,Molecules,"['Química Orgánica III. Fac. de Farmacia y Bioquímica. UBA. Junín 956 (1113). Bs. As. Argentina', 'CINDECA, UNLP-CONICET, 47 Nº 257, 1900 La Plata, Argentina']"
2000,Molecules,"['Departamento de Química y Física, Universidad Nacional de Río Cuarto, Agencia Postal N0 3, (5800) Río Cuarto, Argentina', 'Department of Chemistry, University of Minnesota, Minneapolis, MN 55455, USA', 'Analytical Consulting Laboratories, 4509-B Broadmoor SE, Kentwood, MI 49512, USA', 'Department of Chemistry, Virginia Commonwealth University, Richmond, VA 23284-2006, USA']"
2000,Molecules,"['Instituto de Química Orgánica de Síntesis (IQUIOS)- CONICET; Facultad de Ciencias Bioquímicas y Farmacéuticas-U.N.R. Suipacha 531, Rosario (2000), Argentina', 'INFIQC - Dpto. Químíca Orgánica, Fac. Ciencias Químicas. U.N.C., Ciudad Universitaria, (5000) Cordoba, Argentina']"
2000,Molecules,"['INFIQC - Dpto. Quimica Organica, Fac. Ciencias Quimicas. U.N.C., Ciudad Universitaria, (5000) Cordoba, Argentina', 'Dpto. de Farmacia, Fac. Ciencias Quimicas. U.N.C., Ciudad Universitaria, (5000) Cordoba, Argentina']"
2000,Molecules,"['Instituto de Investigaciones en Físico Química de Córdoba (INFIQC), Departamento de Química Orgánica, Facultad de Ciencias Químicas, Universidad Nacional de Córdoba. Ciudad Universitaria. 5000 Córdoba, Argentina']"
2000,Molecules,"['Instituto de Investigaciones en Físico Química de Córdoba (INFIQC), Departamento de Química Orgánica, Facultad de Ciencias Químicas, Universidad Nacional de Córdoba. Ciudad Universitaria. 5000 Córdoba, Argentina']"
2000,Molecules,"['Laboratorio Fester, Dpto. de Química, Facultad de Ingeniería Química, Universidad Nacional del Litoral, Santiago del Estero 2829, 3000, Santa Fe, Argentina']"
2000,Molecules,"['Dpto. de Química, Facultad de Ingeniería, Universidad Nacional del Comahue. Buenos Aires 1400. (8300) Neuquén, Argentina', 'Dpto. de Química Orgánica. Facultad de Ciencias Exactas y Naturales. Pabellón II, 3°p, Ciudad Universitaria. U.B.A., Argentina']"
2000,Molecules,"['Depto. Farmacia. Facultad de Ciencias Químicas, UNC. Ciudad Universitaria (5000). Córdoba, Argentina']"
2000,Molecules,"['INIQO, Universidad Nacional del Sur, Avenida Alem 1253, 8000 Bahía Blanca, Argentina']"
2000,Molecules,"['Laboratorio Fester, Dpto. de Química, Facultad de Ingeniería Química, Universidad Nacional del Litoral, Santiago del Estero 2829, 3000, Santa Fe, Argentina']"
2000,Molecules,"['Instituto de Investigaciones en Química Orgánica, Departamento de Química e Ingeniería Química, Universidad Nacional del Sur, 8000 Bahía Blanca, Argentina']"
2000,Molecules,"['Instituto de Investigaciones en Química Orgánica, Universidad Nacional del Sur, Avda. Alem 1253 (8000) Bahía Blanca, Argentina']"
2000,Molecules,"['INTEQUI-CONICET-Facultad de Química, Bioquímica y Farmacia. Chacabuco y Pedernera-5700- San Luis, Argentina']"
2000,Molecules,"['INIQO, Universidad Nacional del Sur, Avenida Alem 1253, 8000 Bahía Blanca, Argentina']"
2000,Molecules,"['CIHIDECAR - Centro de Investigaciones de Hidratos de Carbono. Departamento de Química Orgánica, Facultad de Ciencias Exactas y Naturales - UBA - 3° P - Pab. II.- Ciudad Universitaria (1428) - Buenos Aires, Argentina']"
2000,Molecules,"['Departamento de Biología Molecular, Universidad Nacional de Río Cuarto, Agencia Postal Nro 3, Río Cuarto 5800, Argentina', 'Departamento de Química y Física, Universidad Nacional de Río Cuarto, Agencia Postal Nro 3, Río Cuarto 5800, Argentina']"
2000,Molecules,"['Facultad de Ingeniería. Universidad Nacional del Centro de la Prov. Bs. As. Avda. Del Valle 5737, B7400JWI Olavarría, Prov. de Buenos. Aires, Argentina', 'Dpto de Química Orgánica. Area Bromatología. Facultad de Ciencias. Exactas y Naturales. U.B.A. Ciudad Universitaria, Pabellón 2; 1428 - Buenos Aires, Argentina']"
2000,Molecules,"['Dpto de Química y Física, Universidad Nacional de Río Cuarto. Agencia Postal N: 3, 5800, Río Cuarto, Argentina']"
2000,Molecules,"['Departamento de Química Orgánica, Facultad de Ciencias Exactas y Naturales, Universidad de Buenos Aires, Pabellón 2, 3o,Ciudad Universitaria, 1428 - Buenos Aires, Argentina']"
2000,Molecules,"['Departamento de Química Orgáncia y UMYMFOR, Facultad de Ciencias Exactas y Naturales, UBA, Pabellón 2, Piso 3. Ciudad Universitaria,1428, Bs. As., Argentina', 'Departamento de Química Biológica, Facultad de Ciencias Exactas y Naturales, UBA, Pabellón 2, Piso 4. Ciudad Universitaria, 1428, Bs. As., Argentina']"
2000,Molecules,"['Departamento de Química Orgánica, Facultad de Ciencias Exactas y Naturales, Universidad de Buenos Aires. Pabellón II, 3er Piso, Ciudad Universitaria, (1428) Buenos Aires, Argentina']"
2000,Molecules,"['Laboratorio de Química, Facultad de Ingeniería, Universidad Nacional del Centro de la Provincia de Buenos Aires, Avda del Valle 5737, (7400) Olavarría, Argentina']"
2000,Molecules,"['Department of Organic Chemistry. Faculty of Pharmacy and Biochemistry. University of Buenos Aires. (1113) Junin 956. Buenos Aires, Argentina']"
2000,Molecules,"['Química Orgánica - INTEQUI - CONICET - Facultad de Qca., Bioqca. y Fcia., UNSL, Chacabuco y Pedernera. (5700). San Luis, República Argentina']"
2000,Molecules,"['Depto de Química Orgánica - Facultad de Ciencias Exactas y Naturales - Universidad de Buenos Aires - Ciudad Universitaria - Pab. II - (1428) Buenos Aires, Argentina', 'Depto de Biología - Facultad de Ciencias Exactas y Naturales - Universidad de Buenos Aires - Ciudad Universitaria - Pab. II - (1428) Buenos Aires, Argentina']"
2000,Molecules,"['Depto. de Química Orgánica, Facultad de Ciencias Exactas y Naturales, Universidad de Buenos Aires, Ciudad Universitaria, Pabellón 2, (1428) Buenos Aires, Argentina']"
2000,Molecules,"['Depto. de Química Orgánica, Facultad de Ciencias Exactas y Naturales, Universidad de Buenos Aires, Ciudad Universitaria, Pabellón 2, (1428) Buenos Aires, Argentina']"
2000,Molecules,"['Depto. de Química Orgánica, Facultad de Ciencias Exactas y Naturales, Universidad de Buenos Aires, Ciudad Universitaria, Pabellón 2, (1428) Buenos Aires, Argentina']"
2000,Molecules,"['Depto. de Ciencias Biológicas, Facultad de Ciencias Exactas y Naturales, Universidad de Buenos Aires, Ciudad Universitaria, Pabellón 2, (1428) Buenos Aires, Argentina', 'Depto. de Química Orgánica, Facultad de Ciencias Exactas y Naturales, Universidad de Buenos Aires, Ciudad Universitaria, Pabellón 2, (1428) Buenos Aires, Argentina']"
2000,Molecules,"['Departamento de Farmacia, Facultad de Ciencias Químicas, Universidad Nacional de Córdoba. Ciudad Universitaria , 5000 Córdoba, Argentina']"
2000,Molecules,"['Department of Chemistry. Universidad Nacional de la Patagonia San Juan Bosco. Ciudad Universitaria km4. Comodoro Rivadavia. (9004) Chubut, Argentina', 'Department of Organic Chemistry, Facultad de Ciencias Exactas y Naturales, Universidad de Buenos Aires. Pab II. Ciudad Universitaria. 1428 Buenos Aires, Argentina']"
2000,Molecules,"['CITeQ, Universidad Tecnológica Nacional, Facultad Regional Córdoba, C.C.36, 5016 Córdoba, Argentina']"
2000,Molecules,"['Cátedra de Química Orgánica. Facultad de Química, Universidad de la República, Gral. Flores 2124. C.C. 1157. C.P. 11800. Montevideo, Uruguay']"
2000,Molecules,"['CITeQ, Universidad Tecnológica Nacional, Facultad Regional Córdoba, C.C.36, 5016 Córdoba, Argentina']"
2000,Molecules,"['Universidad Nacional de San Luis, Fac. de Qca., Bioqca. y Fcia, Cátedra de Qca. Gral, Chacabuco y Pedernera, (5700) San Luis, Argentina']"
2000,Molecules,"['Instituto de Química Orgánica de Síntesis (IQUIOS-UNR) Casilla de Correo 991, 2000 Rosario, Argentina']"
2000,Molecules,"['Química Orgánica- INTEQUI-CONICET- Facultad de Química, Bioquímica y Farmacia UNSL, Chacabuco y Pedernera (5700)- San Luis, República Argentina']"
2000,Molecules,"['IQUIOS (Instituto de Química Orgánica de Síntesis)-CONICET-Facultad de Cs. Bioquímicas y Farmacéuticas- Universidad Nacional de Rosario-Suipacha 531- 2000 Rosario-Santa Fe, Argentina']"
2000,Molecules,"['IQUIOS (Instituto de Quimica Organica de Syntesis)-CONICET- Facultad de Cs. Bioquimicas y Farmaceuticas- Universidad Nacional de Rosario Suipacha 531- 2000 Rosario-Santa Fe, Argentina']"
2000,Molecules,"['Instituto de Química Orgánica de Síntesis - IQUIOS, CONICET. Facultad de Ciencias Bioquímicas y Farmacéuticas - Universidad Nacional de Rosario. Suipacha 531, 2000 Rosario, Argentina']"
2000,Molecules,"['Departamento de Química y Física. Facultad de Ciencias Exactas, Físico-Químicas y Naturales, Universidad Nacional de Río Cuarto, Agencia Postal No 3 (5800) Río Cuarto, Argentina', 'Instituto de Química Médica (CSIC), Juan de la Cierva 3, 28006 Madrid, Spain']"
2000,Molecules,"['PROPLAME- CONICET, Departamento de Química Orgánica, Facultad de Ciencias Exactas y Naturales, Universidad de Buenos Aires, Pabellón 2, Piso 3, Ciudad Universitaria, 1428 Buenos Aires, Argentina']"
2000,Molecules,"['Cátedra de Química Farmacéutica. Facultad de Química, Universidad de la República.Av. General Flores 2124, C.C. 1157, Montevideo, Uruguay']"
2000,Molecules,"['Departamento de Química Orgánica e IMBIV-CONICET, Facultad de Ciencias Químicas, Universidad Nacional de Córdoba. Ciudad Universitaria, 5000 Córdoba, Argentina']"
2000,Molecules,"['Laboratorio de Fisicoquímica Orgánica, Departamento de Procesos y Sistemas Universidad Simón Bolívar, Apartado Postal 89000, Caracas, Venezuela']"
2000,Molecules,"['Departamento de Química, Universidade Federal de Santa Catarina, 88040-970, Florianópolis, SC, Brazil']"
2000,Molecules,"['INIQO. Universidad Nacional del Sur. Avenida Alem 1253. (8000) Bahía Blanca, Argentina']"
2000,Molecules,"['The University of Texas M. D. Anderson Cancer Center, Houston, TX 77030, USA']"
2000,Molecules,"['Institut de Chimie des Substances Naturelles, Centre National de la Recherche Scientifique, 91198 Gif- sur-Yvette cedex, France']"
2000,Molecules,"['Departamento de Química Orgánica e Inorgánica, Facultad de Química, Universidad de Oviedo, 33006, Oviedo, Spain']"
2000,Molecules,"['Case 561 - Faculté des Sciences de Saint-Jérôme, 13397 - Marseille Cedex 20, France']"
2000,Molecules,"['Program for Collaborative Research in the Pharmaceutical Sciences and Department of Medicinal Chemistry and Pharmacognosy, College of Pharmacy, University of Illinois at Chicago, 833 South Wood Street, Chicago, IL 60612, USA']"
2000,Molecules,"['Department of Pharmacy, Faculty of Biochemical and Pharmaceutical Sciences, National University of Rosario, Suipacha 531, 2000-Rosario, Argentina', 'IQUIOS (Instituto de Quimica Organica de Sintesis)-CONICET, Facultad de Ciencias, Bioquimicas y Farmaceuticas, Universidad Nacional de Rosario, Suipacha 570, 2000-Rosario-Santa Fe, Argentina']"
2000,Molecules,"['Department of Chemistry, Katholieke Universiteit Leuven, Celestijnenlaan 200F, 3001 Heverlee Belgium']"
2000,Molecules,"['Institut for Organic Chemistry, Technical University Wien, Getreidemarkt 9, A-1110 Vienna, Austria', 'Department of Organic Chemistry, Faculty of Chemical Technology, Slovak Technical University, Radlinského 9, SK-812 37 Bratislava, Slovak Republic']"
2000,Molecules,"['Department of Pharmacy, Faculty of Biochemical and Pharmaceutical Sciences, National University of Rosario, Suipacha 531, 2000-Rosario, Argentina', 'IQUIOS (Instituto de Quimica Organica de Sintesis)-CONICET, Facultad de Ciencias Bioquimicas y Farmaceuticas, Universidad Nacional de Rosario, Suipacha 570, 2000-Rosario-Santa Fe, Argentina']"
2000,Sci. Pharm.,"['Institute of Himalayan Bioresource Technology, P.B. No. 6, Palampur (H.P.), 176 061 India', 'Dedicated to Prof.Dr.W. Kubelka on the occasion of his 65']"
2000,Molecules,"['Fachbereich Chemie der Universität Rostock, D-18051 Rostock, Germany', 'Institut für Organische Katalyseforschung an der Universität Rostock, Buchbinderstr. 5-6, D-18055 Rostock, Germany', 'Departamento de Farmacia e Bioquimica, Universidade Bandeirante de Sao Paulo (UNIBAN), Rua Maria Candida, 1813 Vila Guilherme Sao Paulo-SP, Brazil']"
2000,Entropy,"['Università degli Studi di Bergamo, Facoltà di Ingegneria, Viale Marconi, 5, 24044 Dalmine (Bergamo),Italy']"
2000,Molecules,"['Bio-Organic Division, Bhabha Atomic Research Centre, Mumbai-400085, India']"
2000,Sci. Pharm.,"['Institut für Pharmazeutische Chemie der Universität Wien, Althanstraße 14, A-1090 Wien, Österreich', 'Herrn o. Univ.-Prof. Dr. W. Kubelka mit den besten Wünschen zum 65. Geburtstag gewidmet']"
2000,Sci. Pharm.,"['Dipartimento di Scienze Farmaceutiche, Universitd di Catania, viale Andrea Doria 6, Ed. 12, 1-95125 Catania, Italy', 'Institut fur Phnrmazie/Pharmazeutische Chemie, Leopold-Franzens-Universitat lnnsbruck Innrain 52a, A-6020 Innsbruck, Austria', '']"
2000,Molecules,"['Chemistry Department, Faculty of Science, King Abdul-Aziz University, Jeddah 21413, P.O. Box 9028, Saudi Arabia']"
2000,Sci. Pharm.,"['Institute of Pharmaceutical Chemistry, University of Vienna, Althanstraβe 14, A-1090 Vienna, Austria', 'Institute of Medical Chemistry, University of Vienna, Wiihringerstraβe 10, A-1090 Vienna, Austria', 'Medicinal and Pharmaceutical Chemistry, Research Center Borstel, Parkallee 1-40, D-23845 Borstel, Germany', 'Dedicated to Univ.-Prof. Dr. W. Kubelka on the occasion of his 65']"
2000,Sci. Pharm.,"['Institut fur Theoretische Chemie und Molekulare Strukturbiologie, Universitat Wien, Wahringer Strafle 17, A-1090 Wien, Austria', 'Institut fur Pharmazeutische Chemie, Universitat Wien, Althanstrafle 14, A-1090 Wien, Austria']"
2000,Sci. Pharm.,"['Merck KGaA, D-64271 Darmstadt, Germany', 'Institute of Pharmaceutical Chemistry, Johann Wolfgang Goethe University, D-60439 Frankfurt, Germany', 'Institute of Pharmaceutical Chemistry, University of Vienna, A-1090 Wien, Austria', 'Institute of Biochemical Pharmacology, University of Vienna, A-1090 Wien, Austria', 'Dedicated to Univ.-Prof. Dr. W. Kubelka with our best wishes on the occasion of his 65']"
2000,Int. J. Mol. Sci.,"['Department of Alkali Halide Crystals, Institute for Single Crystals, National Academy of Sciences of Ukraine, 60 Lenina Avenue., Kharkiv 310001, Ukraine', 'Computational Center for Molecular Structure and Interactions, Department of Chemistry, Jackson State University, P.O. Box 17910, 1325 Lynch Street, Jackson, MS 39217, USA']"
2000,Sci. Pharm.,"['Institut fur Theoretische Chemie und Molekulare Strukturbiologie, Wahringer Straje 17, A-I 090 Wien, Austria', 'Department of Chemistry, Faculty of Science, Kasetsart University, Bangkok 10900, Thailand']"
2000,Molecules,"['Institute of Chemistry / Organic and Bioorganic Chemistry, Karl-Franzens-University Graz, Heinrichstrasse 28, A-8010 Graz, Austria']"
2000,Sci. Pharm.,"['Institut fiir Theoretische Chemie und Strahlenchemie, Wiihringer StraBe 17, A-1090 Wien', 'Institut fiir Pharmazeutische Technologic, AlthanstraBe 14, A-1090 Wien']"
2000,Molecules,"['Institute of Chemistry, Slovak Academy of Sciences, SK-84238 Bratislava, Slovak Republic', 'Department of Inorganic Environmental Chemistry, Chalmers University of Technology, SE-41296 Göteborg, Sweden', 'Institute of Inorganic Chemistry, Slovak Academy of Sciences, SK-84236 Bratislava, Slovak Republic']"
2000,Molecules,"['Department of Organic Chemistry, Faculty of Chemistry, Tabriz University, Tabriz 51664, Iran']"
2000,Molecules,"['Molecular Diversity Preservation International (MDPI), Saengergasse 25, CH-4054 Basel, Switzerland']"
2000,Molecules,"['Department of Organic Chemistry, Faculty of Science, Masaryk University, CZ-611 37 Brno, Czech Republic']"
2000,Molecules,"['Department of Medicinal Chemistry, University of Szeged, Dóm tér 8., H-6720 Szeged, Hungary', 'Department of Organic Chemistry, University of Szeged, Dóm tér 8., H-6720 Szeged, Hungary']"
2000,Molecules,"['Laboratory of Furan Chemistry, Kuban State Technological University, Moskovskaya st. 2, Krasnodar 350072, Russia']"
2000,Molecules,"['Research Laboratory of Furan Chemistry, Kuban State Technological University, Moskovskaya st. 2, Krasnodar, 350072, Russian Federation']"
2000,Molecules,"['Institute of Chemistry, Slovak Academy of Sciences, Dubravska 9, SK-84238 Bratislava, Slovakia']"
2000,Molecules,"['School of Chemistry, University of Sydney, Eastern Ave, Camperdown, NSW 2006, Australia']"
2000,Molecules,"['School of Chemistry, University of Sydney, Eastern Ave, Camperdown, NSW 2006, Australia']"
2000,Molecules,"['School of Chemistry, University of Sydney, Eastern Ave, Camperdown, NSW 2006, Australia']"
2000,Molecules,"['School of Chemistry, University of Sydney, Eastern Ave, Camperdown, NSW 2006, Australia']"
2000,Molecules,"['School of Chemistry, University of Sydney, Eastern Ave, Camperdown, NSW 2006, Australia']"
2000,Molecules,"['Molecular Diversity Preservation International (MDPI), Saengergasse 25, CH-4054 Basel, Switzerland']"
2000,Molecules,"['Department of Chemistry, Katholieke Universiteit Leuven, Celestijnenlaan 200F, 3001 Heverlee, Belgium']"
2000,Molecules,"['Department of Organic Chemistry, Faculty of Natural Sciences, Comenius University, Mlynska dolina CH-2, SK-842 15 Bratislava, Slovak Republic', 'Central Laboratories, Faculty of Chemical Technology, Slovak University of Technology, SK-812 37 Bratislava, Slovak Republic']"
2000,Molecules,"['School of Chemistry, University of Sydney, Eastern Ave, Camperdown, NSW 2006, Australia']"
2000,Molecules,"['Department of Chemistry, Laboratory of Natural Product Synthesis for Chemotherapy, University of Antwerp (RUCA), Groenenborgerlaan 171, 2020 Antwerpen, Belgium']"
2000,Molecules,['Departamento de Quimica Organica. Facultad de Ciencias-ICMA. Universidad de Zaragoza. E-50009 Zaragoza. Aragon. Spain']
2000,Molecules,"['Department of Medicinal Chemistry, University of Szeged, Dóm tér 8., H-6720 Szeged, Hungary']"
2000,Molecules,"['Faculty of Chemistry, University of Belgrade, Studentski trg 16, PO Box 158, YU-11001 Belgrade, Yugoslavia']"
2000,Molecules,"['Department of Chemistry, Auburn University, Auburn, AL, 36849, USA']"
2000,Entropy,"['School of Pharmacy, University of Lausanne, CH-1015 Lausanne, Switzerland', 'Department of Medicinal Chemistry, Virginia Commonwealth University, Richmond, VA 23298, USA']"
2000,Sci. Pharm.,"['Abteilung für Physikalische Biochemie des Physiologisch Chemisches Instituts der Universität Tübingen, Hoppe- Selyer Strasse 4, D-72076 Tübingen, Germany']"
2000,Molecules,"['Institut de Chimie, Av. Bellevaux 51, CH-2000 Neuchâtel, Switzerland']"
2000,Molecules,"['Max Planck Institute of Chemical Ecology, Tatzendpromenade 1a, 07745 Jena, Germany']"
2000,Molecules,"['Institute of Solution Chemistry of the Russian Academy of Sciences, 153045 Academicheskaya, 1, Ivanovo, Russia']"
2000,Molecules,"['Department of Chemistry, Tamkang University, Taipei 25137, Taiwan']"
2000,Molecules,"['Faculty of Pharmacy, Medical University of Sofia, Dunav 2, BG-1000 Sofia, Bulgaria']"
2000,Molecules,"['ISMRA, 6 boulevard Maréchal Juin, F-14050 Caen, France; UMR 6507 CNRS', 'ISMRA, 6 boulevard Maréchal Juin, F-14050 Caen, France; UMR 6506 CNRS']"
2000,Molecules,"['Department of Medicinal Chemistry, A. Szent-Györgyi Medical University, Dóm tér 8., H-6720 Szeged, Hungary']"
2000,Molecules,"['Departamento de Química y Física, Universidad Nacional de Río Cuarto, Agencia Postal Nro 3, 5800 Río Cuarto, Argentina']"
2000,Molecules,"['Department of organic chemistry, Kuban State Technological University, Moskovskaya, 2, Krasnodar, 350072, Russian Federation']"
2000,Molecules,"['Department of organic chemistry, Kuban State Technological University, Moskovskaya st. 2, Krasnodar, 350072, Russian Federation']"
2000,Molecules,"['Departamento de Química Farmacéutica, Facultad de Farmacia, Campus Miguel de Unamuno, 37007 Salamanca, Spain']"
2000,Molecules,"['Department of Organic chemistry, Faculty of Science, Masaryk University, CZ-611 37 Brno, Czech Republic']"
2000,Molecules,"['Department of Chemistry, Lensfield Road, Cambridge, CB2 1EW, UK']"
2000,Molecules,"['Department of Organic Chemistry, Medical University of Sofia, Dunav 2, BG-1000 Sofia, Bulgaria', 'Pharmaceutical Institute, Christian-Albrechts University of Kiel, Gutenbergstr. 76, D-24118 Kiel, Germany']"
2000,Molecules,"['Cancer Research Campaign Section of Drug Development and Imaging, Paterson Institute for Cancer Research, Christie Hospital NHS Trust, Wilmslow Road, Manchester, M20 4BX, UK', 'Department of Biological Sciences, Salford University, Salford, M5 4WT, UK']"
2000,Sci. Pharm.,"['Institut rur Phannazeutische Chemie der WestHilisehen Wilhelms-Universität Münster, Hittorfstr. 58-62, 0-48149 Münster, Bundesrepublik Deutschland']"
2000,Sci. Pharm.,"['Fachrichtung Pharmazeutische Chemie der Universität des Saarlandes, Postfach 11 50, D-66041 Saarbrücken', 'Herrn Prof. Dr. H. Becker mit allen guten Wünschen zum 60. Geburtstag gewidmet']"
2000,Int. J. Mol. Sci.,"['Molecular Diversity Preservation International (MDPI), Saengergasse 25, CH-4054 Basel, Switzerland']"
2000,Int. J. Mol. Sci.,"['School of Chemistry, University of Bristol, Bristol BS8 1TS, UK']"
2000,Int. J. Mol. Sci.,"['Molecular Diversity Preservation International (MDPI), Saengergasse 25, CH-4054 Basel (New Address: MDPI, Matthaeusstrasse 11, CH-4057 Basel), Switzerland']"
2000,Int. J. Mol. Sci.,"['Department Of Chemistry, Jackson State University, 1400 J. R. Lynch Street, Jackson , MS 39217, USA']"
