Year,Journal,Affiliations
1997,Math. Comput. Appl.,"['Department of Applied Mathematics, Shri G. S. Institute of Technology and Science, Indore (MP) 452003, India']"
1997,Math. Comput. Appl.,"['Department of Mechanical Engineering, Celal Bayar University 45140 Muradiye-Manisa, Turkey']"
1997,Math. Comput. Appl.,"['Ege University, Solar Energy Institute &amp; School of Engineering, Department of Mechanical, Engineering, 35100 Bornova, İzmir, Turkey']"
1997,Math. Comput. Appl.,"['Celal Bayar University, Engineering Faculty, 45140 Manisa, Turkey']"
1997,Math. Comput. Appl.,"['Zonguldak Karaelmas University, Department of Chemistry, 67100 Zonguldak, Turkey']"
1997,Molecules,"['Department of Chemistry, Moscow State University, 119899 Moscow, Russia']"
1997,Molecules,"['Latvian Institute of Organic Synthesis, 21 Aizkraukles str., LV-1006, Riga, Latvia']"
1997,Molecules,"['Institute of Chemistry, Slovak Academy of Sciences, Dubravska cesta 9, SK-84238 Bratislava, Slovak Republic']"
1997,Molecules,"['Institute of Chemistry, Slovak Academy of Sciences, Dubravska cesta 9, SK-84238 Bratislava, Slovak Republic']"
1997,Molecules,"['Institute of Chemistry, Slovak Academy of Sciences, Dubravska cesta 9, SK-84238 Bratislava, Slovak Republic']"
1997,Molecules,"['Vitamin Research and Technology Development, F. Hoffmann-La Roche Ltd., CH-4070 Basel, Switzerland']"
1997,Molecules,"['Department of Chemistry, University of Gdansk, Sobieskiego 18, 80-952 Gdansk, Poland']"
1997,Molecules,"['""Petru Poni"" Institute of Macromolecular Chemistry, Gr. Ghica Voda Alley 41A, Iasi, RO-6600, Romania']"
1997,Molecules,"['The DASGroup, Inc., 1732 Lyter Drive, 2nd Floor, Johnstown, Pennsylvania 15905-1206, USA', 'Department of Chemistry, University of Toledo, Toledo, Ohio 43606-3390, USA']"
1997,Molecules,"['The DASGroup, Inc., 1732 Lyter Drive, 2nd Floor, Johnstown, Pennsylvania 15905-1206, USA, and Department of Chemistry, University of Toledo, Toledo, Ohio 43606-3390, USA']"
1997,Molecules,"['The DASGroup, Inc., 1732 Lyter Drive, 2nd Floor, Johnstown, Pennsylvania 15905-1206, USA, and Department of Chemistry, University of Toledo, Toledo, Ohio 43606-3390, USA']"
1997,Molecules,"['The DASGroup, Inc., 1732 Lyter Drive, 2nd Floor, Johnstown, Pennsylvania 15905-1206, USA', 'Department of Chemistry, University of Toledo, Toledo, Ohio 43606-3390, USA']"
1997,Molecules,"['The DASGroup, Inc., 1732 Lyter Drive, 2nd Floor, Johnstown, Pennsylvania 15905-1206, USA, and Department of Chemistry, University of Toledo, Toledo, Ohio, USA']"
1997,Molecules,"['The DASGroup, Inc., 1732 Lyter Drive, 2nd Floor, Johnstown, Pennsylvania 15905-1206, USA, and Department of Chemistry, University of Toledo, Toledo, Ohio 43606-3390, USA']"
1997,Molecules,"['The DASGroup, Inc., 1732 Lyter Drive, 2nd Floor, Johnstown, Pennsylvania 15905-1206, USA, and Department of Chemistry, University of Toledo, Toledo, Ohio 43606-3390, USA']"
1997,Molecules,"['The DASGroup, Inc., 1732 Lyter Drive, 2nd Floor, Johnstown, Pennsylvania 15905-1206, USA, and Department of Chemistry, University of Toledo, Toledo, Ohio 43606-3390, USA']"
1997,Molecules,"['The DASGroup, Inc., 1732 Lyter Drive, 2nd Floor, Johnstown, Pennsylvania 15905-1206, USA, and Department of Chemistry, University of Toledo, Toledo, Ohio 43606-3390, USA.']"
1997,Molecules,"['The DASGroup, Inc., 1732 Lyter Drive, 2nd Floor, Johnstown, Pennsylvania 15905-1206, USA', 'Department of Chemistry, University of Toledo, Toledo, Ohio 43606-3390, USA']"
1997,Molecules,"['North-Ossetian State University, RUS-362040 Vladikavkaz, Russian Federation']"
1997,Molecules,"['CSIRO, Division of Chemicals &amp; Polymers, Private Bag 10, Clayton, Victoria, Australia']"
1997,Molecules,"['North-Ossetian State University, RUS-362040 Vladikavkaz, Russian Federation']"
1997,Molecules,"['North-Ossetian State University, RUS-362040 Vladikavkaz, Russian Federation']"
1997,Molecules,"['Department of Organic Chemistry, Faculty of Science, Masaryk University, CZ–611 37 Brno, Czech Republic', 'Department of Inorganic Chemistry, Faculty of Science, Masaryk University, CZ–611 37 Brno, Czech Republic']"
1997,Molecules,"['Department of Chemistry, University of Rajasthan, Jaipur - 302 004 India']"
1997,Molecules,"['BIO-RAD Laboratories, Sadtler Division, 3316 Spring Garden Street, Philadelphia, PA 19104, USA']"
1997,Molecules,"['Faculty of Science, Northern Territory University, Casuarina, Darwin, Northern, Territory, Australia 9090']"
1997,Math. Comput. Appl.,"['University of Gaziantep Faculty of Engineering, Department of Physics 27310 Gaziantep, Turkey', 'University of Celal Bayar Faculty of Arts &amp; Sciences, Department of Physics 45040 Manisa, Turkey']"
1997,Math. Comput. Appl.,"['Department of Mechanical Engineering, Celal Bayar University, 45140 Muradiye, Manisa, Turkey']"
1997,Math. Comput. Appl.,"['CBU Engineering Faculty, 45140 Manisa, Turkey', 'KOSGEB. 42035 Konya, Turkey']"
1997,Math. Comput. Appl.,"['Eecirica1 and Electronics Department. Engineering Faculty, Inonu University 44100-Malatya']"
1997,Math. Comput. Appl.,"['Department of P.G. Studies and Research in Mathematics, M.S. College, Saharanpur (247001), India']"
1997,Molecules,"['Bio-Organic Division, Bhabha Atomic Research Centre, Mumbai-400085, India']"
1997,Molecules,"['Deptartment of Crystallography, Faculty of Chemistry, A. Mickiewicz University, ul. Grunwaldzka 6, 60-780 Poznan, Poland', 'Deptartment of Theoretical Chemistry, Faculty of Chemistry, A. Mickiewicz University, ul. Grunwaldzka 6, 60-780 Poznan, Poland', 'Poznan Supercomputing and Networking Center, ul. Wieniawskiego 17-19, 61-713 Poznan, Poland']"
1997,Molecules,"['Institute of Organic Chemistry, University of Lausanne, BCH, CH-1015 Lausanne-Dorigny, Switzerland']"
1997,Molecules,"['Institute of Organic Chemistry, University of Lausanne, BCH, CH-1015 Lausanne-Dorigny, Switzerland']"
1997,Molecules,"['Bio-Organic Division, Bhabha Atomic Research Centre, Mumbai - 400 085, India']"
1997,Molecules,"['Division of Organic Chemistry, School of Chemistry F11, The University of Sydney, N.S.W 2006, Australia']"
1997,Molecules,"['Division of Organic Chemistry, School of Chemistry F11, The University of Sydney, N.S.W 2006, Australia']"
1997,Molecules,"['Division of Organic Chemistry, School of Chemistry F11, The University of Sydney, N.S.W 2006, Australia']"
1997,Molecules,"['Division of Organic Chemistry, School of Chemistry F11, The University of Sydney, N.S.W 2006, Australia']"
1997,Molecules,"['Division of Organic Chemistry, School of Chemistry F11, The University of Sydney, N.S.W 2006, Australia']"
1997,Molecules,"['Division of Organic Chemistry, School of Chemistry F11, The University of Sydney, N.S.W 2006, Australia']"
1997,Molecules,"['Division of Organic Chemistry, School of Chemistry F11, The University of Sydney, N.S.W 2006, Australia']"
1997,Molecules,"['Division of Organic Chemistry, School of Chemistry F11, The University of Sydney, N.S.W 2006, Australia']"
1997,Molecules,"['Institute of Pharmaceutical Chemistry, University of Vienna, Althanstraße 14, A-1090 Vienna, Austria']"
1997,Molecules,"['Institute of photographic chemistry, The Chinese Academy of Sciences, Beijing 100101, China']"
1997,Molecules,"['Bio-Organic Division, Bhabha Atomic Research Centre, Bombay-400 085, India']"
1997,Molecules,"['epartment of Organic Chemistry, Faculty of Chemical Technology, Slovak University of Technology, Radlinskeho 9, SK-812 37 Bratislava, Slovak Republic']"
1997,Molecules,"['Department of Organic Chemistry, Faculty of Chemical Technology, Slovak University of Technology, Radlinskeho 9, SK-812 37 Bratislava, Slovak Republic']"
1997,Molecules,"['Department of Organic Chemistry, Faculty of Science, Masaryk University, Kotlárská 2, CZ-611 37 Brno, Czech Republic']"
1997,Molecules,"['Department of Chemistry, University of Minnesota, Minneapolis, Minnesota 55455, USA', 'Department of Chemistry, University of Wisconsin - River Falls 410 S. Third St., River Falls, WI 54022, USA']"
1997,Molecules,"['Department of Organic Chemistry, Faculty of Chemical Technology, Slovak Technical University, SK-812 37 Bratislava, Slovak Republic', 'Department of Chemistry, Keele University, Keele Staffordshire ST5 5BG, UK', 'Research Institute for Organic Syntheses, CZ-53218 Pardubice-Rybitví, Czech Republic']"
1997,Molecules,"['Institute of Organic Chemistry, University of Lausanne, BCH, CH-1015 Lausanne-Dorigny, Switzerland']"
1997,Molecules,"['Institute of Organic Chemistry, University of Lausanne, BCH, CH-1015 Lausanne-Dorigny, Switzerland']"
1997,Molecules,"['Institute of Organic Chemistry, University of Lausanne, BCH, CH-1015 Lausanne-Dorigny, Switzerland']"
1997,Molecules,"['Institute of Organic Chemistry, University of Lausanne, BCH, CH-1015 Lausanne-Dorigny, Switzerland']"
1997,Molecules,"['Institute of Organic Chemistry, University of Lausanne, BCH, CH-1015 Lausanne-Dorigny, Switzerland']"
1997,Molecules,"['Institute of Organic Chemistry, University of Lausanne, BCH, CH-1015 Lausanne-Dorigny, Switzerland']"
1997,Molecules,"['Ciba-Geigy Limited, Pharmaceuticals Division, CH-4002 Basel, Switzerland', 'Present Address: Molecular Diversity Preservation International (MDPI), Saengergasse 25, CH-4054 Basel, Switzerland']"
1997,Molecules,"['Ciba-Geigy Limited, Pharmaceuticals Division, CH-4002 Basel, Switzerland', 'Present Address: Molecular Diversity Preservation International (MDPI), Saengergasse 25, CH-4054 Basel, Switzerland']"
1997,Molecules,"['Research Laboratory of Furan Chemistry, Kuban State Technological University, Moskovskaya 2, Krasnodar, 350072, Russia', 'Department of Organic Chemistry, North Ossetian State University,Vatutina 46, Vladikavkaz, 362025, Russia']"
1997,Molecules,"['Department of Organic Chemistry, Slovak Technical University, SK-812 37 Bratislava, Slovak Republic', 'Chemical Institute, PFUK, Mlynská dolina, SK-842 15 Bratislava, Slovak Republic']"
1997,Math. Comput. Appl.,"['Istanbul Technical University Mathematics Department, Maslak. 80626 Istanbul Turkey']"
1997,Math. Comput. Appl.,"['Dept. of Electrical and Electronic Eng. Osmangazi University Bademlik 26030 Eskişehir, Turkey', 'Dept. of Mathematics, Dumlupmar University 43100 Kütahya, Turkey']"
1997,Math. Comput. Appl.,"['Ege Univ. Fac. of Science Dept.of Phys. 35100 Bornovalzmir', 'Academy of Sciences of the Azerbaijan Republic, IFAN. Baku 370143']"
1997,Molecules,"['Department of Organic Chemistry, Slovak Technical University, SK-812 37 Bratislava, Slovak Republic']"
1997,Molecules,"['Department of Organic Chemical Technology, Technical University of Budapest, 1521 Budapest, Hungary', 'EGIS Pharmaceuticals, 1475 Budapest, Hungary', 'Central Research Institute of Chemistry for Hungarian Academy of Sciences, 1525 Budapest, Hungary', 'Department of General and Analytical Chemistry, Technical University of Budapest, 1521 Budapest, Hungary']"
1997,Molecules,"['Department of Organic Chemical Technology, Technical University of Budapest, 1521 Budapest, Hungary', 'EGIS Pharmaceuticals, 1475 Budapest, Hungary']"
1997,Molecules,"['Institute of Chemistry, Faculty of Natural Sciences, Comenius University, Mlynská dolina, SK-842 15 Bratislava, Slovak Republic', 'Department of Microbiology and Virology, Faculty of Natural Sciences, Comenius University, Mlynská dolina, SK-842 15 Bratislava, Slovak Republic']"
1997,Molecules,"['Institute of Organic Chemistry, University of Lausanne, BCH, CH-1015, Lausanne-Dorigny, Switzerland']"
1997,Molecules,"['Pharmaceuticals Division, Core Drug Discovery Technologies, Ciba-Geigy, CH-4002 Basel, Switzerland']"
1997,Molecules,"['Shanghai Institute of Organic Chemistry, Chinese Academy of Sciences, 354 Fenglin Lu, Shanghai 200032, China']"
1997,Molecules,"['Department of Organic Chemistry, Faculty of Chemical Technology, Slovak Technical University, Bratislava, SK - 812 37 Slovak Republic', 'Central Laboratory for Spectroscopy, Faculty of Chemical Technology, Slovak Technical University, Bratislava, SK - 812 37 Slovak Republic']"
1997,Molecules,"['Bio-Organic Division, Bhabha Atomic Research Centre, Mumbai - 400 085, India']"
1997,Molecules,"['Molecular Diversity Preservation International (MDPI), Saengergasse 25, CH-4054 Basel, Switzerland']"
