Year,Journal,Affiliations
2002,Molecules,"['Laboratoire de Chimie Organique, UMR-CNRS 6517, Faculté de Pharmacie, 27 Boulevard Jean Moulin, 13385 Marseille Cx 5, France']"
2002,Molecules,"['Chemistry Department, Urmia University, Urmia 57154, Iran']"
2002,Molecules,"['Departamento de Química Fundamental, Universidade Federal de Pernambuco, 50607-901 Recife – PE, Brazil']"
2002,Molecules,"['Laboratory of Organic Chemistry, Faculty of Pharmacy and Department of Immunology, Medical University, 1 Banacha St., Warsaw, PL-02097, Poland', 'Institute of Chemistry, University of Podlasie, 54 Trzeciego Maja St., Siedlce, PL-08-110, Poland', 'Department of Immunology, Medical University, 2 Oczki St., Warsaw, PL-00-052, Poland']"
2002,Molecules,"['Department of Chemistry, Faculty of Science, Bu-Ali Sina University, Zip Code 65174, Hamadan, Iran']"
2002,Molecules,"['""Pliva"" d.d., Research and Development, Prilaz baruna Filipovica 25, 10000 Zagreb, Croatia', 'Department of Organic Chemistry, Faculty of Chemical Engineering and Technology, University of Zagreb, Marulicev trg 20, 10000 Zagreb, Croatia']"
2002,Molecules,"['Chair and Laboratory of Organic Chemistry, Faculty of Pharmacy, Medical University, 1 Banacha Street, PL 02-097 Warsaw, Poland']"
2002,Molecules,"['School of Chemical Sciences, Dublin City University, Glasnevin, Dublin 9, Ireland']"
2002,Molecules,"['Laboratoire de Mathématiques Appliquées, ENSTA (Ecole Nationale Superieure de Techniques Avancees), 32 Boulevard Victor, F-75739 Paris Cedex, France', 'Molecules Editorial Office, Ocean University of Qingdao, Qingdao 266003, Shandong Province, China', 'Molecular Diversity Preservation International (MDPI), Matthaeusstrasse 11, CH-4057 Basel, Switzerland', 'Brantford Chemicals Inc., 34 Spalding Dr., Brantford, ON, N3T 5W5, Canada']"
2002,Molecules,"['Molecules Editorial Office, Ocean University of China, Qingdao 266003, Shandong Province, China', 'Molecular Diversity Preservation International (MDPI), Matthaeusstrasse 11, CH-4057 Basel, Switzerland', 'Brantford Chemicals Inc., 34 Spalding Dr., Brantford, ON, N3T 5W5, Canada', 'Laboratoire de Mathématiques Appliquées, ENSTA (Ecole Nationale Superieure de Techniques Avancees), 32 Boulevard Victor, F-75739 Paris Cedex, France']"
2002,Molecules,"['Molecules Editorial Office, Ocean University of Qingdao, Qingdao 266003, Shandong Province, P. R. China', 'Molecular Diversity Preservation International (MDPI), Matthaeusstrasse 11, CH-4057 Basel, Switzerland', 'College of Chemistry &amp; Chemical Engineering, Ocean University of Qingdao, Qingdao 266003, P. R. China']"
2002,Entropy,"['Williams Research Corporation, 1305 Hilton Place, Socorro, NM 87801, USA']"
2002,Sci. Pharm.,"['Pharmazeutisches Institut der Universität, An der Immenburg 4, D-53121 Bonn, Germany']"
2002,Sci. Pharm.,"['Department of Pharrnaceutics, School of Pharmacy and Pharmaceutical Sciences, lsfahan University of Medical Sciences, Isfahan, PO Box 81 745-359, Iran']"
2002,Sci. Pharm.,"['Dept. Pharm. Med. Chem., Faculty of Pharmacy, Assiut University, Assiut-7 1526, Egypt', 'Dept. Pharm. Technology, Faculty of Pharmacy, Assiut University, Assiut-7 1526, Egypt']"
2002,Sci. Pharm.,"['Institut für Pharmazeutische und Medizinische Chemie der Westflilischen WilhelmsUniversität Münster, Hittorfstr. 58-62, D-48149 Münster, Bundesrepublik Deutschland']"
2002,Sensors,"['Physical Electrochemistry Laboratory, Department of Chemistry, Nasr Institute of Advanced Materials Science, University of Dublin, Trinity College, Dublin 2, Ireland']"
2002,Sci. Pharm.,['National Organization for Drug Control and Research P.O. Box 29 Cairo (NODCAR) Egypt']
2002,Molecules,"['Department of Chemistry, 111 Willard Hall, Kansas State University, Manhattan, Kansas, 66506, USA', 'Current Address: Signature BioScience, Inc., 1240 S. 47th Street, Richmond, CA 94804, USA']"
2002,Math. Comput. Appl.,"['Department of Applied Mathematics, Shri G.S. Institute of Technology and Science, Indore (M.P.) 452003, India']"
2002,Math. Comput. Appl.,"['Karadeniz Technical University, Civil Engineering Department, 61080, Trabzon, Turkey']"
2002,Math. Comput. Appl.,"['Dep. of Eng. Math., Faculty of Electronic Engineering, Menouf 32952, Egypt']"
2002,Math. Comput. Appl.,"['Istanbul Technical University, Math. Dept., Maslak, 80626 Istanbul, Turkey']"
2002,Math. Comput. Appl.,"['Ankara University, Faculty of Science, Department of Mathematics, 06100 Ankara, Turkey']"
2002,Math. Comput. Appl.,"['Department of Mathematics, Education Faculty of Selçuk University, 42099, Konya, Turkey', 'Department of Mathematics, Art and Science Faculty of Selçuk University, 42031, Konya, Turkey']"
2002,Math. Comput. Appl.,"['Department of Mathematics, Selcuk University, Art and Science Faculty, 42031, Konya, Turkey', 'Department of Mathematics, Selcuk University, Education Faculty, 42099, Konya, Turkey']"
2002,Math. Comput. Appl.,"['Department of Electronics and Computer Education, Technical Education Faculty, Selçuk University, Campus, 42031, Konya, Turkey']"
2002,Molecules,"['Molecules Editorial Office, Ocean University of China, Qingdao 266003, China', 'Molecular Diversity Preservation International (MDPI), Matthaeusstrasse 11, CH-4057 Basel, Switzerland']"
2002,Molecules,"['Department of Chemistry, Faculty of Science, Shinshu University, 3-1-1 Asahi, Matsumoto 390-8621, Japan']"
2002,Molecules,"['Department of Organic Chemistry, Faculty of Natural Sciences, Comenius University, Mlynská dolina CH-2, SK - 842 15 Bratislava, Slovak Republic', 'Department of Chemistry, University of Jyväskylä, FIN - 40351 Jyväskylä, Finland', 'Institute of Chemistry, Karl Franzens University, A - 8010 Graz, Austria']"
2002,Molecules,"['Institute of Chemistry, Universidad de Antioquia, P.O. Box. 1226, Medellin, Colombia']"
2002,Molecules,"['Chair and Laboratory of Organic Chemistry, Faculty of Pharmacy, Medical University, PL 02-097, 1 Banacha Street, Warsaw, Poland']"
2002,Molecules,"['Chair and Laboratory of Organic Chemistry, Faculty of Pharmacy, Medical University, PL 02-097, 1 Banacha Street, Warsaw, Poland']"
2002,Molecules,"['Laboratório de Tecnologia Farmacêutica, Universidade Federal da Paraíba, 58.051-970, João Pessoa-PB, Brasil', 'Departamento de Química, Universidade Federal da Paraíba, 58.051-970, João Pessoa-PB, Brasil', 'Departamento de Química Fundamental, Universidade Federal de Pernambuco, 50.670-901, Recife- PE, Brasil', 'Universidade Federal da Paraíba, Departamento de Ciências Básicas Sociais, 58.220-000, Bananeiras- PB, Brasil']"
2002,Molecules,"['The Department of Chemistry, Vanderbilt University, Station B, 351822, Nashville, Tennessee, 37235-1822, USA']"
2002,Sensors,"['Department of Electrical Engineering and Materials Research Institute, The Pennsylvania State University, University Park, PA 16802 USA', 'SenTech Corporation, 200 Innovation Boulevard Suite 236, State College, PA 16803 USA', 'Dept. of Electrical Engineering and Materials Research Institute, The PennState University, 217 Materials Research Lab, University Park, PA 16802 USA']"
2002,Sensors,"['Department of Biomedical Engineering, Shanghai Jiao Tong University, Shanghai 200030, China', 'Department of Digestion, Second Hospital of Xi’an Jiaotong University, Xi’an 710004,China']"
2002,Int. J. Mol. Sci.,"['Department of Biochemistry and Molecular Biology, Howard University College of Medicine, 520 “W” Street NW, Washington, D. C. 20059, USA', 'Department of Pharmacology, Howard University College of Medicine, 520 “W” Street NW, Washington, D. C. 20059, USA', 'Department of Medicine, Howard University College of Medicine, 2014 Georgia Ave. NW, Washington, D. C. 20059, USA']"
2002,Int. J. Mol. Sci.,"['Center for Biomedical Research/RCMI, Carver Research Foundation, Tuskegee University, Tuskegee, AL 36088 USA', 'Dept. of Pathobiology, School of Veterinary Medicine, Nursing &amp; Allied Health, Tuskegee University, Tuskegee, AL 36088 USA']"
2002,Int. J. Mol. Sci.,"['Department of Chemistry, City College of CUNY, 138 Street &amp; Convent Avenue, New York, NY10031, USA']"
2002,Int. J. Mol. Sci.,"['Environmental Science Program, Jackson State University, 1400 Lynch Street, Jackson, MS 39217, USA', 'Department of Biology, Jackson State University, 1400 Lynch Street, Jackson, MS 39217, USA', 'Department of Chemistry, Jackson State University, 1400 Lynch Street, Jackson, MS 39217, USA']"
2002,Int. J. Mol. Sci.,"['Molecular Toxicology Research Laboratory, NIH-Center for Environmental Health, School of Science and Technology, Jackson State University, 1400 Lynch Street, P.O. Box 18540, Jackson, Mississippi 39217, USA', 'Department of Environmental Health Sciences, Tulane University School of Public Health and Tropical Medicine, 1440 Canal Street, New Orleans, Louisiana 70112, USA']"
2002,Int. J. Mol. Sci.,"['Department of Pathobiology, School of Veterinary Medicine, Tuskegee University, Tuskegee, AL 36088, USA', 'Department of Microbiology, University Alabama at Birmingham, Birmingham, AL 35294, USA', 'Department of Cell Biology, University Alabama at Birmingham, Birmingham, AL 35294, USA']"
2002,Sci. Pharm.,"['Institute of Pharmaceutical Technology and Biopharmaceutics, Center of Pharmacy, University of Vienna, Althanstr. 14, 1090 Vienna, Austria', 'Croma Paharma GmbH, lndustriezeile 6, 2100 Leobendorf, Austria']"
2002,Sci. Pharm.,"['Department of Pharmaceutical Chemistry, University of Hamburg, Bundesstrasse 45,20 146 Hamburg, Germany']"
2002,Sci. Pharm.,"['Institute of Pharmaceutical Chemistry, University of Vienna, A-1090 Wien, Austria', 'Institute of Biochemistry and Molecular Cell Biology, University of Vienna, A- 1030 Wien, Austria', 'Institute of Physical Chemistry, University of Vienna, A-1090 Wien, Austria', 'Institute of Biochemistry, Technical University Darmstadt, D-64287 Darmstadt, Germany']"
2002,Sensors,"['Department of Chemistry and Chemical Technology, Technical Faculty Bor, University of Belgrade , P.O.Box 50, 19210 Bor, Serbia']"
2002,Molecules,"['Laboratory of Organic Chemistry, Department of Chemistry, University of Athens, Panepistimiopolis, Athens 15771, Greece']"
2002,Molecules,"['Department of Chemistry, Faculty of Science, South Valley University, Sohag 82524, Egypt']"
2002,Molecules,"['Department of Chemistry, College of Science, Bu-Ali Sina University, Hamadan 65174, P.O. Box 4135, Iran', 'Department of Chemistry, College of Science, Kashan University, Kashan 51167, Iran']"
2002,Molecules,"['Institute of Applied Synthetic Chemistry, Vienna University of Technology, A-1060 Vienna, Getreidemarkt 9/163, Austria']"
2002,Molecules,"['Department of Chemistry, College of Science, University of Bu-Ali Sina, Zip Code 65174, Post Box No. 4135, Hamadan, I.R. Iran']"
2002,Molecules,"['State Key Laboratory of Organometallic Chemistry, Shanghai Institute of Organic Chemistry, Chinese Academy of Sciences, 354 Fenglin Lu, Shanghai 200032 China']"
2002,Int. J. Mol. Sci.,"['Meharry Medical College, Department of Pharmacology, 1005 D.B. Todd Blvd Nashville, TN 37208, USA', 'University of Maryland Eastern Shore, Department of Natural Sciences, Princess Anne, MD 21853, USA']"
2002,Int. J. Mol. Sci.,"['4Department of Business Administration, School of Business, Jackson State University, Jackson, Mississippi, USA']"
2002,Int. J. Mol. Sci.,"['Department of Pharmacology &amp; Toxicology, University of Mississippi Medical Center, Jackson, MS, 39216, USA']"
2002,Int. J. Mol. Sci.,"['Department of Microbiology, Biochemistry and Immunology, Morehouse School of Medicine, 720 Westview Drive SW, Atlanta GA, USA', 'Present address: Dupont Pharmaceuticals Company, Experimental Station E400/6220D, P.O. Box 80400, Wilmington DE, USA']"
2002,Int. J. Mol. Sci.,"['Department of Biology, Jackson State University, Jackson, MS 39217, USA', 'Department of Chemistry, Jackson State University, Jackson, MS 39217, USA']"
2002,Int. J. Mol. Sci.,"['Departments of Pharmacology/Toxicology, Morehouse School of Medicine, Atlanta GA 30310, USA', 'Microbiology, Biochemistry and Immunology Morehouse School of Medicine, Atlanta GA 30310, USA']"
2002,Sensors,"['Department of Chemistry, Box 351700, University of Washington, Seattle, WA 98195-1700, USA']"
2002,Sensors,"['Pharmaceutical Analysis Laboratory Biological and Medical Research Department, MBC-03-65, King Faisal Specialist Hospital &amp; Research Center, P.O. Box 3354, Riyadh 11211, Saudi Arabia', 'Department of Chemical Engineering, Jiangsu Institute of Petrochemical Technology, Changzhou 213016, Peoples Republic of China', 'P.O. Box 1048, Beijing 102205, Peoples Republic of China']"
2002,Sensors,"['Department of chemistry, Guru Nanak Dev University, Amritsar 143005, India']"
2002,Sensors,"['Institute of Chemistry/Inorg. and Analyt. Chem., Freie Universitaet Berlin, Fabeckstr. 34-36, 14195 Berlin, Germany']"
2002,Sensors,"['Department of Chemistry, Indian Institute of Technology, Roorkee, Roorkee -247667, India']"
2002,Molecules,"['Director of Chemistry, Amyris Biotechnologies, Inc., 5885 Hollis St, Suite 100, Emeryville, CA 94608, USA']"
2002,Molecules,"['Institute of Biochemistry, Mokslininku 12, Vilnius 2600, Lithuania']"
2002,Molecules,"['Département de Chimie, Faculté des Sciences, Dhar El Mehraz, 50000 Fés, Morocco', 'CEMES, CNRS, 29, rue Jeanne Marvig, 31055 Toulouse Cedex 04, France', 'Département de Chimie, Faculté des Sciences, 60000 Oujda, Morocco']"
2002,Int. J. Mol. Sci.,"['Division of Biochemical Toxicology, National Center for Toxicological Research, Jefferson, AR 72079, USA']"
2002,Int. J. Mol. Sci.,"['National Center for Toxicological Research, Jefferson, AR 72079, USA', 'Department of Biology, Jackson State University, Jackson, MS 39217, USA', 'Department of Chemistry, Jackson State University, Jackson, MS 39217, USA']"
2002,Int. J. Mol. Sci.,"['Molecular Toxicology Research Laboratory, NIH-Center for Environmental Health, School of Science and Technology, Jackson State University, 1400 Lynch Street, P.O. Box 18540, Jackson, Mississippi 39217, USA', 'Xenometrix Research Laboratory, Xenometrix, Inc., Boulder, Colorado 80301, USA']"
2002,Int. J. Mol. Sci.,"['Department of Surgery, University of Mississippi Medical Center, 2500 North State Street, Jackson, MS, USA', 'Department of Medicine, University of Mississippi Medical Center, 2500 North State Street, Jackson, MS, USA', 'School of Health Related Professions, University of Mississippi Medical Center, 2500 North State Street, Jackson, MS, USA']"
2002,Int. J. Mol. Sci.,"['Molecular Toxicology Research Laboratory, NIH-Center for Environmental Health, School of Science and Technology, Jackson State University, 1400 Lynch Street, P.O. Box 18540, Jackson, Mississippi 39217, USA', 'Xenometrix Research Laboratory, Xenometrix Inc., Boulder, Colorado 80301, USA']"
2002,Int. J. Mol. Sci.,"['National Center for Toxicological Research, Jefferson, AR 72079, USA']"
2002,Int. J. Mol. Sci.,"['Department of Chemistry, Jackson State University, Jackson, MS 39217, USA', 'Department of Biology, Jackson State University, Jackson, MS 39217, USA', 'National Center for Toxicological Research, Jefferson, AR 72079, USA']"
2002,Int. J. Mol. Sci.,"['Molecular Toxicology Research Laboratory, NIHCenter for Environmental Health, School of Science and Technology, Jackson State University, Jackson, Mississippi 39217, USA', 'Chemical Toxicology/Biochemistry Laboratory, NIHCenter for Environmental Health, School of Science and Technology, Jackson State University, Jackson, Mississippi 39217, USA']"
2002,Sensors,"['School of Engineering and Centre for Molecular and Nanoscale Electronics, University of Durham, South Road, Durham DH1 3LE, UK', 'Present address: Faculty of Applied Sciences, University of the West of England, Frenchay, Bristol BS16 1QY, UK']"
2002,Sci. Pharm.,"['Faculty of Pharmacy, Chiang Mai University, Chiang Mai, 50200, Thailand', 'Institute of Theoretical Chemistry and Molecular Biology, University of Vienna, Wihinger Stralje 17, A- 1090 Vienna, Austria', 'Institute of Pharmaceutical Technology and Biopharmaceutics, University of Vienna, Althanstrasse 14, A-1 090 Vienna, Austria']"
2002,Sensors,"['Shanghai Applied Radiation Institute, Shanghai University, Shanghai 201800, P.R. China', 'Department of Automation, University of Science and Technology of China, Hefei 230026, P.R. China', 'Hefei Institute of Intelligent Machines, Chinese Academy of Science, Hefei 230031, P.R. China']"
2002,Sensors,"['Department of Applied Physics, University of Applied Sciences Aachen, Ginsterweg 1, 52428 Jülich, Germany', 'Institute for Thin Films and Interfaces, Research Centre Jülich GmbH, 52425 Jülich, Germany', 'Department of Chemistry, St. Petersburg State University, Universitetskaya nab. 7/9, St. Petersburg 199034, Russia']"
2002,Sci. Pharm.,"['University of Istanbul, Faculty of Pharmacy, Department of Pharmaceutical Technology, 34452-Beyazit, Istanbul, TURKEY']"
2002,Sci. Pharm.,"['Department of Pharmaceutical Chemistry, Faculty of Pharmacy, Jarnia Harndard, New Delhi- 110062, India']"
2002,Molecules,"['Department of Chemistry, Wenzhou Normal College, Wenzhou 325003, P.R. China', 'Department of Chemistry, Lanzhou University, Lanzhou 730000, P.R. China']"
2002,Molecules,"['Pharmaceutical Research Laboratory, College of Chemistry, Isfahan University of Technology, Isfahan 84156, Iran', 'Department of Chemistry, Isfahan University, Isfahan 81744, Iran']"
2002,Molecules,"['SciNova Informatics, 161 Madhumanjiri Apartments, Lane 4, Dahanukar Colony, Kothrud, Pune, Maharashtra, India']"
2002,Molecules,"['Oncologia Sperimentale B, Instituto Nationale per lo Studio e la Cura dei Tumori, Via Venezian, 20133 Milano, Italy', 'Department of Chemistry and Biochemistry, 1 University Plaza, Long Island University, Brooklyn, NY 11201, USA', 'Department of Pharmacology, University of Cambridge, Tennis Court Road, Cambridge, CB2 1PD, UK', ""Department of Chemistry, Sciences Faculty of D'Har Elmehraz, Fès 30000, Morocco"", 'Department of Chemistry, Sciences Faculty of Oujda, Oujda 60000, Morocco']"
2002,Molecules,"['Department of Physical and Chemical Methodologies for Engineering, Engineering Faculty, University of Catania, V.le Andrea Doria 6, I-95125 Catania, Italy']"
2002,Molecules,"['Research and Development, Roche Vitamins Ltd, CH-4070 Basel, Switzerland']"
2002,Int. J. Mol. Sci.,"['Facultad de Ciencias Exactas, Universidad Nacional del Nordeste, Avenida Libertad 5500 (3400) Corrientes, Argentina']"
2002,Int. J. Mol. Sci.,"['Department of Chemistry and Materials Science, International Research Center of Macromolecular Science, Tokyo Institute of Technology, Ookayama, Meguro-ku, Tokyo 152, Japan']"
2002,Int. J. Mol. Sci.,"['Department of Organic Materials, Sandia National Laboratories, MS-0888, Albuquerque, NM 87185-0888, USA']"
2002,Int. J. Mol. Sci.,"['Department of Chemistry, The Open University, Milton Keynes, MK7 6AA, UK']"
2002,Int. J. Mol. Sci.,"['Naval Air Warfare Center Weapons Division, China Lake CA 93555-6001, USA', 'Current Address: Weapons Systems Division, Defence Science &amp; Technology Organisation, Edinburgh SA, 5111, Australia', 'Center for High Performance Computing, University of Utah, Salt Lake City, UT 84112-0190, USA']"
2002,Int. J. Mol. Sci.,"['Departamento de Fisica, Universidad de Buenos Aires (FCEN), Ciudad Universitaria, Pab. I 1428 Buenos Aires, Argentina']"
2002,Sci. Pharm.,"['Department of Pharmaceutical Chemistry, Faculty of Pharmacy, Jamia Hamdard (Hamdard University), New Delhi, 110062, India']"
2002,Molecules,"['Department of Chemistry, Faculty of Sciences, University Mohammed 1er, Oujda 60000, Morocco', 'Department of Biology, Faculty of Sciences, University Mohammed 1er, Oujda 60000, Morocco', 'Department of Chemistry and Biochemistry, 1 University Plaza, Long Island University, Brooklyn, NY 11201, USA', 'Department of Pharmacology, University of Cambridge, Tennis Court Road, Cambridge, CB2 1QJ, UK']"
2002,Molecules,"['Discovery Partners International, Inc., 9640 Towne Center Drive, San Diego, CA 92121, USA']"
2002,Sensors,"['School of Chemical Sciences &amp; Food Technology, Faculty of Science and Technology, University Kebangsaan Malaysia, 43600 Bangi, Selangor Darul Ehsan, Malaysia']"
2002,Sensors,"['Department of Electrical Engineering &amp; Materials Research Institute, 217 Materials Research Laboratory, The Pennsylvania State University, University Park, PA 16802, USA']"
2002,Sensors,"['Physical Electrochemistry Laboratory, Department of Chemistry, Nasr Institute of Advanced Materials Science, University of Dublin, Trinity College, Dublin 2, Ireland']"
2002,Sci. Pharm.,"[""Laboratoire des Matériaux Thermostructuraux, Faculté des Sciences Ben M'Sik, BP 7955, Casablanca, Maroc"", ""Laboratoire de Chimie Organique Biomoléculaire Associé au C.N.R, Faculté des Sciences Ben M'Sik, BP 7955, Casablanca, Maroc""]"
2002,Math. Comput. Appl.,"['Department of Mechanical Engineering, Zonguldak Karaelmas University, 67100 Zonguldak, Turkey']"
2002,Math. Comput. Appl.,"['Basic and Applied Science Department, Arab Academy for Science and Technology, P.O. Box 1029, Alexandria, Egypt']"
2002,Math. Comput. Appl.,"['Department of Mathematics, Aligarh Muslim University, Aligarh - 202002, India']"
2002,Math. Comput. Appl.,"['Department of Mathematics, Govt. Arts and Science PG College, RATLAM (M.P.) - 457001, India']"
2002,Math. Comput. Appl.,"['Department of Mathematics, Aligarh Muslim University, Aligarh-202002, India']"
2002,Math. Comput. Appl.,"['Azerbaijan Petroleum Research and Project Institute (AzNSETLI), Aga-Neymatullah str. 39, Baku 370033, Azerbaijan']"
2002,Math. Comput. Appl.,"['Robotic Research Lab., Mechanical Engineering Department, Engineering Faculty, Erciyes University, 38039, Kayseri, Turkey', 'Intelligent Systems Research Lab., Computer Engineering Department, Engineering Faculty, Erciyes University, 38039, Kayseri, Turkey']"
2002,Math. Comput. Appl.,"['Uludağ University, Department of Electronic Engineering, 16059 Bursa, Turkey']"
2002,Molecules,"['Organic Syntheses Laboratory, M.G. Science Institute, Navrangpura, Ahmedabad 380 009, India']"
2002,Molecules,"['Department of Chemistry, South China Normal University, Guangzhou 510631, P.R. China', 'Department of Foundation, Zhongkai Agrotechnical College, Guangzhou 510230, P.R. China', 'Department of Chemistry, National Tsing Hua University, Hsinchu, Taiwan 300, P.R. China']"
2002,Molecules,"['Department of Chemistry, Faculty of Science, Cairo University, Giza, 1263, Egypt']"
2002,Molecules,"['Faculty of Natural Sciences, Comenius University, Mlynska dolina CH-2, SK-842 15, Bratislava, Slovakia']"
2002,Molecules,"['Laboratoire de Chimie Organique EA 2692 , Université des Sciences et Technologies de Lille, F- 59655 Villeneuve d\x92Ascq , France', 'Xavier University, College of Pharmacy, Department of Basic Pharmaceutical Sciences, 1, Drexel Drive, New Orleans, LA 70125, USA']"
2002,Molecules,"['Faculty of Pharmaceutical Sciences, Tokushima Bunri University, Yamashiro-cho, Tokushima, 770-8514, Japan']"
2002,Molecules,"['Department of Chemistry and Environmental science, Jinzhou Normal University, Jinzhou, 121003, P.R.China', 'Dalian Institute of Chemical Physics, Chinese Academy of Sciences, Dalian, 116023, P. R. China']"
2002,Molecules,"['Département de Chimie, Université Abdelmalek Essaâdi, Faculté des Sciences, B.P 2121, Tétouan, Morocco', 'Departamento de Química Orgánica I, Facultad de Ciencias Químicas, Universidad Complutense, E- 28040, Spain']"
2002,Int. J. Mol. Sci.,"['Department of Chemistry, N. G. Chernyshevskii Saratov State University, 83 Astrakhanskaya Street, Saratov 410012, Russia']"
2002,Int. J. Mol. Sci.,"['Institute of Physical Chemistry, Polish Academy of Sciences, 01-224 Warsaw, Kasprzaka 44/52, Poland']"
2002,Int. J. Mol. Sci.,"['Computational Center for Molecular Structure and Interactions, Jackson State University, Jackson, MS 39217, USA', 'Boreskov Institute of Catalysis, Novosibirsk 630090, Russia', 'U.S. Army Engineer Research and Development Center, Vicksburg, MS 39180, USA', 'Department of Civil Engineering, FAMU/FSU, College of Engineering, Tallahassee, FL 32310, USA']"
2002,Int. J. Mol. Sci.,"['Laboratoire de Chimie des Polymères, Département de Chimie, Faculté des Sciences, Université d’Oran Es-Senia BP N° 1524 El M’Naouar, 31000 Oran Algerie']"
2002,Int. J. Mol. Sci.,"['Department of Physics, Bharathiar University, Coimbatore – 641 046, India']"
2002,Int. J. Mol. Sci.,"['Departamento de Química, Universidade Federal de Lavras, CP 37, CEP 37200-000 Lavras, MG, Brazil', 'Departamento de Alimentos, Faculdade de Farmácia, Universidade Federal de Minas Gerais, 30180- 112 Belo Horizonte, MG, Brazil']"
2002,Int. J. Mol. Sci.,"['Departamento de Química, Universidad de las Islas Baleares, 07071 Palma de Mallorca, Spain', 'Institute of Physics, St. Petersburg University, 198504 St. Petersburg, Russia', 'Dipartimento di Scienza dei Materiali ed Ingegneria Chimica, Politecnico di Torino, 10129 Turin, Italy']"
2002,Sensors,"['Department of Electrical Engineering &amp; Materials Research Institute, 217 Materials Research Lab, The Pennsylvania State University, University Park, PA 16802, USA', 'SenTech Corporation, 200 Innovation Boulevard, Suite 236, State College, PA 16803, USA']"
2002,Sensors,"['Electrical and Computer Engineering Department, University of Tennessee, Knoxville, TN 37996, USA']"
2002,Sensors,"['Jet Propulsion Laboratory, California Institute of Technology, Pasadena, CA 91109-8099, USA']"
2002,Sci. Pharm.,"['Department of Organic Chemistry, Medical Academy. Grodzka 9, 50- 137 Wroclaw, Poland', 'Department of Applied Pharmacy, Medical Academy, Szewska 38,50-137 Wroclaw, Poland']"
2002,Sensors,"['Department of Electrical and Computer Engineering, Michigan State University, 2120 Engineering Building, East Lansing, Michigan, USA']"
2002,Sci. Pharm.,"['Department of Pharmacology, College of Pharmacy King Saud University. P. O. Box 2457, Riyadh 11451. Saudi Arabia', 'Department of Pharmaceutics, College of Pharmacy King Saud University. P. O. Box 2457, Riyadh 11451. Saudi Arabia']"
2002,Molecules,"['Department of Chemistry, Faculty of Science, University of Cairo, Giza, 1263, Egypt']"
2002,Molecules,"['Organic Chemistry Laboratory, Central Leather Research Institute, Adyar, Chennai – 600 020. Tamil Nadu, India']"
2002,Molecules,"['Departamento de Química, Faculdade de Filosofia, Ciências e Letras de Ribeirão Preto, Universidade de São Paulo, Av. Bandeirantes 3900, 14040-901 – Ribeirão Preto – SP, Brazil']"
2002,Molecules,"['Bayer-AG, Business Group Pharma, Research, 42096 Wuppertal, Germany']"
2002,Int. J. Mol. Sci.,"['Department of Physical Chemistry, Indian Association for the Cultivation of Science, Calcutta 700 032, India', 'Jawaharlal Nehru Centre for Advanced Scientific Research, Bangalore 560 064, India']"
2002,Int. J. Mol. Sci.,"['Department of Chemistry, Michigan State University, East Lansing, Michigan 48824, USA']"
2002,Int. J. Mol. Sci.,"['Department of Chemistry, Princeton University, Princeton NJ 08544, USA']"
2002,Int. J. Mol. Sci.,"['Department of Chemistry, University of Illinois at Urbana-Champaign, Urbana, IL 61801, USA']"
2002,Int. J. Mol. Sci.,"['Department of Theoretical Chemistry, G¨oteborg University, Reutersgatan 2, S-413 20 G¨oteborg, Sweden', 'Department of Organic Chemistry and The Lise Meitner-Minerva Center for Computational Quantum Chemistry, Hebrew University, Jerusalem, 91904 Jerusalem, Israel']"
2002,Int. J. Mol. Sci.,"['Quantum Theory Project, Departments of Chemistry and Physics, P.O. Box 118435, Gainesville, Florida 32611-8435 USA']"
2002,Sensors,"['Department of Chemistry, Indian Institute of Technology Roorkee (formerly University of Roorkee), Roorkee- 247667, India', 'Department of Chemistry and Chemical Technology, Technical Faculty Bor, University of Belgrade, P.O.Box 50, 19210 Bor, Serbia, Yugoslavia']"
2002,Sensors,"['Department of Electrical Engineering &amp; Materials Research Institute, 217 Materials Research Lab, The Pennsylvania State University, University Park, PA 16802, USA', 'Department of Electrical and Computer Engineering, Merrimack College, North Andover, MA. 01845, USA', 'Department of Chemistry, The University of Kentucky, Lexington, KY 40506, USA']"
2002,Sensors,"['Unité de Recherche de Physique des Semiconducteurs, IPEST, La Marsa, 2070 Tunis, Tunisia', 'IFOS, Ecole Centrale de Lyon, 36 Avenue Guy de Collongue, 69131 Ecully, France', 'Institute of Radio Engineering and Electronics, Academy of Sciences of the Czech Republic, Chaberska 57, 182 51 Prague 8, Czech Republic']"
2002,Sci. Pharm.,"['Institute of Pharmacognosy, University of Vienna, Pharmacy-Center, Althanstrasse 14, A-1090 Vienna, Austria', 'Up to now 2600 single plants from Central and Southeast Europe were investigated. In the present paper the results of 1523 Central European plants are discussed']"
2002,Sci. Pharm.,"['Anadolu University, Faculty of Pharmacy, Department of Pharmaceutical Technology, 26470 Eskigehir, Turkey', 'Hacettepe University, Faculty of Pharmacy, Department of Pharmaceutical Technology, 061 00 Ankara, Turkey']"
2002,Sci. Pharm.,"['Laboratori de Quimica Farmaceutica, Facultat de Farmacia, Universitat de Barcelona, Av. Diagonal 643, 08028 Barcelona (Spain)', ""lnstitut de Chimie Organique et Analytique associe au CNRS, Universite d'orleans, BP 6957,45067 Orleans Cedex 2 (France)."", ""UCB Pharma, Pharmaceutical Sector, Chemin du Foriest, B-1420 Braine-L'Alleud (Belgique)"", 'Laboratoire RL-CERM, ZI La Varenne, rue H. Goudier, 63203 Riom, Cedex (France)']"
2002,Molecules,"['Department of Chemistry, Faculty of Science, Bu-Ali Sina University, PIN-65175, Hamadan, Iran']"
2002,Molecules,"['Departamento de Química, Faculdade de Filosofia, Ciências e Letras de Ribeirão Preto, Universidade de São Paulo, Av. Bandeirantes 3900, 14040-901 – Ribeirão Preto – SP, Brazil']"
2002,Molecules,"['Department of Chemistry, Hunter Chemistry Laboratories, Clemson University, Clemson, SC 29634- 0973, USA', 'Department of Chemistry, Furman University, Greenville, SC, 29613-1120, USA']"
2002,Molecules,"['Institute of Chemistry, Slovak Academy of Sciences, Dúbravská cesta 9, SK-84238 Bratislava, Slovakia', 'Department of Inorganic Environmental Chemistry, Chalmers University of Technology, SE-41296 Göteborg, Sweden', 'Institute of Inorganic Chemistry, Slovak Academy of Sciences, Dúbravská cesta 9, SK-84236 Bratislava, Slovakia']"
2002,Molecules,"['Department of Organic Chemistry, University of Sofia, Y. Bourchier av. 1, Sofia, 1126, Bulgaria', 'Laboratory of Organic Chemistry, Chemistry Department, University of Thessaloniki, Thessaloniki 540006, Greece']"
2002,Molecules,"['Centre for Natural Products, SPIC Science Foundation, 64 Mount Road, Guindy, Chennai 600 032, India', 'Department of Crystallography and Biophysics, University of Madras, Chennai, 600 025, India']"
2002,Int. J. Mol. Sci.,"['Department of Chemical Physics, Faculty of Mathematics and Physics, Comenius University, 842 15 Bratislava, Slovakia', 'Insitute of Physics, Silesian University, 74601 Opava, Czech Republic', 'Rutherford Appleton Laboratory, Chilton, Oxfordshire OX11 0QX, UK']"
2002,Int. J. Mol. Sci.,"['Department of Physical Chemistry, Indian Association for the Cultivation of Science, Calcutta 700 032, India', 'Also at Jawaharlal Nehru Centre for Advanced Scientific Research, Bangalore 560 064, India']"
2002,Int. J. Mol. Sci.,"['IRSAMC, Laboratoire de Physique Quantique, Universite Paul Sabatier, 118, route de Narbonne, 31062 Toulouse Cedex, France', 'Department of Chemistry, University of Arizona, Tucson, Arizona 85721, USA']"
2002,Int. J. Mol. Sci.,"['Institute of Inorganic Chemistry, Slovak Academy of Sciences, SK-84236 Bratislava, Slovakia', 'Structural Chemistry Research Group, Hungarian Academy of Sciences, E¨otv¨os University, POB 32, H-1518 Budapest, Hungary', 'Department of Theoretical Chemistry, E¨otv¨os University, POB 32, H-1518 Budapest 112, Hungary']"
2002,Int. J. Mol. Sci.,"['School of Chemistry, Tel Aviv University, 69978 Tel Aviv, Israel', 'Department of Theoretical Chemistry, Faculty of Sciences, Vrije Universiteit Amsterdam, De Boelelaan 1083, NL-1081 HV Amsterdam, The Netherlands']"
2002,Int. J. Mol. Sci.,"['Department of Chemistry, Michigan State University, East Lansing, Michigan 48824, USA']"
2002,Int. J. Mol. Sci.,"['Graduate School of Human Informatics, Nagoya University, Chikusa-ku Nagoya 464-8601 Japan', 'The Graduate University for Advanced Sciences, Myodaiji, Okazaki 444-8585 Japan']"
2002,Int. J. Mol. Sci.,"['School of Chemistry, University of Hyderabad, Hyderabad - 500 046, India']"
2002,Int. J. Mol. Sci.,"['Theoretical Chemistry Group, Physical Chemistry Division, National Chemical Laboratory, Pune 411 008, India']"
2002,Sci. Pharm.,"['Department of Pharmacology, College of Pharmacy, King Saud University, P.0 Box 2457, kyadh 1 145 1, Saudi Arabia']"
2002,Sensors,"['Polymer Science &amp; Engineering, National Chemical Laboratory, Pune- 411008, India']"
2002,Sensors,"['Department of Chemistry, Indian Institute of Technology Roorkee, (formerly University of Roorkee), Roorkee- 247667, India']"
2002,Molbank,"['Institute of Applied Synthetic Chemistry, Vienna University of Technology, Getreidemarkt 9/163OC, A-1060 Vienna, Austria']"
2002,Entropy,"['IBM, via Shangai 53, 00144 Roma, Italy']"
2002,Sci. Pharm.,"['Department of Pharmacology, College of Pharmacy, King Saud University, P 0 Box 2457, Riyadh 1 145 1, Saudi Arabia']"
2002,Molecules,"['University of Ljubljana, Faculty of Pharmacy, Aškerčeva 7, 1000 Ljubljana, Slovenia', 'Lek d.d., Verovškova 57, 1000 Ljubljana, Slovenia']"
2002,Entropy,"['Williams Research Corporation, 1305 Hilton Place, Socorro, NM 87801, USA']"
2002,Sci. Pharm.,"['Ragnar Bye, University of Oslo, Department of Pharmacy, P.O. Box 1068, N-0316 Oslo, Norway']"
2002,Molecules,"['Departamento de Química, Universidade Federal de Juiz de Fora, 36036-330, Juiz de Fora-MG, Brazil']"
2002,Molecules,"['State Key Laboratory of Organometallic Chemistry, Shanghai Institute of Organic Chemistry, Chinese Academy of Sciences, 354 Fenglin Lu, Shanghai 200032 China']"
2002,Molecules,"['Laboratoire de Chimie Organique, UMR-CNRS 6517, Faculté de Pharmacie, 27 Bd Jean Moulin, 13385 Marseille Cx 5, France']"
2002,Molecules,"['Institute of Applied Synthetic Chemistry, Vienna University of Technology, Getreidemarkt 9/163OC, A-1060 Vienna, Austria']"
2002,Sensors,"['Technical Faculty Bor, University of Belgrade, P.O.Box 50, 19210 Bor, Yugoslavia', 'Faculty of Science, University of Kragujevac, 34000 Kragujevac, Yugoslavia']"
2002,Sensors,"['Systems Theory Laboratory, University of Perpignan, 52, avenue de villeneuve, 66860 Perpignan, France']"
2002,Int. J. Mol. Sci.,"['Theoretical Chemistry Group, Physical Chemistry Division, National Chemical Laboratory, Pune - 411 008, India']"
2002,Int. J. Mol. Sci.,"['Institute of Catalysis, Polish Academy of Sciences, ul. Niezapominajek 8, 30-239 Cracow, Poland', 'Faculty of Chemistry, Jagiellonian University, ul. Ingardena 3, 30-060 Cracow, Poland']"
2002,Int. J. Mol. Sci.,"['Accelrys Inc., 9685 Scranton Road, San Diego, California 92121, USA']"
2002,Int. J. Mol. Sci.,"['Research Institute of Innovative Technology for the Earth (RITE), National Institute of Advanced Industrial Science and Technology (AIST), AIST Tsukuba Central 5, Tsukuba 305-8565, Japan', 'National Institute of Advanced Industrial Science and Technology (AIST), AIST Tsukuba Central 5, Tsukuba 305-8565, Japan']"
2002,Int. J. Mol. Sci.,"['Reserach Institute for Computational Sciences, National Institute of Advanced Industrial Science and Technology (RICS-AIST), Tsukuba Central 2, 1-1-1 Umezono, Tsukuba, Ibaraki 305-8568, Japan', 'Joint Research Center for Atom Technology (JRCAT-AIST), 1-1-1 Higashi, Tsukuba, Ibaraki 305- 8562 Japan', 'Research Institute for Computational Science, National Institute of Advanced Industrial Science and Technology, 1-1-1 Umezono, Tsukuba, Ibaraki 305-8568, Japan', 'Swiss Center for Scientific Computing (CSCS), via Cantonale, Galleria 2, CH-6928 Manno, Switzerland and ETH Hönggerberg HCI, CH-8093 Zurich, Switzerland']"
2002,Int. J. Mol. Sci.,"['Department of Theoretical Chemistry, G¨oteborg University, Reutersgatan 2, S-413 20 G¨oteborg, Sweden']"
2002,Int. J. Mol. Sci.,"['Department of Chemistry, Indian Institute of Technology, Kharagpur, 721302, India']"
2002,Int. J. Mol. Sci.,"['National Institute of Advanced Industrial Science and Technology, AIST Tsukuba Central 5, Tsukuba 305-8565, Japan', 'Department of Chemistry, University of Leuven, Celestijnenlaan 200F, B-3001 Leuven, Belgium']"
2002,Int. J. Mol. Sci.,"['Eenheid Algemene Chemie, Free University of Brussels (VUB), Pleinlaan 2,1050 Brussels,Belgium']"
2002,Int. J. Mol. Sci.,"['Theoretical Chemistry Section, Chemistry Group, RC &amp; CD Division, Bhabha Atomic Research Centre, Mumbai 400 085, India']"
2002,Int. J. Mol. Sci.,"['Faculty of Chemistry, Jagiellonian University, R. Ingardena 3, 30-060 Cracow, Poland']"
2002,Int. J. Mol. Sci.,"['Environmental Management Group, National Institute of Advanced Industrial Science and Technology, AIST TOHOKU, 4-2-1 Nigatake, Miyagino-ku, Sendai 983-8551, Japan']"
2002,Sensors,"['IT college, East China Normal University, Shanghai 200062, China', 'Shanghai Teachers University, Shanghai 2000234, China', 'Shanghai Institute for Medicine Control, Shanghai 200233, China', 'Department of Surgery, Huashan Hospital, Fudan University, Shanghai 200040, China']"
2002,Sci. Pharm.,"['Institut für Pharmazeutische Chemie der Heinrich-Heine-Universität, Universitätsstr. 1, D-40225 Düsseidorf']"
2002,Sensors,"['Department of Chemistry and Physics, University of Brescia, Via Valotti 9 25133 Brescia, Italy', 'Department of Physics and INFM, University of Trento, via Sommarive 14, I-38050 Povo (Tn) Italy']"
2002,Math. Comput. Appl.,"['Department of Mathematics, Imam Khomeini International University, Qazvin, P.O. Box 288, Iran']"
2002,Math. Comput. Appl.,"['Ankara University, Faculty of Sciences, Department of Mathematics, Beşevler, 06100, Ankara, Turkey', 'Abant Izzet Baysal University, Faculty of Arts and Sciences, Department of Mathematics, 14280, Bolu, Turkey']"
2002,Math. Comput. Appl.,"['Department of Mechanical Education, Technical Education Faculty, Afyon Kocatepe University, TR-03200, Afyon, Turkey']"
2002,Math. Comput. Appl.,"['Department of Mechanical Engineering, Celal Bayar University, 45140 Muradiye, Manisa, Turkey']"
2002,Molecules,"['Department of Pharmaceutical Chemistry and Drug Control, Faculty of Pharmacy, Charles University, 500 05 Hradec Králové, Czech Republic', 'Department of Inorganic and Organic Chemistry, Faculty of Pharmacy, Charles University, 500 05 Hradec Králové, Czech Republic', 'Institute of Chemistry, Faculty of Natural Sciences, Comenius University, 842 15 Bratislava, Slovak Republic']"
2002,Molecules,"['Department of Chemistry, University of the West Indies, Mona, Kingston 7, Jamaica']"
2002,Molecules,"['Roche Vitamins Ltd., Vitamins Research and Technology Development, Grenzacherstr., CH-4070 Basel, Switzerland']"
2002,Molecules,"['Institute of Chemistry, Universidad de Antioquia, P. O. Box 1226, Medellin-Colombia', 'Max-Planck-Institut für Chemische Ökologie, Beutenberg Campus, Winzerlaer Str. 10, D-07745 Jena, Germany']"
2002,Molecules,"['Departamento de Química, Universidade de Trás-os-Montes e Alto Douro, Apartado 202, 5001-911 Vila Real Codex, Portugal', ""Departamento de Química e Unidade de Materiais Têxteis e Papeleiros, Universidade da Beira Interior, Rua Marquês d'Ávila e Bolama, 6200-001 Covilhã, Portugal""]"
2002,Int. J. Mol. Sci.,"['Department of Theoretical Physics, Herzen University, St. Petersburg 191186 Russia', 'Institut für Atom- und Molekülphysik, Universität Hannover, 30167 Hannover, Germany', 'Lab. de Chimie Physique Moléculaire, Université Libre de Bruxelles, B-1050 Bruxelles, Belgium']"
2002,Int. J. Mol. Sci.,"['National Institute for Physics and Nuclear Engineering ""Horia Holubei"", RO- 76900 Bucharest-Magurele, Romania', 'Institute of Physical Chemistry, Academy of Sciences of the Czech Republic, CZ-18223 Praha, Czech Republic', 'Institut für Allgemeine Physik, Vienna University of Technology Wiedner Hauptstrasse 8-10, A-1040 Wien, Austria']"
2002,Int. J. Mol. Sci.,"['Laboratoire de Spectrométrie Ionique et Moléculaire, UMR 5579, CNRS et Université Lyon I, 43 Bd. du 11 Novembre 1918, 69622 Villeurbanne Cedex, France', 'Laboratoire de Chimie Théorique, Université de Paris Sud (Orsay), France and Département de Chimie, Université de Liège, Institut de Chimie B6, Sart-Tilman, B-4000, Liège 1, Belgium', 'Laboratoire de Chimie Physique Moléculaire, CP 160/09 Université Libre de Bruxelles, 50 Av. F. Roosevelt, B-1050 Bruxelles, Belgium']"
2002,Int. J. Mol. Sci.,"['Atomic and Molecular Physics Research Division, School of Mathematics and Physics, Queen’s University Belfast, Belfast BT7 1NN, N. Ireland, UK']"
2002,Int. J. Mol. Sci.,"['Laboratorio Asociado al CIEMAT de Fisica Atomica y Molecular en Plasmas de Fusion. Departamento de Quimica, Universidad Autonoma de Madrid, 28049-Madrid, Spain', 'Instituto de Estructura de la Materia CSIC, Serrano 113 bis, 28006-Madrid, Spain']"
2002,Int. J. Mol. Sci.,"['J. R. Macdonald Laboratory, Department of Physics, Kansas State University, Manhattan, KS 66506 USA']"
2002,Int. J. Mol. Sci.,"['Centre Interdisciplinaire de Recherche Ions Lasers, Unité Mixte CEA-CNRS-ISMRA-Université de Caen Basse Normandie, 6 Bd du Maréchal Juin, F-14050 Caen Cedex, France']"
2002,Int. J. Mol. Sci.,"['Laboratoire de Spectrométrie Ionique et Moléculaire, UMR 5579, CNRS et Université Lyon I, 43 Bd. du 11 Novembre 1918, 69622 Villeurbanne Cedex, France']"
2002,Int. J. Mol. Sci.,"['Molecular Diversity Preservation International (MDPI), Kandererstrasse 25, CH-4057 Basel, Switzerland']"
2002,Sci. Pharm.,"['Institut für Phannazie, Abteilung Pharmakognosie, Leopold-Franzens-Universität Innsbruck, Innrain 52, A-6020 Innsbruck, Austria', 'Institut für Organische Chemie, Leopold-Franzens-Universität Innsbruck, Innrain 52a, A-6020 Innsbruck, Austria']"
2002,Sensors,"['Department of Biomedical Engineering, Boston University, 44 Cummington Street, Boston, MA 02215, USA']"
2002,Sci. Pharm.,"['Institute of Pharmaceutical Chemistry, University of Vienna, Althanstrasse 13, A- 1090 Vienna, Austria']"
2002,Sensors,"['Department of Materials Science &amp; Engineering, The Pennsylvania State University, University Park, PA 16802, USA', 'Department of Electrical Engineering &amp; Materials Research Institute, The Pennsylvania State University, University Park, PA 16802, USA']"
2002,Sensors,"['Department of Chemical Engineering, The Pennsylvania State University, 104 Fenske Laboratory, University Park, PA 16802-4400, USA', 'Texas A&amp;M University, Department of Chemical Engineering, College Station, TX 77843-3122, USA']"
2002,Sensors,"['Hefei Institute of Intelligent Machines, Chinese Academy of Science, Hefei 230031, P.R. China', 'Department of Automation, University of Science and Technology of China, Hefei 230026, P.R. China']"
2002,Entropy,"['Dipartimento di Fisica, Politecnico di Torino, Corso Duca degli Abruzzi 24, I-10129 Torino and Istituto Nazionale di Fisica Nucleare (INFN) - Sezione di Torino, Italy']"
2002,Entropy,"['Fachbereich Physik, Universität Konstanz PF M678, D-78457 Konstanz, Germany', 'Department of General Relativity and Gravitation Kazan State University, 420008 Kazan, Russia']"
2002,Sci. Pharm.,"['Department of Pharmaceutics, Faculty of Science University of Oslo, P.O.Box 1068, 0316 Oslo, Norway']"
2002,Molecules,"['University of Northern British Columbia, Department of Chemistry, 3333 University Way, Prince George, British Columbia, Canada']"
2002,Molecules,"['Chemistry Department, Faculty of Science, King Abdulaziz University, Jeddah-21589, P.O. Box 80203, Saudi Arabia']"
2002,Molecules,"['Department of Chemistry, Isfahan University, Isfahan 81744, Iran']"
2002,Molecules,"['Université de Rennes 1, Institut de Chimie, Synthèse &amp; Electrosynthèses Organiques 3 (SESO 3), UMR-CNRS 6510, Bât. 10A, Campus de Beaulieu, Avenue du Général Leclerc, CS 74205, 35042 RENNES Cedex, France']"
2002,Molecules,"['Pharmacognosy Department, Faculty of Pharmacy, Cairo University, Kasr El-Ainy St., Cairo, 11562, Egypt']"
2002,Molecules,"['Chemistry and Chemical Engineering Research Center, Faculty of Materials and Chemical Engineering, Malek-ashtar University of Technology (MUT), Tehran, P. O. Box 16765-3454, Iran', 'Department of Organic Chemistry, Faculty of Chemistry, Tabriz University, Tabriz 51664, Iran']"
2002,Molecules,"['Institute of Pharmaceutical Chemistry, University of Tübingen, Auf der Morgenstelle 8, D-72076 Tübingen , Germany']"
2002,Molecules,"['Department of Organic Chemistry, University of Pardubice, Čs. legií 565, 532 10 Pardubice, Czech Republic']"
2002,Molecules,"['Institute of Organic Chemistry, VUT, A-1060 Vienna, Getreidemarkt 9, Austria', 'Microcide Pharmaceuticals Inc., 1335 Carvo Court, Los Altos, CA 94024, USA']"
2002,Molecules,"['Department of Chemistry, Bu-Ali Sina University, Hamadan, Zip Code 65174, Iran', 'Department of Chemistry, UMIST, PO Box 88, Manchester M60 1QD, UK']"
2002,Molecules,"['Department of Chemistry, Faculty of Sciences, University of Isfahan, Isfahan 81744, I. R. Iran']"
2002,Molecules,"['Departamento de Química, Universidade Federal do Espírito Santo, 29060-900, Vitória, ES, Brazil', 'Departamento de Química, Universidade Federal de São Carlos, Caixa Postal 676, 13565-905, São Carlos, SP, Brazil']"
2002,Molecules,"['Department of Organic Chemistry, Omsk State University, Omsk, 644077, Russian Federation']"
2002,Molecules,"['Centre for Natural Products, SPIC Science Foundation, Guindy, Chennai - 600 032, India']"
2002,Molecules,"['Department of Chemistry, Fõrat University, Faculty of Science and Arts, 23169, Elazõğ, Turkey']"
2002,Int. J. Mol. Sci.,"['Department of Chemistry, University of Kalyani, Kalyani–741-235, India']"
2002,Int. J. Mol. Sci.,"['Department of Physics, Universidad Aut´onoma Metropolitana, Iztapalapa,P.O. Box 55-534, D.F., 09340, Mexico']"
2002,Int. J. Mol. Sci.,"['Inst.f. Theor. Physik, Univ. Erlangen, Staudtstr. 7, D-91058 Erlangen, Germany', 'Lab. Phys. Quantique, Univiversité Paul Sabatier, 118 Rte de Narbonne, F-31062 Toulouse Cedex, France']"
2002,Int. J. Mol. Sci.,"['Department of Applied Genetics and Pest Management, Faculty of Agriculture, Graduate School, Kyushu University, 6-10-1 Hakozaki, Fukuoka 812-8581, Japan', 'Graduate School of Bioresource and Bioenvironmental Sciences, Kyushu University, 6-10-1 Hakozaki, Fukuoka 812-8581, Japan', 'School of Agriculture, Kyushu Tokai University, Kumamoto 869-1404, Japan', 'Kyushu Women’s University, 1-1 Jiyugaoka, Yahatanishi-ku, Kita-Kyushu, Fukuoka 807-8586, Japan']"
2002,Entropy,"['Molecular Diversity Preservation International (MDPI), Kandererstrasse 25, Basel CH-4057, Switzerland']"
2002,Entropy,"['School of Mathematical Sciences, University of Sussex, Falmer, Brighton BN1 9QH, UK']"
2002,Sensors,"['Institute of Semiconductor Physics, NASU, Prospect Nauki 45, 252650, Kiev-28, Ukraine', 'University of Regensburg, Institute of Analytical Chemistry, Chemo- and Biosensors, 93040 Regensburg, Germany']"
2002,Molecules,"['Department of Organic Chemistry, Omsk State University, Omsk, 644077, Russian Federation']"
2002,Sci. Pharm.,"['Ege University, Faculty of Pharmacy, Pharmaceutical Technology Department, 35100, Bornova, İzmir, Turkey']"
2002,Sensors,"['College of Chemistry and Material Science, Hubei University, 430062, Wuhan, People’s Republic of China']"
2002,Molecules,"['Department of Chemistry, Macquarie University, Sydney, NSW 2109, Australia', 'Department of Chemistry, University of Hawaii, Honolulu HI, 96822, USA']"
2002,Molecules,"['Department of Chemistry, Sharif University of Technology P. O. Box 11356-9516, Teheran, Iran']"
2002,Molecules,"['University of Isfahan, Faculty of Sciences, Department of Chemistry, 81744 Isfahan, Iran']"
2002,Molecules,"['EST Lead Informatics, AstraZeneca R&amp;D Mölndal, S-43183 Mölndal, Sweden']"
2002,Molecules,"['SONAS, UFR des Sciences Pharmaceutiques et Ingénierie de la santé, 16 Bd Daviers, F-49100 Angers, France', 'ICSN-CNRS, Gif-sur-Yvette, F-91191, France']"
2002,Molecules,"['Institut Universitari de Ciència Molecular, Universitat de València, Dr. Moliner 50, E-46100 Burjassot (València), Spain']"
2002,Molecules,"['Institute of Organic Chemistry, VUT, A-1060 Vienna, Getreidemarkt 9, Austria']"
2002,Molecules,"['Department of Organic Chemistry, University of Pardubice, Čs. legií 565, 532 10 Pardubice, Czech Republic']"
2002,Int. J. Mol. Sci.,"['Department of Chemistry, National Taiwan University, Taipei, Taiwan 106, ROC']"
2002,Int. J. Mol. Sci.,"['School of Physical Sciences, Jawaharlal Nehru University, New Delhi 110 067, India']"
2002,Int. J. Mol. Sci.,"['Departamento de F´ısica e Matem´atica, FFCLRP Universidade de S˜ao Paulo. Avenida Bandeirantes 3900. CEP 014040-901 Ribeirão Preto, SP, Brazil', 'Department of Physics, Michigan Technological University, Houghton, MI 49931-1291, USA']"
2002,Int. J. Mol. Sci.,"['Department of Chemistry, Purdue University, West Lafayette, IN 47907, USA', 'The Fritz Haber Research Center for Molecular Dynamics, the Hebrew University, Jerusalem 91904, Israel']"
2002,Int. J. Mol. Sci.,"['The Guest Editor, Deptartment of Atomic Physics, University of Sofia, 5 James Bourchier Blv., Sofia- 1126, Bulgaria']"
2002,Int. J. Mol. Sci.,"['The Guest Editor, Deptartment of Atomic Physics, University of Sofia, 5 James Bourchier Blv., Sofia- 1126, Bulgaria']"
2002,Molecules,"['Department of Chemistry and Biochemistry, Texas Tech University, Lubbock TX 79409-1061, USA']"
2002,Molecules,"['Pharmacognosy Department, Faculty of Pharmacy, Cairo University, Cairo 11562, Egypt']"
2002,Sensors,"['Sandia National Laboratories, P.O. Box 5800, Albuquerque, NM 87185, USA']"
2002,Entropy,"['Emeritus Professor, Electrical and Computer Engineering Department, Drexel University, Philadelphia, PA 19104, USA']"
2002,Entropy,"['Dept. Phys.and Microel. Engineer., Kyrgyz-Russian Slavic University, Bishkek, Kievskaya Str. 44, 720000, Kyrgyz Republic', 'Physics Dept.,CSU Fresno,2345 East San Ramon Ave.M/S 37 Fresno, CA 93740-8031, USA']"
2002,Entropy,"['Unit for Interdisciplinary Studies, Bar-Ilan University, 52900 Ramat-Gan, Israel']"
2002,Sci. Pharm.,"['NationaOl rganization for Drug Control and Research P.O. Box 29 Cairo, Egypt']"
2002,Sci. Pharm.,"['Medicirlal Chernistry Research Laboratoly, Phannacy Group, Birla Institute of Technology and Sciences. Pilani, Rajastban-33303 1, (INDIA)', ""Department of I'halnlaceutics, Institute of Technology, Banalas Hindu University, Vasanasi-221005, (INDIA)"", 'National lrlstitute of Allergy and Infectious Diseases, TAACF, Southern Research Institute, 2000, 9th Avenue South, Birmingham, AL 35255, (USA).']"
2002,Sensors,"['National Laboratory of Molecular &amp; Biomolecular Electronics, Southeast University, Nanjing 210096, P. R. China', 'Department of Chemistry and Chemical Engineering, Southeast University, Nanjing 210096, P. R. China']"
2002,Sensors,"['University of Applied Sciences Aachen, Ginsterweg 1, 52428 Jülich, Germany', 'Institute of Thin Films and Interfaces, Research Centre Jülich GmbH, 52425 Jülich, Germany']"
2002,Sensors,"['Department of Analytical Chemistry, Faculty of Chemical and Food Technology, Slovak University of Technology, 81237 Bratislava, Slovakia', 'Food Research Institute Bratislava, Biocentre Modra, 90001 Modra, Slovakia', 'UFZ Centre for Environmental Research Leipzig-Halle, D-04318 Leipzig, Germany']"
2002,Sci. Pharm.,"['Department of Applied Pharmacy and Drug Design Technology, Medical Academy of Silesia, Jagiellonska Street 4, 41-200 Sosnowiec, Poland']"
2002,Sci. Pharm.,"['Institut für Pharmazeutische und Medizinische Chemie der Westfälischen Wilhelms-Universität Münster, Hittorfstr. 58-62,0-48149 Münster, Bundesrepublik Deutschland']"
2002,Sci. Pharm.,"['Bundesinstitut für Arzneimittel (BIfA), Zimmermanngasse 3, A-I095 Wien', 'Bundesministerium für soziale Sicherheit und Generationen, Radetzkystr. 2, A-I 030 Wien']"
2002,Sci. Pharm.,"['Pharmazeutische Chemie der Universität des Saarlandes, Postfach 11 50, 0-66041 Saarbrücken']"
