Year,Journal,Affiliations
1999,Molecules,"['Molecular Diversity Preservation International (MDPI), Saengergasse 25, CH-4054 Basel, Switzerland']"
1999,Molecules,"['Molecular Diversity Preservation International (MDPI), Saengergasse 25, CH-4054 Basel, Switzerland']"
1999,Molecules,"['Molecular Diversity Preservation International (MDPI), Saengergasse 25, CH-4054 Basel, Switzerland']"
1999,Molecules,"['Department of Organic Chemistry, Faculty of Pharmacy, Medical University of Sofia, Dunav 2, BG-1000 Sofia, Bulgaria']"
1999,Molecules,"['Faculty of Pharmacy, Medical University of Sofia, Dunav 2, BG-1000 Sofia, Bulgaria']"
1999,Math. Comput. Appl.,"['Department of Computer Science, Wayne State University Detroit, MI 48202, USA']"
1999,Math. Comput. Appl.,"['Textile Engineering Department, Auburn University, AL 36849-5327, USA', 'Space Power Institute, 231 Leach Center, Auburn University, AL 36849-5320, USA']"
1999,Math. Comput. Appl.,"['Department of Computational and Applied Mathematics &amp; Centre for Differential Equations, Continuum Mechanics and Applications, University of the Witwatersrand, Wits 2050, Johannesburg, South Africa']"
1999,Math. Comput. Appl.,"['Department of Mechanical Engineering, Celal Bayar University 45140, Muradiye, Manisa, Turkey']"
1999,Math. Comput. Appl.,"['TÜBİTAK -UEKAE P:O Box.41.4 1470 Gebze, Kocaeli, Turkey', 'Faculty of Engineering Gebze Institute of Technology P.O.Box. 141, 41400 Gebze, Kocaeli, Turkey']"
1999,Math. Comput. Appl.,"['Institute for Symmetry Analysis and Mathematical Modelling, University of North-West, Private Bag X2046, Mmabatho 2735, South Africa', 'Department of Mathematical Sciences, University of North-West, Private Bag X2046, Mmabatho 2735, South Africa']"
1999,Math. Comput. Appl.,"['Technological Educational Institution (TEI) of Kavala, School of Applied Technology Agios Loukas, 654 04 Kavala, Greece', 'Dept. of Electrical &amp; Computer Engineering, Democritos University of Thrace 671 00 Xanthi, Greece']"
1999,Math. Comput. Appl.,"['Department of Mechanical Engineering, Celai Bayar University, 45140 Muradiye/Manisa, Turkey']"
1999,Molecules,"['Department of Chemistry, Rochester Institute of Technology, Rochester, NY 14623-5603, USA']"
1999,Entropy,"['Molecular Diversity Preservation International (MDPI), Kandererstrasse 25, CH-4057 Basel, Switzerland']"
1999,Molecules,"['Department of Chemistry, Politechnika Krakowska, ul. Warszawska 24, 31-155 Krakow, Poland']"
1999,Molecules,"['Department of Chemistry, Southeast Missouri State University, MS 6400, One University Plaza, Cape Girardeau, Missouri, 63701, USA']"
1999,Molecules,"['Department of Chemistry, Southeast Missouri State University, MS 6400, One University Plaza, Cape Girardeau, Missouri, 63701, USA']"
1999,Molecules,"['Department of Chemistry, Southeast Missouri State University, MS 6400, One University Plaza, Cape Girardeau, Missouri, 63701, USA']"
1999,Molecules,"['Department of Chemistry, Southeast Missouri State University, MS 6400, One University Plaza, Cape Girardeau, Missouri, 63701, USA']"
1999,Molecules,"['Department of organic chemistry, Kuban State Technological University, Moskovskaya, 2, Krasnodar, 350072, Russian Federation']"
1999,Molecules,"['Department of organic chemistry, Kuban State Technological University, Moskovskaya,2, Krasnodar, 350072, Russian Federation']"
1999,Molecules,"['College of Pharmacy, The Ohio State University, 500 West 12th Avenue, Columbus, OH 43210, USA']"
1999,Molecules,"['College of Pharmacy, The Ohio State University, 500 West 12th Avenue, Columbus, OH 43210, USA']"
1999,Molecules,"['Laboratory of Chemistry Organic-Physics, Departement of Chemistry, Faculty of Sciences, University of Mohammed The First, BP 524-60000-Oujda, Morocco']"
1999,Molecules,"['Faculty of Chemistry, University of Belgrade, Studentski trg 16, PO Box 158, YU-11001 Belgrade, Yugoslavia', 'Institute of Physics, Faculty of Sciences, University of Novi Sad, Trg Dositeja Obradovića 4, 21000, Novi Sad, Yugoslavia', 'Institut für Kristallographie, Freie Universität Berlin, Takustr.6, D-14195 Berlin, Germany']"
1999,Molecules,"['Molecular Diversity Preservation International (MDPI), Saengergasse 25, CH-4054 Basel, Switzerland']"
1999,Molecules,"['Institute of Organic Chemistry, University Lausanne, ICO-BCH, 1015 Lausanne, Switzerland']"
1999,Entropy,"['Centro de Investigación en Termodinámica y Fenómenos Auto-Organizativos, CITER, Av. Panamericana 357, Agua Prieta Sonora, México 84200, Mexico']"
1999,Entropy,"['Centro de Investigación en Termodinámica y Fenómenos Auto-Organizativos, CITER, Av. Panamericana 357, Agua Prieta Sonora, México 84200, Mexico']"
1999,Entropy,"['Centro de Investigación en Termodinámica y Fenómenos Auto-Organizativos, CITER, Av. Panamericana 357, Agua Prieta Sonora, México 84200, Mexico']"
1999,Entropy,"['Centro de Investigación en Termodinámica y Fenómenos Auto-Organizativos, CITER, Av. Panamericana 357, Agua Prieta Sonora, México 84200, Mexico']"
1999,Entropy,"['PO Box 8308, Austin, TX 78713-8308, USA']"
1999,Molecules,"['College of Pharmacy, The Ohio State University, 500 West 12th Avenue, Columbus, OH 43210, USA']"
1999,Molecules,"['Department of Medicinal Chemistry, Victorian College of Pharmacy, Monash University (Parkville Campus), 381 Royal Parade, Parkville, Victoria, 3052, Australia']"
1999,Entropy,"['Instituto de Matemática e Estatística, Universidade de São Paulo, 05315-970, Brasil']"
1999,Molecules,"['College of Pharmacy, The Ohio State University, Columbus, Ohio 43221, USA']"
1999,Molecules,"['Department of Organic Chemistry and Macromolecular Chemistry II, University of Düsseldorf, Universitätsstr. 1, D-40225 Düsseldorf, Germany', 'New address: Department of Chemistry, Heriot-Watt University, Riccarton, Edinburgh EH14 4AS, UK.']"
1999,Molecules,"['Department of Organic Chemistry and Macromolecular Chemistry II, University of Düsseldorf, Universitätsstr. 1, D-40225 Düsseldorf, Germany']"
1999,Molecules,"['Reasearch Laboratory of Furan Chemistry, Kuban State Technological University, Moskovskaya 2, Krasnodar, Russian Federation']"
1999,Molecules,"['Research Laboratory of Furan Chemistry, Kuban State Technological University, Moskovskaya 2, Krasnodar, Russian Federation']"
1999,Molecules,"['Research Laboratory of Furan Chemistry, Kuban State Technological University, Moskovskaya 2, Krasnodar, Russian Federation']"
1999,Molecules,"['Research Laboratory of Furan Chemistry, Kuban State Technological University, Moskovskaya 2, Krasnodar, Russian Federation']"
1999,Molecules,"['Laboratory of Furan Chemistry, Kuban State Technological University, Moskovskaya st. 2, Krasnodar 350072, Russia', 'Department of General Chemistry, Kuban State Technological University, Moskovskaya st. 2, Krasnodar 350072, Russia', 'Department of Organic Chemistry, Kuban State Technological University, Moskovskaya st. 2, Krasnodar 350072, Russia']"
1999,Molecules,"['Institut für Organische Chemie der Universität Basel, St. Johanns-Ring 19. CH-4056 Basel, Switzerland']"
1999,Molecules,"['Laboratory of Furan Chemistry, Kuban State Technological University, Moskovskaya st. 2, Krasnodar 350072, Russia', 'Department of Organic Chemistry, Kuban State Technological University, Moskovskaya st. 2, Krasnodar 350072, Russia', 'Department of General Chemistry, Kuban State Technological University, Moskovskaya st. 2, Krasnodar 350072, Russia']"
1999,Molecules,"['Institut für Organische Chemie der Universität Basel, St. Johanns-Ring 19. CH-4056 Basel, Switzerland']"
1999,Molecules,"['Institute of Pharmaceutical Chemistry, University of Vienna, Althanstraße 14, A-1090 Vienna, Austria']"
1999,Molecules,"['University of Lausanne, ICO-BCH, 1015 Lausanne-Dorigny, Switzerland']"
1999,Molecules,"['Beijing Institute of Pharmaceutical chemistry, Box 1044-301, Beijing, 102205, P.R.China']"
1999,Entropy,"['International Academy of Creative Endeavors, 36, Novy Arbat, Moscow, 121205, Russia']"
1999,Entropy,"['Molecular Diversity Preservation International (MDPI), Kandererstrasse 25, CH-4057 Basel, Switzerland']"
1999,Entropy,"['The Institute of Public Policy, George Mason University, Fairfax, VA 22030, USA', 'Geography and Public Affairs, George Mason University, Fairfax, VA 22030, USA']"
1999,Molecules,"['Institute of Organic Chemistry, Polish Academy of Sciences, ul. Kasprzaka 44/52, PL-01-224 Warszawa, Poland']"
1999,Molecules,"['Department of Organic Chemistry, Faculty of Chemical Technology, Slovak University of Technology, Radlinskeho 9, SK-812 37 Bratislava, Slovak Republic', 'Drug Research Institute, SK- 900 01 Modra, Slovak Republic']"
1999,Molecules,"['Faculty of Chemistry, University of Belgrade, Studentski trg 12-16, Box 158, YU-11001 Belgrade, Yugoslavia', 'Center for Chemistry, ICTM, P. O. Box 815, YU-11001 Belgrade, Yugoslavia']"
1999,Molecules,"['BYK-Gulden-Lomberg GmbH, D-78467 Konstanz, Germany', 'Institute for Virology, University of Jena, Winzerlaerstr. 10, D-07745 Jena, Germany']"
1999,Molecules,"['Department of Chemistry, University of Connecticut, 215 Glenbrook Road, Room 151, Storrs, CT 06269-4060, USA']"
1999,Molecules,"['Advanced Chemistry Development Inc., 133 Richmond Street West, Suite 605, Toronto, Ontario, M5H 2L3 Canada', 'ACD, Inc., ul. Akademika Bakuleva, 6, str. 1, Moscow 117513 Russia']"
1999,Molecules,"['Bio-Organic Division, Bhabha Atomic Research Centre, Mumbai – 400 085, India']"
1999,Molecules,"['Laboratoire de chimie organique et physique, Université Mohamed 1er, Faculté des sciences, Oujda, Maroc', 'Laboratoire des réactions sélectives sur supports, CNRS, UA 478, ICMO, Université Paris XI, bâtiment 410, 91405 Orsay cédex, France']"
1999,Molecules,"['Laboratoire de chimie organique et physique, Université Mohamed 1er, Faculté des sciences, Oujda, Maroc', 'Laboratoire des réactions sélectives sur supports, CNRS, UA 478, ICMO, Université Paris XI, bâtiment 410, 91405 Orsay cédex, France']"
1999,Molecules,"['Laboratoire de chimie organique et physique, Université Mohamed 1er, Faculté des sciences, Oujda, Maroc', 'Laboratoire des réactions sélectives sur supports, CNRS, UA 478, ICMO, Université Paris XI, bâtiment 410, 91405 Orsay cédex, France']"
1999,Molecules,"[""Laboratoire de Chimie d'Activation Molulaire, Faculté des Sciences d'Oujda, Université Mohamed Ier, Route Sidi Maafa, 60000 Oujda, Maroc""]"
1999,Molecules,"[""Laboratoire de Chimie d'Activation Molulaire, Faculté des Sciences d'Oujda, Université Mohamed Ier, Route Sidi Maafa, 60000 Oujda, Maroc""]"
1999,Molecules,"['Department of Applied Chemistry, South China University of Technology, Guangzhou 510640, P. R. China', 'Department of Physics, South China University of Technology, Guangzhou 510640, P. R. China']"
1999,Molecules,"['Depart of Pharmaceutical Chem., Faculty of Pharmacy, University of Salamanca, Av. Campo Charro s/n 37007-Salamanca. Spain']"
1999,Molecules,"['Department of Organic Chemistry, Masaryk University, 611 37 Brno, Czech Republic']"
1999,Math. Comput. Appl.,"['Pamukkale University, Camlik-20017, Denizli, Turkey', 'Azerbaijan National Aerospace Agency. Azadliq av. 159, Baku, Azerbaijan']"
1999,Math. Comput. Appl.,"['Rensselaer Polytechnic Institute, Department of Mechanical Engineering, Aeronautical Engineering &amp; Mechanics, Troy, NY 12180']"
1999,Math. Comput. Appl.,"['Mechanics of Materials Laboratory &amp; Computational Mechanics Laboratory Mechanical Engineering, Aeronautical Engineering and Mechanics Department Rensselaer Polytechnic Institue, Troy, NY 12181, USA']"
1999,Math. Comput. Appl.,"['Karadeniz Technical University, faculty of Arts and Sciences, Department of Mathematics, 61080, Trabzon, Turkey']"
1999,Math. Comput. Appl.,"['Yıldız Technical University, Electrical &amp; Electronics Faculty, Electrical Engineering Department, 80750 Beş-İstanbul, Turkey', 'University of Hertfordshire, Faculty of Engineering &amp; Information Sc. Department of Aerospace, Mech. &amp; Civil Eng. AL10 9AB Hatfield, Herts, UK']"
1999,Math. Comput. Appl.,"['Gazi University, Faculty of Arts and \ue5afScience, 06500 Teknik Okullar, Ankara, Turkey']"
1999,Math. Comput. Appl.,"['Department of Physics, Gazi University, Beşevler 06500 Ankara, Turkey', 'Department of Computer Engineering, Çankaya University, Yülzüncüyil, Balgat 06530 Ankara Turkey', 'Chemistry Division, Argonne National Laboratory, Argonne IL 60439, USA']"
1999,Math. Comput. Appl.,"['Tubitak-MRC-ITRI-Intelligent Systems Group. P.K. 21 41470 Gebze/Kocaeli, Turkey', 'Bogazici University, Comp. Eng. Dep. Bebek 80815 Istanbul, Turkey']"
1999,Molecules,"['Department of Chemistry, Aligarh Muslim University, Aligarh-202002, India', 'Department of Chemistry (Natural Products), University of Antwerp (RUCA), Groenenborgerlaan 171, B-2020 Antwerp, Belgium']"
1999,Molecules,"['Departamento de Química, Faculdade de Ciências e Tecnologia, Universidade de Coimbra, 3000 Coimbra, Portugal']"
1999,Molecules,"['Department of Organic Chemistry, North-Ossetian State University, Vatutina 46, Vladikavkaz, 362025, Russia', 'Research Laboratory of Furan Chemistry, Kuban State Technological University, Moskovskaya 2, Krasnodar, 350072, Russia', 'Department of Organic Chemistry, Kuban State Technological University, Moskovskaya 2, Krasnodar, 350072, Russia', 'X-Ray Laboratory, Karpov Institute of Physical Chemistry, Vorontsovo pole 10, Moscow, 103064, Russia']"
1999,Molecules,"['Laboratoire de Chimie des Interactions Moléculaires (UPR 285), Collège de France, 11 Place Marcelin Berthelot, 75005 Paris, France']"
1999,Molecules,"['Molecular Diversity Preservation International (MDPI), Saengergasse 25, CH-4054 Basel (New Address: MDPI, Matthaeusstrasse 11, CH-4057 Basel), Switzerland']"
1999,Molecules,"['Departamento de Quimica Organica, Universidad de Zaragoza, E-50009 Zaragoza, Aragon, Spain']"
1999,Molecules,"['MDPI, Saengergasse 25, CH-4054 Basel, Switzerland']"
1999,Molecules,"['MDPI, Saengergasse 25, CH-4054 Basel, Switzerland']"
1999,Molecules,"['Molecular Diversity Preservation International (MDPI), Saengergasse 25, CH-4054 Basel (New Address: MDPI, Matthaeusstrasse 11, CH-4057 Basel), Switzerland']"
1999,Entropy,"['38 Vitovskogo str., apt.30, Lviv, 290012, Ukraine', '43 Volodimira Velikogo str., apt. 75, Lviv, 290053, Ukraine']"
1999,Molecules,"['Bio-Organic Division, Bhabha Atomic Research Centre, Mumbai - 400 085, India']"
1999,Molecules,"['Institut für Organische Chemie der Universität Basel, St. Johanns-Ring 19. CH-4056 Basel, Switzerland', 'Novartis Pharma AG, CH-4002 Basel, Switzerland']"
1999,Entropy,"['Department of Statistics, University of California, Riverside, CA 92521, USA']"
1999,Molecules,"['Stavropol State University, Chair of Organic Chemistry, 1 Pushkina str, 355009 Stavropol, Russia', 'Russian Mendeleev University of Chemical Technology, Chair of Organic Chemistry, 9 Miusskaya sq., 125047 Moscow, Russia']"
1999,Entropy,"['International Academy of Creative Endeavors, 36, Novy Arbat, Moscow, 121205, Russia']"
1999,Molecules,"['CNRS, Laboratoire des Plantes Medicinales, Parc Forestier de Montravel, B.P. 643 Noumea, Nouvelle-Caledonie', 'ICSN/CNRS 91198 Gif-sur-Yvette Cedex, France']"
1999,Molecules,"[""Méthodes et Valorisation de la Chimie Fine, Faculté des Sciences et Techniques de Saint Jérôme, Université d'Aix Marseille III, Avenue Escadrille Normandie-Niémen, 13397 Marseille Cédex 20, France"", ""Departamento de Cristalografía, Instituto de Química Física 'Rocasolano', Serrano, 119, E-28006 Madrid, Spain"", 'Instituto de Química Médica, CSIC, Juan de la Cierva, 3, E-28006 Madrid, Spain', 'Departament de Química, Facultat de Cienciès, Universitat Autonoma de Barcelona, E-08193 Bellaterra, Spain']"
1999,Math. Comput. Appl.,"['Gazi University, Faculty of Arts and Science, Department of Physics, 06500 Teknikokullar, Ankara, Turkey']"
1999,Math. Comput. Appl.,"['Department of Computer Engineering, Çnkaya University, 06530 Ankara, Turkey', 'Department of Mathematics, Bilkent University, 06530 Ankara, Turkey', 'Chemistry Division, Argonne National Laboratory, Argonne, IL 60439, USA']"
1999,Math. Comput. Appl.,"['Osinangazi University, Faculty of Engineering &amp; Architecture 26480 Bati Meselik, Eskisehir, Turkey']"
1999,Math. Comput. Appl.,"['Department of Physics, Gazi University, 06500 Ankara, Turkey', 'Department of Computer Engineering, Çankaya University, 06530 Ankara, Turkey', 'Chemistry Division, Argonne National Laboratory, Argonne, IL 60439, USA']"
1999,Math. Comput. Appl.,"['Erciyes University, Engineering Faculty, Control &amp; Computer Eng. Dept. 38039, Kayseri, Turkey']"
1999,Math. Comput. Appl.,"['Dumlupınar University, Dept. of Mining Eng., 43100, Kütahya, Türkiye', 'Middle East Technical University, Dept. of Mining Eng., 06571, Ankara, Türkiye']"
1999,Math. Comput. Appl.,"['University of Dicle, Medical Faculty, Department of Biophysics, 21280 Diyarbakır, Turkey', 'University of Gaziantep, Electrical and Electronics Engineering Department, 27310 Gaziantep, Turkey']"
1999,Math. Comput. Appl.,"['Selçuk University, Technical Education Faculty, Electronical and Computer Education Department, Campus, 42031, Konyal, Turkey']"
1999,Math. Comput. Appl.,"['Space Power Institute, 231 Leach Center, Auburn University, AL 36849-5320', 'Textile Engineering Department, Auburn University, AL 36849-5327']"
1999,Molecules,"['Department of General Chemistry, University of Gdansk, Sobieskiego 18, 80-952 Gdansk, Poland']"
1999,Molecules,"['Institute of Chemistry, Faculty of Natural Sciences, Comenius University, Mlynska dolina CH-2, SK- 842 15 Bratislava, Slovakia']"
1999,Molecules,"['Institute of Chemistry, Faculty of Natural Sciences, Comenius University, Mlynska dolina CH-2, SK- 842 15 Bratislava, Slovakia', 'Department of Organic Chemistry, Faculty of Natural Sciences, Comenius University, Mlynska Dolina, SK - 842 15 Bratislava, Slovakia']"
1999,Entropy,"['Department of Chemical Information Technology, Technical University of Budapest, Szt. Gellért tér 4, Budapest, H-1111, Hungary', 'Novartis Institute for Biomedical Research, 556 Morris Ave, Summit, NJ 07901, USA']"
1999,Molecules,"['Current address: Department of Chemistry, The City College of CUNY, Convent Avenue at 138th Street, New York, NY 10031, USA', 'Current address: Department of Chemistry and Environmental Engineering, Beijing Polytechnic University, Beijing 100022, P. R. China']"
1999,Molecules,"['Department of Chemistry, KyungSung University, Pusan 608-736, Korea', 'Department of Chemistry, U-60, Rm. 151, 215 Glenbrook Rd. University of Connecticut, Storrs, Connecticut, 06269-4060, USA']"
1999,Molecules,"['Research Laboratory of Furan Chemistry, Kuban State Technological University, Moskovskaya 2, Krasnodar, 350072, Russia', 'Department of Organic Chemistry, North Ossetian State University, Vatutina 46, Vladikavkaz, 362025, Russia']"
1999,Molecules,"['Faculty of Science, Northern Territory University, Darwin, N.T. 0909, Australia']"
1999,Molecules,"['Department of Chemistry and Biochemistry, South Dakota State University, Box 2202, Brookings, South Dakota 57007, USA', 'Departament de Química Física, Facultat de Química, Universitat de València, Dr. Moliner 50, E-46100-Burjassot (València), Spain']"
1999,Entropy,"['Molecular Diversity Preservation International (MDPI), Matthaeusstrasse 11, CH-4057 Basel, Switzerland']"
1999,Molecules,"['Department of Chemistry and Biochemistry, South Dakota State University, Box 2202, Brookings, South Dakota 57007, USA']"
1999,Molecules,"['Department of Chemistry, University of Wisconsin-Milwaukee, Milwaukee, WI 53201, USA']"
1999,Molecules,"['School of Chemistry, University of Bristol, Bristol BS8 1TS, UK']"
