Year,Journal,Affiliations
2006,Int. J. Environ. Res. Public Health,"['Department of Environmental Sciences and Engineering, School of Public Health, University of North Carolina at Chapel Hill, Chapel Hill, NC 27599, USA']"
2006,Int. J. Environ. Res. Public Health,"['Department of Civil Engineering, Faculty of Engineering, J.N.V. University Jodhpur (Rajasthan), India 342011', 'Department of Respiratory Diseases &amp; Tuberculosis, Dr. S. N. Medical College, Jodhpur, India 342011']"
2006,Int. J. Environ. Res. Public Health,"['Department of Chemistry, Jackson State University, Jackson, MS 39217, USA', 'National Center for Toxicological Research, Jefferson, AR 72079, USA', 'Department of Pharmacology and Toxicology, School of Medicine, University of Puerto Rico, San Juan, Puerto Rico 00935']"
2006,Int. J. Environ. Res. Public Health,"['Programa de Seguridad Química, Instituto de Ciencias Ambientales y Salud (ICAS), Fundación PROSAMA, Paysandú 752, (1405) Buenos Aires, Argentina']"
2006,Int. J. Environ. Res. Public Health,"['U.S. Geological Survey, Mail Stop 956, Reston, VA 20192 USA and Ulli G. Limpitlaw, Earth Sciences, University of Northern Colorado, Greeley, CO 80639, USA']"
2006,Int. J. Environ. Res. Public Health,"['Department of Biochemistry, B.L.D.E.A’s Shri B. M. Patil Medical College, Bijapur, Karnataka, Pin-586103, India', 'Department of Physiology, Al Ameen Medical College, Bijapur, Karnataka, Pin-586108, India']"
2006,Int. J. Environ. Res. Public Health,"['Department of Biological Sciences, Tennessee State University, Nashville, TN 37209, USA', 'Department of Microbiology, Meharry Medical College, Nashville, TN 37208, USA']"
2006,Int. J. Environ. Res. Public Health,"['Division of Physics and Biophysics, Department of Molecular Biology, University of Salzburg, A-5020 Salzburg, Austria', 'International Laboratory for Air Quality and Health Queensland University of Technology, QLD 4001, Brisbane, Australia']"
2006,Sci. Pharm.,"['Istanbul University, Faculty of Pharmacy, Department of Pharmacognosy, Beyazıt, 34116 Istanbul-Turkey', 'Hacettepe University, Faculty of Science, Department of Biology, Beytepe, 06532 Ankara-Turkey']"
2006,Sci. Pharm.,"['Department of Pharmaceutics, College of Pharmacy, King Saud University. P.O. Box 2457 Riyadh 11451, Saudi Arabia']"
2006,Sci. Pharm.,"['Istanbul University, Faculty of Pharmacy, Department of Pharmacognosy, Beyazıt, 34116 Istanbul-Turkey', 'Hacettepe University, Faculty of Science, Department of Biology, Beytepe, 06532 Ankara-Turkey']"
2006,Sensors,"['Environmental Science and Engineering Institute, Guangzhou University, 510006, Guangzhou, China']"
2006,Molecules,"['State Key Laboratory of Phytochemistry and Plant Resources in West China, Kunming Institute of Botany, The Chinese Academy of Sciences, Kunming 650204, Yunnan, P.R. China', 'Graduate School of Chinese Academy of Sciences, Beijng 100039, P.R. China', 'Key Laboratory for Conservation and Utilization of Bioresources, Yunnan University, Kunming, Yunnan 650091, P. R. China']"
2006,Molecules,"['Department of Chemistry, Kakatiya University, Warangal – 506 009, India']"
2006,Molecules,"['State Key Laboratory of Drug Research, Shanghai Institute of Materia Medica, Shanghai Institute for Biological Sciences, Chinese Academy of Sciences, 555 Zuchongzhi Road, Shanghai 201203, P.R. China', 'The National Center for Drug Screening, 189 Guoshoujing Road, Shanghai 201203, P.R. China']"
2006,Sensors,"['Physical and Materials Electrochemistry Laboratory, School of Chemistry, University of Dublin, Trinity College, Dublin 2, Ireland']"
2006,Molecules,"['Key Laboratory of Bioorganic Phosphorus Chemistry &amp; Chemical Biology (Ministry of Education),Department of Chemistry, Tsinghua University, Beijing 100084, P.R. China']"
2006,Sensors,"['Physical and Materials Electrochemistry Laboratory, School of Chemistry, University of Dublin, Trinity College, Dublin 2, Ireland']"
2006,Int. J. Mol. Sci.,"['Shanghai Institute of Applied Physics, Chinese Academy of Sciences, P.O. Box 800-204, Shanghai 201800, China', 'Institute of Atomic and Molecular Physics, Anhui Normal University, Wuhu 241000, P.R. China', 'Graduate University of Chinese Academy of Sciences, Beijing 100049, P.R. China']"
2006,Int. J. Mol. Sci.,"['Systems Microbiology Research Center, KRIBB, Daejeon 305-806, Korea', 'Department of Biomicrosystem Technology, Korea University, Seoul 136-701, Korea', 'Department of Chemical and Biological Engineering, Korea University, Seoul 136-701, Korea']"
2006,Int. J. Mol. Sci.,"['Systems Microbiology Research Center, KRIBB, Daejeon 305-806, Korea', 'Department of Biomicrosystem Technology, Korea University, Seoul 136-701, Korea', 'Department of Chemical and Biological Engineering, Korea University, Seoul 136-701, Korea']"
2006,Molecules,"['Dipartimento Farmaco Chimico Tossicologico, Università di Sassari, Via Muroni 23/A, 07100 Sassari, Italy', 'Dipartimento di Chimica, Università di Sassari and local INSTM Research Unit, Via Vienna 2, 07100 Sassari, Italy']"
2006,Molecules,"['Departamento de Química Orgánica,Universidad de Salamanca, Plaza de los Caídos 1-5, 37008 Salamanca, Spain']"
2006,Sensors,"['Shanghai Key Laboratory of Molecular Catalysis and Innovative Materials, Department of Chemistry, Fudan University, Shanghai 200433, P.R. China', 'Department of Chemistry, University of Science and Technology of Suzhou, Suzhou 215011, P.R. China']"
2006,Molecules,"['College of Materials Science and Engineering, South China University of Technology, Guangzhou 510641, China', 'Guanghua College of Stomatology, Institute of Stomatology, Sun Yat-sen University, Guangzhou 510060, China']"
2006,Sensors,"['Mail Stop F600, Los Alamos National Laboratory, Los Alamos NM 87545, USA']"
2006,Molecules,"['Department of Chemistry, CICECO, University of Aveiro, 3810-193 Aveiro, Portugal', 'Department of Chemistry, University of Cambridge, Lensfield Road, CB2 1EW, Cambridge, UK']"
2006,Math. Comput. Appl.,"['Faculty of Mechanical Engineering, Istanbul Technical University, 34439 Gumussuyu, Istanbul, Turkey']"
2006,Math. Comput. Appl.,"['Mersin University, Department of Mechanical Engineering, Çiftlikköy, 33343, Mersin, Turkey', 'West Virginia University, Department of Mechanical and Aerospace Engineering, Morgantown, WV 26506-6106, USA']"
2006,Math. Comput. Appl.,"['Department of Technical Programmes, Denizli Vocational College, Pamukkale University, 20159 Denizli, Turkey']"
2006,Math. Comput. Appl.,"['Department of Electronics and Computer Education, Selçuk University, Konya, 42075, TURKEY', 'Department of Electrical and Electronics Engineering, Selçuk University, Konya, 42031, TURKEY']"
2006,Math. Comput. Appl.,"['Department of Statistics, National Taichung Institute of Technology, Taichung 404, Taiwan, R.O.C.', 'Department of Information Management, National Taichung Institute of Technology, Taichung 404, Taiwan, R.O.C.']"
2006,Math. Comput. Appl.,"['Fatih University, Graduate Institute of Sciences and Engineering &amp; Department of Industrial Engineering B. Çekmece, Istanbul 34500, Turkey']"
2006,Math. Comput. Appl.,"['University of Fırat, Faculty of Technical Education, Department of Metal, 23119 Elazıg, Turkey']"
2006,Molbank,"['Institute of Chemistry, University of Podlasie, ul. 3 Maja 54, 08-110 Siedlce, Poland']"
2006,Molbank,"['Department of Drug Synthesis, Faculty of Life Sciences, University of Vienna, Althanstrasse 14, A-1090 Vienna, Austria']"
2006,Molbank,"['Departamento de Investigación en Polímeros y Materiales. Universidad de Sonora. Apartado Postal 130, Col Centro.83000. Hermosillo, Sonora, México', 'Centro de Investigaciones Químicas, Universidad Autónoma del Estado de Morelos. 62209. Cuernavaca, Morelos, México']"
2006,Molbank,"['Department of Biotechnology, GM Institute of Technology, Davangere-577 006, Karnataka, India', 'Department of Industrial Chemistry, School of Chemical Sciences, Kuvempu University, Shankaraghatta-577 451, Shimoga, Karnataka, India']"
2006,Molbank,"['Department of Chemistry, Central College Campus, Bangalore University, Bangalore-560001, India']"
2006,Molbank,"['Department of Chemistry, Central College Campus, Bangalore University, Bangalore-560001, India']"
2006,Molbank,"['ACentre for Biophotonics and Laser Science, School of Physical Sciences, The University of Queensland, Brisbane, Queensland 4072, Australia', 'School of Molecular and Microbial Sciences, The University of Queensland, Brisbane, Queensland 4072, Australia', 'School of Pharmacy, The University of Queensland, Brisbane, Queensland 4072, Australia']"
2006,Molbank,"['Institute of New Drug Research, Jinan University College of Pharmacy, Guangzhou 516032, China']"
2006,Molbank,"['Institute of New Drug Research, Jinan University College of Pharmacy, Guangzhou 516032, China']"
2006,Molbank,"['Institute of Applied Synthetic Chemistry, Vienna University of Technology, Getreidemarkt 9/163, A-1060 Vienna, Austria']"
2006,Molbank,"['Fachbereich Chemie, Konstanz University D-78457 Konstanz/ Germany']"
2006,Molbank,"['1Department of Chemistry, Obafemi Awolowo University, Ile-Ife, Nigeria', '2Fachbereich Chemie, Konstanz University D-78457 Konstanz/ Germany']"
2006,Molbank,"['1Department of Chemistry, Obafemi Awolowo University, Ile-Ife, Nigeria', 'Fachbereich Chemie, Konstanz University D-78457 Konstanz/Germany']"
2006,Molbank,"['Laboratoire de Chimie des Substances Naturelles, Université Cadi Ayyad, Faculté des Sciences Semlalia, B.P: 2390. Marrakech. Maroc']"
2006,Molbank,"['Laboratoire de Chimie des Substances Naturelles, Université Cadi Ayyad, Faculté des Sciences Semlalia, B.P: 2390. Marrakech. Maroc']"
2006,Molbank,"['Laboratoire de Chimie des Substances Naturelles, Université Cadi Ayyad, Faculté des Sciences Semlalia, B.P: 2390. Marrakech. Maroc']"
2006,Molbank,"['Laboratoire de Chimie des Substances Naturelles, Université Cadi Ayyad, Faculté des Sciences Semlalia, B.P: 2390. Marrakech. Maroc']"
2006,Molecules,"['Laboratorio de Química Orgánica y Farmacéutica, Facultad de Farmacia, Campus Miguel de Unamuno, 37007 Salamanca, Spain']"
2006,Int. J. Mol. Sci.,"['Chemistry Department, West University of Timisoara, Pestalozzi Street No.16, Timisoara, RO- 300115, Romania', 'Clinic of Preventive Cardiology and Cardiovascular Rehabilitation, University of Medicine and Pharmacy “Victor Babes” Timisoara, B-dul C.D. Loga 49, RO-300020, Romania', 'Faculty of Pharmacy, University of Medicine and Pharmacy “Victor Babes” Timisoara, Bd. Eftimie Murgu No. 2, Timisoara, RO-300041, Romania', 'Faculty of Chemistry, “Politehnica” University Timisoara, PiaNa Victoriei no. 2, Timisoara, RO- 300006, Romania', 'Institute of Chemistry “Coriolan Dragulescu” of the Romanian Academy, Bd. Mihai Viteazul No. 24, RO-300223, Timisoara, Romania']"
2006,Molecules,"['Department of Drug Synthesis, Faculty of Life Sciences, University of Vienna, Althanstrasse 14, 1090 Vienna, Austria']"
2006,Sensors,"['Faculty of Technology, 16000 Leskovac, Bul. oslobođenja 124, Serbia', 'Faculty of Agriculture, 11080 Belgrade-Zemun, St. Nemanjina 6, Serbia', 'Faculty of Technology, 56000 Zvornik, Karakaj bb, Srpska Republic, Bosnia and Herzegovina']"
2006,Sensors,"['Mail Stop F600, Los Alamos National Laboratory, Los Alamos NM 87545, USA']"
2006,Int. J. Mol. Sci.,"['Systems Microbiology Research Center, KRIBB, Daejeon 305-806, Korea', 'Department of Biomicrosystem Technology, Korea University, Seoul 136-701, Korea', 'Department of Chemical and Biological Engineering, Korea University, Seoul 136-701, Korea']"
2006,Int. J. Mol. Sci.,"['Institute of Clinical Pharmacology, Anhui Medical University, Hefei 230032, Anhui, P.R.China', 'Laboratory of Molecular Biology and Department of Biochemistry, Anhui Medical University, Hefei 230032, Anhui, P.R.China', 'Department of Respiratory Disease, Anhui Medical University, Hefei 230032, Anhui, P.R.China', 'Anhui Province Key Laboratory of Genomic Research and the Key Laboratory of Gene Resource Utilization for Severe Disease (Anhui Medical University ), Ministry of Education P.R.China, Hefei 230032, Anhui, P.R.China']"
2006,Sensors,"['Faculty of Technology, 16000 Leskovac, Bul. oslobodenja 124, Serbia', 'Faculty of Agriculture, 11080 Belgrade-Zemun, St. Nemanjina 6, Serbia', 'Faculty of Technology, 56000 Zvornik, Karakaj bb, Srpska Republic, Bosnia and Herzegovina']"
2006,Sensors,"['University of Orebro, Dept. of Technology, AASS, S-70182 Orebro, Sweden', 'University of Lincoln, Dept. of Computing and Informatics, Brayford Pool, Lincoln, LN6 7TS, UK']"
2006,Int. J. Mol. Sci.,"['Faculty of Chemistry, University of Gdansk, Sobieskiego 18, PL-80-952 Gdansk, Poland']"
2006,Molecules,"['Faculty of Chemistry, Department of Inorganic Chemistry, University of Bucharest, 050107, Romania', 'Faculty of Biology, Department of Microbiology, University of Bucharest, 050107, Romania']"
2006,Sensors,"['Universität des Saarlandes, Im Stadtwald, Geb. 4.2, 66125 Saarbruecken; Germany', 'RWTH Aachen, Landoltweg 1, 52074 Aachen, Germany']"
2006,Int. J. Mol. Sci.,"['Systems Microbiology Research Center, KRIBB, Daejeon 305-806, Korea', 'Department of Biomicrosystem Technology, Korea University, Seoul 136-701, Korea', 'Department of Chemical and Biological Engineering, Korea University, Seoul 136-701, Korea']"
2006,Molecules,"['INETI - Departamento de Tecnologia de Indústrias Químicas, Estrada do Paço do Lumiar, 22, 1649-038 Lisboa, Portugal', 'Instituto Superior Técnico, Centro de Química Estrutural, Complexo I, Av. Rovisco Pais, 1049-001 Lisboa, Portugal', 'Instituto de Tecnologia Química e Biológica, Universidade Nova de Lisboa, Apartado 127, 2781-901 Oeiras, Portugal']"
2006,Sensors,"['Department of Applied Chemistry, Chia Nan University of Pharmacy and Science, 60 Erh-Jen Road, Section 1, Jen Te, Tainan 71743, Taiwan']"
2006,Molecules,"['Departamento de Química, Universidad Nacional de Colombia, Ciudad Universitaria, Carrera 30 # 45-03, Bogotá-D.C., Colombia', 'Instituto Universitario de Bio-Orgánica-Instituto de Productos Naturales y Agrobiología, Avenida Astrofísico Francisco Sánchez, 2, 38206, La Laguna, Tenerife, Spain']"
2006,Sensors,"['Building J03, School of Electrical and Information Engineering, Faculty of Engineering, University of Sydney, NSW 2006, Australia']"
2006,Sensors,"['Department of Chemistry and Chemical Engineering, Yangzhou University, Yangzhou 225002, China']"
2006,Sensors,"['Department of Chemistry and Bioengineering, Vilnius Gediminas Technical University, Sauletekio al. 11, 10223 Vilnius, Lithuania', 'Faculty of Mathematics and Informatics, Vilnius University, Naugarduko 24, LT−03225 Vilnius, Lithuania']"
2006,Sensors,"['Department of Microelectronics, Brno University of Technology, Brno, Udolni 53, CZ-602 00 Brno, Czech Republic', 'Department of Chemistry and Biochemistry, Mendel University of Agriculture and Forestry, Zemedelska 1, CZ-613 00 Brno, Czech Republic', 'Department of Theoretical and Physical Chemistry, Faculty of Science, Masaryk University, Kotlarska 2, CZ-611 37 Brno, Czech Republic']"
2006,Sensors,"['Department of Plant Biology, Faculty of Agronomy, Mendel University of Agriculture and Forestry, Zemedelska 1, CZ-613 00 Brno, Czech Republic', 'Department of Chemistry and Biochemistry, Faculty of Agronomy, Mendel University of Agriculture and Forestry, Zemedelska 1, CZ-613 00 Brno, Czech Republic', 'Department of Analytical Chemistry, Faculty of Science, Masaryk University, Kotlarska 2, CZ-611 37 Brno, Czech Republic', 'Department of Natural Drugs University of Veterinary and Pharmaceutical Sciences, Palackeho 1-3, CZ-612 42 Brno, Czech Republic', 'Department of Food Engineering and Chemistry, Faculty of Technology, Tomas Bata University, CZ-762 72 Zlin, Czech Republic']"
2006,Sensors,"['Department of Natural Drugs, University of Veterinary and Pharmaceutical Sciences, Palackeho 1-3, CZ-612 42 Brno, Czech Republic', 'Department of Chemistry and Biochemistry, Faculty of Agronomy, Mendel University of Agriculture and Forestry, Zemedelska 1, CZ-613 00 Brno, Czec Republic', 'Department of Microelectronics, Technical University of Brno, Udolni 53, CZ-602 00 Brno, Czech Republic', 'Department of Plant Biology, Faculty of Agronomy, Mendel University of Agriculture and Forestry, Zemedelska 1, CZ-613 00 Brno, Czec Republic', 'Department of Food Engineering and Chemistry, Faculty of Technology, Tomas Bata University, CZ-762 72 Zlin, Czech Republic', 'Department of Veterinary Ecology and Environmental Protection, University of Veterinary and Pharmaceutical Sciences, Palackeho 1-3, CZ-612 42 Brno, Czech Republic']"
2006,Int. J. Mol. Sci.,"['Laboratory of Computational and Structural Physical Chemistry, Chemistry Department, West University of Timisoara, Pestalozzi Street No.16, Timisoara, RO-300115, Romania', 'Laboratory of Biochemistry, Chemistry Department, West University of Timisoara, Pestalozzi Street No.16, Timisoara, RO-300115, Romania']"
2006,Molecules,"['State Key Laboratory of Applied Organic Chemistry &amp; Department of Chemistry, Lanzhou University, Lanzhou, 730000, P. R. ChinaState Key Laboratory of Applied Organic Chemistry &amp; Department of Chemistry, Lanzhou University, Lanzhou, 730000, P. R. China']"
2006,Mar. Drugs,"['Tohoku Pharmaceutical University, Aoba-ku, Sendai 981-8558, Japan', 'Department of Ocean Sciences, Tokyo University of Marine Science and Technology, Minato-ku, Tokyo 108-8477, Japan', 'The Nagoya University Museum, Chikusa-ku, Nagoya 464-8601, Japan']"
2006,Sensors,"['Departamento de Ingeniería Eléctrica y Electrónica, Universidad Pública de Navarra, Campus de Arrosadia s/n, 31006 Pamplona, Spain']"
2006,Sensors,"['Divisions of Microbiology and Medical Chemistry, Department of Experimental Medicine and Biochemical Sciences, Faculty of Medicine and Surgery, University of Rome “Tor Vergata”, Via Montpellier n°1, 00133 Rome, Italy']"
2006,Molecules,"['Department of Medicinal Chemistry, Faculty of Pharmacy and Biochemistry, A. Kovačića 1, HR-10000 Zagreb, Croatia', 'Department of Organic Chemistry, Faculty of Chemical Engineering and Technology, Marulićev trg 20, HR-10000 Zagreb, Croatia', 'Division of Molecular Medicine, Ruđer Bošković Institute, Bijenička cesta 54, HR-10000 Zagreb, Croatia', 'Rega Institute for Medical Research, Katholieke Universiteit Leuven, Minderbroedersstraat 10, B-\n3000 Leuven, Belgium']"
2006,Molecules,"['Institute of Medicinal Chemistry, School of Pharmacy, Shandong University, Jinan 250012, P.R. China', 'Instituto de Quimica Medica (CSIC), c/Juan de la Cierva, 3, 28006 Madrid, Spain']"
2006,Sensors,"['Department of Materials Science and Engineering, National Cheng Kung University, No. 1, Ta-Hsueh Road, Tainan 70101, Taiwan', 'Department of Mechanical Engineering, National Pingtung University of Science and Technology, No. 1, Shuehfu Road, Neipu, Pingtung 91201, Taiwan']"
2006,Int. J. Mol. Sci.,"['Department of Chemistry and Biochemistry, Northern Illinois University, Dekalb, Illinois 60115-2862, U.S.A.', 'Department of Chemistry, Dong-Eui University, 995 Eomgwangno, Busan-Jin-Gu, Busan 614-714, Korea']"
2006,Sensors,"['LIT3 CNR-INFM Regional Laboratory, Department of Physics, University of Bari, Bari, Italy']"
2006,Int. J. Mol. Sci.,"['Division of Chemical Process Engineering, Graduate School of Engineering, Hokkaido University, Sapporo 060-8628, Japan']"
2006,Int. J. Mol. Sci.,"['School of Medical Sciences, University of Birmingham, Edgbaston, Birmingham B15 2TT, UK']"
2006,Int. J. Mol. Sci.,"['Department of Chemistry, National Dong Hwa University, Shoufeng, Hualien 974, Taiwan', 'Department of Chemical Engineering, National Taiwan University of Science and Technology, Taipei 106, Taiwan', 'Institute of Atomic and Molecular Sciences, Academia Sinica, P. O. Box 23-166, Taipei 106, Taiwan', 'Department of Chemistry, National Taiwan University, Taipei 106, Taiwan']"
2006,Molecules,"['Department of Chemistry, Faculty of Science, Chiang Mai University, Chiang Mai, 50200, Thailand', 'Department of Soil Science and Conservation, Faculty of Agriculture, Chiang Mai University, Chiang Mai, 50200, Thailand']"
2006,Molecules,"['Istituto di Chimica Biomolecolare, CNR, Via Campi Flegrei 34, I 80078-Pozzuoli (Na), Italy', 'Centro Ecologia Quimica Agricola, Universidad Politecnica Valencia, Campus de Vera, Correos 22012- 46071 Valencia, Spain', 'National Institute of Oceanography, CSIR, Dona Paula, 403 004 Goa, India']"
2006,Sensors,"['Sensors Research Unit, Department of Chemistry, Faculty of Science, Chulalongkorn University, Phayathai Road, Patumwan, Bangkok, 10330, Thailand', 'Department of Chemistry, Faculty of Science, Srinakharinwirot University, Bangkok, 10110, Thailand']"
2006,Molecules,"['Departamento de Química Orgánica, Universidad de Salamanca, Plaza de los Caídos 1-5, 37008 Salamanca, Spain']"
2006,Sensors,"['Faculty of Mechanical Engineering, University of Maribor, Smetanova 17, 2000 Maribor, SloveniaFaculty of Mechanical Engineering, University of Maribor, Smetanova 17, 2000 Maribor, Slovenia']"
2006,Entropy,"['Professional Training Institute, Saïd Otba, 30 000 Ouargla-Algeria', 'Faculty of Sciences and Engineering Sciences, University of Ouargla, 30 000 Ouargla- Algeria']"
2006,Molecules,"['Laboratoire des Matériaux Organiques et Hétérochimie, Département de Chimie, Université de Tébessa, 12000 Tébessa, Algeria']"
2006,Molecules,"['Guangdong Key Laboratory of Marine Materia Medica, South China Sea Institute of Oceanology, Chinese Academy of Sciences, 164 West Xingang Road, Guangzhou, 510301, P.R. China', 'Hainan Key Lab of Tropical Marine Biotechnology, Chinese Academy of Science, Sanya, 572000, P.R. China']"
2006,Molecules,"['Iowa State University Department of Chemistry, Ames, IA 50011, USA', 'Iowa State University Department of Genetics, Development and Cell Biology, Ames, IA 50011, USA']"
2006,Sensors,"['Department of Physics, University of South Florida, Tampa, FL 33620, USA']"
2006,Sensors,"['School of Bioprocess Engineering, Northern Malaysia University College of Engineering, 01000 Kangar, Perlis, Malaysia', 'School of Pharmaceutical Sciences, Universiti Sains Malaysia, 11800 Penang, Malaysia']"
2006,Sensors,"['Department of Chemistry, St. Petersburg State University, 198904 St. Petersburg, Russia', 'Institute of Chemistry and Biochemistry, Inorganic and Analytical Chemistry, Free University of Berlin, Fabeckstrasse 34/36, D-14195 Berlin, Germany']"
2006,Molecules,"['Department of Chemistry, Institute for Basic Sciences, College of Natural Sciences, Chungbuk\nNational University, Cheongju 361–763, Chungbuk, South Korea', 'Department of Medicinal Chemistry, School of Pharmacy, University of Mississippi, P.O. Box 1848,\nUniversity, Mississippi 38677–1848, USA']"
2006,Sensors,"['Center for Photonics Technology, Virginia Polytechnic Institute and State University, 460 Turner Street, Suite 303, Blacksburg, Virginia 24061, USA']"
2006,Sensors,"['Department of Analytical Chemistry, Faculty of Sciences, University of Málaga, Campus Teatinos s/n, 29071 Málaga, Spain']"
2006,Sensors,"['College of Chemistry and Molecular Engineering, Qingdao University of Science and Technology, Qingdao 266042, P.R. China']"
2006,Mar. Drugs,"['MDPI, Matthaeusstrasse 11, CH-4057 Basel, Switzerland']"
2006,Sensors,"['Department of Analytical Chemistry, Faculty of Chemistry, University of Murcia, 30071 Murcia, Spain']"
2006,Sensors,"['Sensor Electronic &amp; Instrumentation Group, Faculty of Sciences, Physics Department, University Moulay Ismaïl, B.P. 11201, Zitoune, Meekness, Morocco', 'MINOS, Microsystems and Nanotechnologies for Chemical Analysis, Universitat Rovira i Virgili, Avda. Països Catalans, 26, 43007 Tarragona, Spain', 'Biotechnology Agroalimentary and Biomedical Analysis Group, Faculty of Sciences, Biology Department, University Moulay Ismaïl, B.P. 11201, Zitoune, Meekness, Morocco']"
2006,Sensors,"['Deptartment of Chemical Engineering, Dong-A University, 840 Hadan-dong, Saha-gu, Pusan, 604-714 Korea']"
2006,Molecules,"['Department of Chemistry, University of Houston-Clear Lake, 2700 Bay Area Boulevard, Houston, TX 77058, U.S.A.']"
2006,Molecules,"['Departamento de Ciencias Básicas, UAM, Av. San Pablo No 180. C. P. 02200, México', 'Departamento de Química, UAM, Av. San Pablo No 180. C. P. 02200, México']"
2006,Sensors,"['Department of Physics, University of Missouri-Kansas City, Kansas City, MO 64110, USA', 'Glenn Wei, Weiss Research, Inc., 13211 Stafford Road, Suite 600, Missouri City, , TX 77489, USA']"
2006,Sensors,"['BIOMEM group, Université de Perpignan, 52 Avenue Paul Alduy, 66860 Perpignan Cedex, France', 'Department of Chemistry and Biomolecular Sciences, Clarkson University, Potsdam, NY 13699-5810, USA']"
2006,Sci. Pharm.,"['Department of Pharmaceutical Technology and Biopharmaceutics, University of Vienna, Althanstrasse 14, A-1090 Vienna, Austria']"
2006,Sci. Pharm.,"['Department of Analytical Chemistry, Faculty of Pharmacy, University of Mansoura, 35516, Mansoura, Egypt']"
2006,Sci. Pharm.,"['Istituto di Chimica Farmaceutica e Tossicologica, Università di Milano, Viale Abruzzi 42, 20131 Milano, Italy', 'Korea Research Institute of Bioscience &amp; Biotechnology, 52 Uen-Dong Yusung- Ku, Taejeon 305-600, Korea', 'Dipartimento di Chimica Organica, Università di Pavia, Via Taramelli 10, 27100 Pavia, Italy']"
2006,Int. J. Environ. Res. Public Health,"['Department of Biology, University of Puerto Rico, P.O. Box 9012, Mayagüez, PR 00681, Puerto Rico', 'Environmental Sciences Division, Oak Ridge National Laboratory, Oak Ridge, TN 37830, USA', 'Institute for Environmental Genomics and Department of Botany and Microbiology, University of Oklahoma, Norman, OK 73019, USA']"
2006,Int. J. Environ. Res. Public Health,"['Dept of Pediatrics, RNT Medical College, Krishna, 5 Charak Marg, Nr. Charak Hostel, Udaipur, India']"
2006,Int. J. Environ. Res. Public Health,"['Project Health/Jackson Heart Study, Jackson State University, 350 W. Woodrow Wilson Drive, Jackson, Mississippi, USA']"
2006,Int. J. Environ. Res. Public Health,"['Project Health/Jackson Heart Study, Jackson State University, 350 W. Woodrow Wilson Drive, Jackson, Mississippi, USA']"
2006,Int. J. Environ. Res. Public Health,"['Project Health/Jackson Heart Study, Jackson State University, 350 W. Woodrow Wilson Drive, Jackson, Mississippi, USA']"
2006,Int. J. Environ. Res. Public Health,"['Department of Preventive Medicine, School of Environment and Public Health, Wenzhou Medical College, Wenzhou City, Zhejiang, 325035, China']"
2006,Int. J. Environ. Res. Public Health,"['Department of Biological Sciences, Clark Atlanta University, Atlanta, GA 30314, USA', 'Office of the Dean, School of Computer, Mathematical and Natural Sciences, Morgan, State University, Baltimore, MD 21251, USA']"
2006,Int. J. Environ. Res. Public Health,"['Program in Atmospheric Sciences, Howard University, Washington, DC 20059, USA', 'Department of Chemistry, Howard University, Washington, DC 20059, USA', 'Department of Civil Engineering, Howard University, Washington, DC 20059, USA', 'Management &amp; Policy Sciences, University of Texas School of Public Health, Houston, TX 77030, USA']"
2006,Int. J. Environ. Res. Public Health,"['Director, Center for Advanced Infrastructure Technology (CAIT), Carrier Hall 203, The University of Mississippi, University, MS 38677-1848, USA']"
2006,Int. J. Environ. Res. Public Health,"['Stempel School of Public Health, College of Health &amp; Urban Affairs, Florida International University, 11200 SW 8th St. (HLS 595), Miami, Florida, USA', 'Ambient Environmental INC, 425 SW 17th Street, Miami, Florida, USA']"
2006,Int. J. Environ. Res. Public Health,"['World Health Organization Country Office, Andrew Mwenya/Beit Roads, P. O. Box 32346, Lusaka, Republic of Zambia, Africa']"
2006,Int. J. Mol. Sci.,"['Van ’t Hoff Institute for Molecular Sciences, University of Amsterdam, Nieuwe Achtergracht 166, 1018 WV Amsterdam, The Netherlands.']"
2006,Int. J. Mol. Sci.,"['Texas A&amp;M University at Galveston, Galveston, Texas 77553, USA', 'Department of Biochemistry and Molecular Biology, University of Texas Medical Branch, Galveston, Texas 77555-0857, USA']"
2006,Molecules,"['Department of Chemistry, Faculty of Natural Sciences, Mathematics and Education, University of\nSplit, N. Tesle 12, 21 000 Split, Croatia', 'Department of Chemistry, Faculty of Science, University of Zagreb, Horvatovac 102a, 10 000\nZagreb, Croatia']"
2006,Molecules,"['Department of Chemistry, Yasouj University, Yasouj 75914-353, Iran']"
2006,Molecules,"['Guangdong Key Laboratory of Marine Materia Medica, South China Sea Institute of Oceanology, Chinese Academy of Sciences, Guangzhou 510-301, China', 'College of Pharmacy, Pusan National University, Busan 609-735, Korea']"
2006,Sensors,"['Department of Chemistry and Chemical Engineering, Yangzhou University, Yangzhou 225002, China', 'Subei Hospital, Yangzhou 225002, China']"
2006,Int. J. Mol. Sci.,"['Department of Biochemistry and Molecular Biology, College of Life Sciences, Nanjing Agricultural University, Nanjing 210095, ChinaFood Quality Safety and Detection Research Center, ·Jiangsu Academy of Agricultural Sciences, Nanjing 210095, China', 'Food Quality Safety and Detection Research Center, ·Jiangsu Academy of Agricultural Sciences, Nanjing 210095, China']"
2006,Sensors,"['Physics Department, King Fahd University of Petroleum and Minerals, Dhahran 31261, Saudi Arabia.']"
2006,Int. J. Mol. Sci.,"['The Biophysical Schottenstein Center, Physics Department, Bar Ilan University, Ramat-Gan 52900, Israel']"
2006,Sensors,"['Instituto de Química Molecular Aplicada and Grupo de Microelectrónica Híbrida, Departamento de Ingeniería Electrónica, Universidad Politécnica de Valencia, Camino de Vera s/n, 46021, Valencia, Spain', 'Instituto de Química Molecular Aplicada and Departamento de Química, Universidad Politécnica de Valencia, Camino de Vera s/n, 46021, Valencia, Spain.', 'MINOS, Department of Electronic Engineering, University Rovira i Virgili, Avda. Països Catalans, 26, 43007 Tarragona, Spain']"
2006,Sensors,"['ETSI Informática, Universidad de Granada. C/ Periodista Daniel Saucedo s/n ,18071, Granada, Spain', 'CIEMAT. Avda. Complutense 22, 28040 Madrid, Spain', 'ETSI Informática, UNED. C/ Juan del Rosal 16, 28040, Madrid, Spain']"
2006,Molecules,"['Ghent University, Department of Organic Chemistry, Laboratory for Organic Synthesis, Krijgslaan\n281 (S4), B-9000 Gent, Belgium']"
2006,Sensors,"['Institute for Food Technology, Faculty of Agriculture, University of Belgrade, Nemanjina 6, Serbia']"
2006,Molecules,"['Department of Chemistry, ChemRoutes Corporation, Edmonton, Alberta T6E 5P8, Canada']"
2006,Molecules,"['Institute of Medicinal Plant Development, Chinese Academy of Medical Sciences &amp; Peking Union Medical College, Beijing 100094, P.R. China', 'Children’s Hospital Informatics Program at Harvard–MIT Division of Health Sciences and Technology, Children’s Hospital Boston, Harvard Medical School, Boston, MA 02115, U.S.A.', 'College of Food Science and Nutritional Engineering, China Agricultural University, Beijing 100083, P.R. China']"
2006,Molecules,"['Key Laboratory of Tea Biochemistry and Biotechnology of Ministry of Education and Ministry of Agriculture, Anhui Agricultural University, Hefei 230036, P.R. China', 'South China Botanical Garden, Chinese Academy of Sciences, Guangzhou 510650, P.R. China']"
2006,Entropy,"['Center for Physics Studies, Burghaldeweg 2, 5024 Küttigen, Switzerland']"
2006,Molecules,"['Center for Research and Development of Fine Chemicals, Guizhou University, Key Laboratory of Green Pesticide and Agricultural Bioengineering, Ministry of Education, Guiyang, 550025, P. R. China', 'Laboratory of Medicinal Chemistry, Zunyi, Medical College, 563003, Zunyi, P. R. China']"
2006,Entropy,"['Department of Physics, Quaid-i-Azam University, Islamabad 45320, Pakistan.']"
2006,Molecules,"['College of Pharmaceutical Sciences and Biotechnology, Tianjin University, Tianjin 300072, P.R. China', 'School of Agronomy, Hebei Normal University of Science &amp; Technology, Hebei Cangli, 066600, P.R. China', 'School of Pharmacy, Tianjin Medical University, Tianjin 300070, P.R. China', 'Faculty of Pharmaceutical Sciences, University of Tokushima, 770-8505, Japan']"
2006,Molbank,"['Department of Chemistry, MS 6400, One University Plaza, Southeast Missouri State University, Cape Girardeau, MO, USA']"
2006,Molbank,"['Department of Chemistry, MS 6400, One University Plaza, Southeast Missouri State University, Cape Girardeau, MO, USA']"
2006,Molbank,"['Department of Chemistry, MS 6400, One University Plaza, Southeast Missouri State University, Cape Girardeau, MO, USA']"
2006,Molbank,"['Department of Chemistry, MS 6400, One University Plaza, Southeast Missouri State University, Cape Girardeau, MO, USA']"
2006,Molbank,"['Blood-Brain Barrier Laboratory (EA 2465), IUT of Béthune, University of Artois, BP 819, 62408 Béthune, France']"
2006,Molbank,"['Blood-Brain Barrier Laboratory (EA 2465), IUT of Béthune, University of Artois, BP 819, 62408 Béthune, France']"
2006,Molbank,"['Department of Chemistry, College of Sciences, Shiraz University, Shiraz 71454, Iran', 'Department of Chemistry, The University of Arizona, Tucson, AZ 85721 USA']"
2006,Molbank,"['Laboratoire de Chimie Organique Physique, Département de Chimie , Faculté des Sciences , Université Mohammed Premier , B.P. 524, 60000 Oujda , Maroc', 'Laboratoire de Chimie des Eaux et Corrosion, Département de Chimie, Faculté des Sciences, B.P. 717, Oujda, Maroc', 'Université Mohammed Premier, Faculté Pluridisciplinaire de Nador B.P. 300, 62700 Selouane, Nador, Maroc']"
2006,Molbank,"['Laboratoire de Chimie Organique Physique, Département de Chimie , Faculté des Sciences , Université Mohammed Premier , B.P. 524, 60000 Oujda , Maroc', 'Laboratoire de Chimie des Eaux et Corrosion, Département de Chimie, Faculté des Sciences, B.P. 717, Oujda, Maroc', 'Université Mohammed Premier, Faculté Pluridisciplinaire de Nador B.P. 300, 62700 Selouane, Nador, Maroc']"
2006,Molbank,"['Laboratoire de Chimie Organique Physique, Département de Chimie , Faculté des Sciences , Université Mohammed Premier , B.P. 524, 60000 Oujda , Maroc', 'Laboratoire de Chimie des Eaux et Corrosion, Département de Chimie, Faculté des Sciences, B.P. 717, Oujda, Maroc', 'Université Mohammed Premier, Faculté Pluridisciplinaire de Nador B.P. 300, 62700 Selouane, Nador, Maroc']"
2006,Molbank,"['Laboratoire de Chimie Organique Physique, Département de Chimie , Faculté des Sciences , Université Mohammed Premier , B.P. 524, 60000 Oujda , Maroc', 'Laboratoire de Chimie des Eaux et Corrosion, Département de Chimie, Faculté des Sciences, B.P. 717, Oujda, Maroc', 'Université Mohammed Premier, Faculté Pluridisciplinaire de Nador B.P. 300, 62700 Selouane, Nador, Maroc']"
2006,Molbank,"['Department of Organic Chemistry, Faculty of Chemistry, Plovdiv University, 24 Tsar Assen str., Plovdiv, BG-4000, Bulgaria']"
2006,Molbank,"['1Laboratoire de Chimie Organique Physique, Département de Chimie, Faculté des Sciences, Université Mohamed Premier, BP 524, 60000, Oujda, Maroc', 'NASA Astrobiology Centers, Department of Chemistry, University of Arizona, Tucson, AZ 85721, USA']"
2006,Molbank,"['Laboratoire de Chimie Organique Physique, Département de Chimie, Faculté des Sciences, Université Mohamed Premier, BP 524, 60000, Oujda , Maroc', 'NASA Astrobiology Centers, Department of Chemistry, University of Arizona, Tucson, AZ 85721, USA']"
2006,Molbank,"['Department of Chemistry, College of Sciences, Shiraz University, Shiraz 71454, Iran', 'Department of Chemistry, The University of Arizona, Tucson, AZ 85721 USA', 'Laboratoire SESNAB, Faculté de St Jérôme, Case 342, Université Paul Cézanne, Av. Escadrille Normandie Niémen, 13397 Marseille cedex 20, France']"
2006,Molbank,"['Romanian Academy, “Petru Poni” Institute of Macromolecular Chemistry, Aleea Gr. Ghica Voda 41A, Iasi 700487, Romania']"
2006,Molbank,"['Laboratoire de Chimie Organique Hétérocyclique, Faculté des Sciences, Avenue Ibn Batouta, BP-1014- Rabat-Maroc']"
2006,Molbank,"['Laboratoire de Chimie Organique Hétérocyclique, Université Mohammed V-Agdal, BP: 1014 Avenue Ibn Batouta, Rabat, Maroc']"
2006,Molbank,"['Laboratoire de Chimie Organique Hétérocyclique, Université Mohammed V-Agdal, BP: 1014 Avenue Ibn Batouta, Rabat, Maroc']"
2006,Molecules,"['Ghent University, Department of Organic Chemistry, Laboratory for Organic Synthesis, Krijgslaan\n281 (S4), B-9000 Gent, Belgium']"
2006,Int. J. Mol. Sci.,"['Department of Chemistry, University of Kalyani, Kalyani-741235, India']"
2006,Sensors,"['Chemo &amp; Biosensors Group, School of Pharmacy, University of Jember, Jember 68121 Indonesia', 'Laboratory of Supramolecular Chemistry and Technology, MESA+ Research Institute for Nanotechnology, University of Twente, P.O. Box 217, 7500 AE Enschede, The Netherlands']"
2006,Sensors,"['Department of Physical Chemistry, Kharkov National University, 61077, Kharkov, Ukraine; Institute of Organic Chemistry, National Academy of Science of Ukraine, 02094, Kiev, Ukraine']"
2006,Sensors,"['Beijing National Laboratory, Organic Solids Laboratory, Institute of Chemistry, Chinese Academy of Sciences, Beijing 100080, China', 'Graduate School of Chinese Academy of Science, Beijing 100080, China']"
2006,Sensors,"['Center for Bio/Molecular Science and Engineering, Code 6900, U.S. Naval Research Laboratory, Washington, DC 20375-5320, USA', 'Division of Optical Sciences, Code 5611, U.S. Naval Research Laboratory, Washington, DC 20375-5320, USA.', 'George Mason University, 10910 University Blvd, MS 4E3, Manassas, VA 20110 USA.', 'Chemical &amp; Biomolecular Eng. Dept. Johns Hopkins University, Baltimore, MD 21218 USA']"
2006,Sensors,"['Laboratorio di Chimica Analitica, Dipartimento di Scienza dei Materiali, Università degli Studi di Lecce, Palazzina M, Via Monteroni, 73100 Lecce (Italy)', 'Dipartimento di Ingegneria dell’Innovazione, Università degli Studi di Lecce, Via Arnesano, 73100 Lecce (Italy)']"
2006,Sensors,"['Laboratoire de Chimie de Coordination CNRS, 205 route de Narbonne, 31077 Toulouse Cedex 4, France']"
2006,Sensors,"['West University of Timisoara, Faculty of Chemistry-Biology-Geography, Inorganic Chemistry Department, 16 Pestalozzi Str., Timisoara-300115 (Romania)', 'Institute of Chemistry Timisoara of Romanian Academy, 24 M. Viteazul Ave., Timisoara-300223 (Romania)']"
2006,Sensors,"['Chemistry Department, University of Pretoria, Pretoria 0002, South Africa']"
2006,Sensors,"['Marburg University, Department of Chemistry, Hans-Meerwein-Strasse, 35032 Marburg, Germany', 'Duisburg-Essen University, Institute of Organic Chemistry, Universitätsstr. 5, 45117 Essen, Germany']"
2006,Int. J. Mol. Sci.,"['State Key Bioelectronics Laboratory, Southeast University, Sipailou2#, Nanjing, 210096, P.R. China', 'Institute of Chemistry &amp; Hydrometallurgy, Jinchuan Group Co., Ltd., Lanzhou Road, Jinchang,737100, P.R.China', 'Laboratory of Separation Science and Engineering, State Key Laboratory of Biochemical Engineering, Institute of Process Engineering,Chinese Academy of Sciences, Beijing, 100080, P.R. China', 'Technical Institute of Physics and Chemistry, Chinese Academy of Science, Datun Street First 3#, Beijing, 100101, P.R. China']"
2006,Molecules,"['School of Chemistry, University College of Science, University of Tehran, P. O. Box 14155-6455, Tehran, Iran']"
2006,Molecules,"['Laboratory of Organometallic Chemistry, East China University of Science &amp; Technology, Shanghai, 200237, P.R. China', 'Department of Pharmaceutical and Biochemical Engineering, Sichuan University, Sichuan, 610065, P.R. China', 'Department of Chemistry, National Chung-Hsing University, Taichung, 402, Taiwan', 'Department of Biotechnology and Bioinformatics, Asia University, Wufeng, Taichung, 413, Taiwan', 'Wisdom Pharmaceutical Co. Ltd., Haimen, Jiangsu, 226100, P.R. China']"
2006,Molecules,"['The Noguchi Institute, Itabashi-ku, Tokyo 173-0003, Japan', 'Asahi Kasei Corporation, Fuji, Shizuoka 416-8501, Japan']"
2006,Molecules,"['Department of Medical Chemistry, Medical University, 3 Oczki St., 02-007 Warsaw, Poland']"
2006,Sensors,"['Petroleum Recovery Research Center, New Mexico Institute of Mining and Technology, Socorro, NM 87801', 'Department of Electrical and Computer Engineering, New Mexico Institute of Mining and Technology, Socorro, NM 87801', 'Department of Chemical and Materials Engineering, University of Cincinnati, Cincinnati, OH 45221, USA', 'Department of Electrical and Computer Engineering, University of Missouri-Rolla, 141 Emerson Electric Co. Hall, Rolla, MO 65409, USA']"
2006,Mar. Drugs,"['Departamento de Química, Universidad Nacional de Colombia, AA 14490 Bogotá, Colombia', 'Departamento de Química Fundamental, Facultad de Ciencias, Campus da Zapateira Universidad de A Coruña, 15071 A Coruña, Spain']"
2006,Mar. Drugs,"['Department of Pharmaceutical Sciences, South Dakota State University, Brookings, SD 57007, USA']"
2006,Sensors,"['Johns Hopkins University, Biomedical Engineering Department, Cardiac Bioelectric System Laboratory, Baltimore MD 21205, U.S.A', 'Virginia Polytechnic Institute and State University, Bradley Department of Electrical and Computer Engineering, Center for Photonics Technology, Blacksburg, Virginia 24061, U.S.A', 'Center for Quantum Information and Quantum Control, Department of Physics, University of Toronto, Toronto, Ontario, M5S, 1A7, Canada']"
2006,Entropy,"['Department of Mathematics, FPV UMB, Tajovskeho 40, 974 01 Banska Bystrica, Slovakia\nInstitute of Measurement Science, Bratislava, Slovakia\nInstitute of Mathematics and Computer Science, Banska Bystrica, Slovakia']"
2006,Sensors,"['Department of Food Science, Purdue University, 745 Agriculture Mall Dr., West Lafayette, IN, USA 47907', 'National Institute of Agricultural Engineering, RDA, 249 Seodun-dong, Suwon, Republic of Korea 441-100', 'Department of Agricultural and Biological Engineering, Purdue University, West Lafayette, IN, USA 47907']"
2006,Sensors,"['Molecular Food Microbiology Laboratory, Department of Food Science, Purdue University, 745 Agriculture Mall Dr., West Lafayette, Indiana 47907', 'United States Department of Agriculture, Agricultural Research Service, NAA Eastern Regional Research Center, 600 E. Mermaid Lane, Wyndmoor, PA 19038']"
2006,Sensors,"['Department of Biological Engineering, 240D Life Sciences Center, 1201 East Rollins Street, University of Missouri—Columbia Columbia, Missouri 65211, USA']"
2006,Molecules,"['Yıldız Technical University, Faculty of Art and Sciences, Department of Chemistry, Davutpasa Campus, 34210, Istanbul, Turkey', 'Clausthal University of Technology, Institute of Organic Chemistry, Leibnizstr. 6, D-38678 Clausthal-Zellerfeld, Germany']"
2006,Sensors,"['Virginia Polytechnic Institute and State University, Materials Science and Engineering Department and Bradley Department of Electrical and Computer Engineering, Center for Photonics Technology, Blacksburg, Virginia 24061, USA']"
2006,Entropy,"['IBM, via Shangai 53, 00144 Roma, Italy']"
2006,Molecules,"['ICMV, UMR 6226, Université de Rennes 1, Campus de Beaulieu, Bt10A 35042-Rennes, France']"
2006,Molecules,"['Institute of Organic and Polymeric Materials, National Taipei University of Technology, Taipei 106,\nTaiwan']"
2006,Int. J. Mol. Sci.,"['College of Sciences, China Agricultural University, Beijing 100094, China']"
2006,Int. J. Mol. Sci.,"['Laboratoire SEA2M, Département de Chimie, Université de Mostaganem, 27000 Mostaganem, Algeria', 'UMR CNRS 8576 Glycobiologie Structurale et Fonctionnelle, Université des Sciences et Technologies, 59655 Villeneuve d’Ascq, France']"
2006,Molecules,"['Departamento de Química Orgánica, Universidad de Valencia, 46100-Burjassot, Valencia (Spain)', 'Departamento de Química Orgánica e Inorgánica, Universidad de Oviedo, Julián Clavería 8, 33006 Oviedo (Spain)']"
2006,Int. J. Mol. Sci.,"['Molecular Diversity Preservation International (MDPI), Matthaeusstrasse 11, CH-4057 Basel, Switzerland']"
2006,Math. Comput. Appl.,"['Department of Engineering Mathematics, Faculty of Electronic Engineering Menouf 32952, Egypt']"
2006,Math. Comput. Appl.,"['Department of Engineering Mathematics, Faculty of Electronic Engineering Menouf 32952, Egypt']"
2006,Math. Comput. Appl.,"['Department of Mathematics Aligarh Muslim University Aligarh-202002, India']"
2006,Math. Comput. Appl.,"['Electrical Engineering Southern Methodist University Dallas, Texas 75275-0338, USA', 'Electrical and Computer Engineering The College of New Jersey Ewing, New Jersey 08628-0718, USA']"
2006,Math. Comput. Appl.,"['Basic and Applied Science Department, Arab Academy of Science and Technology, Po. Box 1029, Alexandria, Egypt']"
2006,Math. Comput. Appl.,"['Department of Applied Mathematics and Computational Sciences Shri G. S. Institute of Technology and Science 23, Park Road, Indore-452003, India']"
2006,Math. Comput. Appl.,"['Department of Basic and Applied Science, Arab Academy for Science and Technology, P.O. Box 1029, Alexandria, Egypt']"
2006,Sensors,"['Department of Electrical Engineering and Computer Science, Korea Advanced Institute of Science\nand Technology, 373-1 Guseong-dong, Yuseong-gu, Daejeon, South Korea', 'Department of Biological Sciences, Korea Advanced Institute of Science and Technology, 373-1\nGuseong-dong, Yuseong-gu, Daejeon, South Korea']"
2006,Sensors,"['University of Maribor, Faculty of Electrical Engineering and Computer Science, Smetanova 17, 2000\nMaribor, Slovenia']"
2006,Int. J. Mol. Sci.,"['Department of Laboratory Medicine, Faculty of Medicine, Chulalongkorn University, Bangkok 10330, Thailand']"
2006,Molecules,"['School of Pharmaceutical Engineering, Shenyang Pharmaceutical University, 103 Wenhua Road,\nShenhe District, 110016 Shenyang, Liaoning, P. R. China']"
2006,Int. J. Mol. Sci.,"['College of Science, Beijing University of Chemical technology, Beijing 100029, People’s Republic of China']"
2006,Int. J. Mol. Sci.,"['Department of Infectious Diseases, Renmin Hospital of Wuhan University, Wuhan 430060, Hubei Province, China']"
2006,Molecules,"['Institute of Chemical Sciences, Department of Organic Chemistry, P. J. Šafárik University, Moyzesova\n11, SK-040 01 Košice, Slovak Republic']"
2006,Molecules,"['Institute of Applied Ecology, Chinese Academy of Sciences, Shenyang 110016, P.R. China', 'Graduate School, Chinese Academy of Sciences, Beijing 100039, P.R. ChinaGraduate School, Chinese Academy of Sciences, Beijing 100039, P.R. China', 'Institute of Plant Protection, Chinese Academy of Agricultural Sciences, Beijing 100094, P.R. China']"
2006,Sensors,"['Faculty of Mathematics and Informatics, Vilnius University, Naugarduko 24, LT−03225 Vilnius, Lithuania', 'Institute of Mathematics and Informatics, Akademijos 4, LT−08663 Vilnius, Lithuania', 'Institute of Biochemistry, Mokslininku 12, LT−08662 Vilnius, Lithuania']"
2006,Sensors,"['Fuze Laboratory, Agency for Defense Development, Yuseong P.O. Box 35-5, Daejeon 305-600, Republic of Korea']"
2006,Molecules,"['Graduate School of Environmental Studies, Tohoku University, Aoba-ku, Sendai 980-8579, Japan', 'Division of Environmental and Applied Biology, School of Life Sciences, University of Dundee,\nDundee DD1 4HN, UK', 'National Institute for Environmental Studies, 16-2 Onogawa, Tsukuba Ibaraki 305-8506, Japan']"
2006,Sensors,"['Department of Circuits and Systems in the EUIT de Telecomunicacion at the Universidad Politecnica de Madrid (UPM), Campus Sur UPM, Ctra. Valencia km 7, Madrid 28031, Spain']"
2006,Molecules,"['Department of Chemistry, CICECO, University of Aveiro, 3810-193 Aveiro, Portugal', 'Department of Chemistry, University of Cambridge, Lensfield Road, CB2 1EW, Cambridge, UK']"
2006,Molecules,"['Department of Chemistry, Faculty of Science, Chiang Mai University, Chiang Mai, 50200, Thailand', 'Department of Chemistry, Faculty of Science, Maejo University, Chiang Mai, 50292, Thailand', 'Department of Chemistry, Faculty of Science, Silpakorn University, Nakhon Pathom, 73000, Thailand']"
2006,Int. J. Mol. Sci.,"['Department of Chemistry and Applied Chemistry, Hanyang University, Ansan-si, Gyeonggi-do 426-791, Korea.', 'Department of Chemistry and Biochemistry, Northern Illinois University, DeKalb, Illinois 60115-2862, U.S.A.']"
2006,Molecules,"['Women Students-Medical Studies &amp; Sciences Sections, Chemistry Department, College of Science,\nKing Saud University, P.O. Box 22452, Riyadh 11495, Saudi Arabia', 'Chemistry Department, College of Science, King Saud University, P.O. Box 2455, Riyadh 11451,\nSaudi Arabia']"
2006,Entropy,"['Molecular Diversity Preservation International (MDPI), Matthaeusstrasse 11, CH-4057 Basel,\nSwitzerland.', 'Director of Chemistry, Amyris Biotechnologies, Inc., 5980 Horton St., Suite 450, Emeryville CA\n94608 USA.', 'ENSTA (Ecole Nationale Supérieure de Techniques Avancées), 32 Boulevard Victor, F-75739 Paris\nCedex, France.']"
2006,Int. J. Environ. Res. Public Health,"['Civil and Environmental Engineering Department, Florida State University,2525 Pottsdamer Street, Tallahassee, FL 32310, USA', 'George &amp; Hutcheson Engineering Inc., 1967 Commonwealth Lane, Suite-2000, Tallahassee, Florida 32303, USA']"
2006,Int. J. Environ. Res. Public Health,"['Department of Pharmacology and Toxicology, School of Medicine, University of Puerto Rico, P.O. Box 365067, San Juan, Puerto Rico 00936-5067', 'National Center for Toxicological Research, Jefferson, Arkansas 72079, USA']"
2006,Int. J. Environ. Res. Public Health,"['National Center for Toxicological Research, U.S. Food and Drug Administration, Jefferson, AR 72079, USA', 'Center for Food Safety and Applied Nutrition, U.S. Food and Drug Administration, College Park, MD 20740, USA', 'Department of Chemistry, Jackson State University, Jackson, MS 39217, USA']"
2006,Int. J. Environ. Res. Public Health,"['Department of Clinical and Experimental Pharmacology, University of Adelaide Medical School and Cooperative Research Centre for Water Quality and Treatment, Adelaide, South Australia 5005']"
2006,Int. J. Environ. Res. Public Health,"['The Laboratory of Phytoceuticals, and Cancer Prevention and Therapies, Jackson State University, 1400 J. R. Lynch Street, P.O Box 18540, Jackson, MS 39217, USA', 'NIH-RCMI Center for Environmental Health, College of Science Engineering and Technology, Jackson State University, 1400 J. R. Lynch Street, P.O Box 18540, Jackson, MS 39217, USA', 'Department of Biology, Jackson State University, 1400 J. R. Lynch Street, P.O Box 18540, Jackson, MS 39217, USA']"
2006,Int. J. Environ. Res. Public Health,"['Cellomics and Toxicogenomics Research Laboratory, NIH-RCMI Center for Environmental Health, College of Science, Engineering and Technology, Jackson State University, Jackson, Mississippi 39217, USA']"
2006,Int. J. Environ. Res. Public Health,"['Molecular Toxicology Research Laboratory, NIH-RCMI Center for Environmental Health, College of Science, Engineering and Technology, Jackson State University, 1400 Lynch Street, P.O. Box 18540, Jackson, Mississippi, USA']"
2006,Int. J. Environ. Res. Public Health,"['Department of Psychology, University of Nebraska at Kearney, Kearney, NE 68849, USA']"
2006,Int. J. Environ. Res. Public Health,"['Dept. of Biology, Xavier University of Louisiana, 1 Drexel Dr., New Orleans, LA 70125, USA', 'Tulane Cancer Center SL-66, Dept. of Epidemiology, Tulane University Health Sciences Center, 1430 Tulane Ave., New Orleans, LA 70112, USA']"
2006,Molecules,"['MDPI, Matthaeusstrasse 11, CH-4057 Basel, Switzerland']"
2006,Int. J. Mol. Sci.,"['Department of chemistry, North-West university, P/Bag X2046 Mafikeng, South Africa', 'Department of chemistry, Howard University, Washington DC 20059, USA']"
2006,Int. J. Mol. Sci.,"['Center for Advanced Bioseperation Technology, Department of Chemical Engineering, Inha University, 253 Yonghyun-Dong, Nam-Ku, Incheon, 402-751, Korea']"
2006,Int. J. Mol. Sci.,"['Department of Organic Chemistry, Faculty of Pharmacy, Medical Academy of Lublin, Staszica 6, 20-081 Lublin, Poland']"
2006,Sensors,"['Centro de Astrobiología, INTA-CSIC, Carretera de Ajalvir, km. 4, Torrejón de Ardoz, 28850 Madrid, Spain']"
2006,Int. J. Mol. Sci.,"['Molecular Diversity Preservation International (MDPI), Matthaeusstrasse 11, CH-4057 Basel, Switzerland']"
2006,Molecules,"['Molecular Diversity Preservation International (MDPI), Matthaeusstrasse 11, Basel CH-4057Switzerland']"
2006,Sensors,"['Department of Materials Science and Engineering, University of Florida, Gainesville, FL 32611 USA', 'Department of Chemical Engineering, University of Florida, Gainesville, FL 32611 USA', 'Department of Electrical Engineering, University of Florida, Gainesville, FL 32611 USA']"
2006,Sensors,"['Institute for Microelectronics and Microsystems, National Council of Research, Via P. Castellino\n111, 80131 Naples, Italy', 'DIMET “Mediterranea” University of Reggio Calabria, Località Feo di Vito, 89060 Reggio Calabria, Italy']"
2006,Sensors,"['National Oceanography Centre, Empress Dock, Southampton, Hants, SO14 3ZH, UK', 'Key Laboratory of Ocean Remote Sensing, Ministry of Education, Ocean Remote Sensing Institute, Ocean University of China, 5, Yushan Road, Qingdao 266003, China']"
2006,Molecules,"['School of Life and Health Sciences, Aston University, Aston Triangle, Birmingham, B4 7ET, UK']"
2006,Molecules,"['Departamento de Química Orgánica y Bio-Orgánica, Universidad Nacional de Educación a Distancia\n(UNED), Facultad de Ciencias, Senda del Rey 9, E-28040 Madrid, Spain']"
2006,Sensors,"['Department of Chemistry, State University of New York at Binghamton, Binghamton, New York\n13902, USA', 'Watson Engineering School, State University of New York at Binghamton, Binghamton, New York 13902, USA', 'Department of Physics, State University of New York at Binghamton, Binghamton, New York 13902, USA']"
2006,Sensors,"['Institute of Applied Physics, Russian Academy of Scinces 46, Uljanov str., 603950, Nizhny Novgorod, Russia', 'National Oceanography Centre, Southampton, SO14 3ZH, UK']"
2006,Sensors,"['University of Applied Sciences Northwestern Switzerland, School of Life Sciences, Institute of\nChemistry and Bioanalytics, Gründenstrasse 40; 4132 Muttenz, Switzerland']"
2006,Molecules,"['Faculty of Medicinal and Applied Chemistry, Kaohsiung Medical University, Kaohsiung City 80708, Taiwan, ROC', 'Department of Psychiatry, Longcyuan Veterans Hospital, Pingtung 912, Taiwan', 'Instrumentation Center, College of Science, National Taiwan University, Taipei City 106, Taiwan']"
2006,Molecules,"['Department of Chemistry, Giresun Faculty of Arts and Sciences, Karadeniz Technical University, 28049, Giresun, Turkey']"
2006,Molecules,"['Department of Applied Chemistry, East China Institute of Technology, Fuzhou, 344000, Jiangxi, P. R. China', 'Zhejiang Wanli University, Ningbo, 315100, Zhejiang, P. R. China']"
2006,Molecules,"['Departamento de Química Orgánica y Bio-Orgánica, Facultad de Ciencias, UNED, Senda del Rey 9, E-28040 Madrid, Spain', ""Instituto de Química Médica (CSIC), Centro de Química Orgánica 'Manuel Lora Tamayo', Juan de la Cierva 3, E-28006 Madrid, Spain""]"
2006,Molecules,"['Departamento de Química Orgánica, Universidad de Salamanca, Plaza de los Caídos 1-5, 37008, Salamanca, Spain']"
2006,Molecules,"['Instituto de Química, Universidade de São Paulo, CP 26077, CEP 05513-970, São Paulo SP, Brazil']"
2006,Sensors,"['Departamento de Ingeniería Eléctrica y Electrónica, Universidad Pública de Navarra, Campus de Arrosadia s/n, 31006 Pamplona, Spain']"
2006,Entropy,"['20 avenue des Cottages, 69300, Caluire, France']"
2006,Sensors,"['The University of Manchester, School of Mechanical, Aerospace and Civil Engineering. PO Box 88, Manchester, UK']"
2006,Entropy,"['ITODYS (CNRS, Université Paris 7, UMR 7086), 1 rue Guy de la Brosse, 75005 Paris, France']"
2006,Entropy,"['The University of Illinois at Chicago Eye Center, 1855 W. Taylor St., Chicago, IL 60612, USA.']"
2006,Entropy,"['LSS (CNRS-Supélec-Univ. Paris 11),Supélec, Plateau de Moulon, 91192 Gif-sur-Yvette, France.']"
2006,Molecules,"['Departamento de Química Orgánica y Bio-Orgánica, Facultad de Ciencias, UNED Senda del Rey 9, E-28040 Madrid (Spain']"
2006,Molecules,"['Department of Chemistry, University of Sofia, 1 James Bouchier Avenue, Sofia 1164, Bulgaria', 'Vanderbilt University, Chemistry Department, P. O. Box 1822-B, Nashville, TN 37235, USA']"
2006,Molecules,"['School of Pharmaceutical Engineering, Shenyang Pharmaceutical University, Shenyang, 110016, P.R. China', 'Department of Medicinal Chemistry, Beijing Institute of Pharmacology and Toxicology, Beijing, 100850, P.R. China']"
2006,Molecules,"['Center for Research and Development of Fine Chemicals, Guizhou University, Key Laboratory of Green Pesticide and Agricultural Bioengineering, Ministry of Education, Guiyang, 550025, P. R. China']"
2006,Sensors,"['Faculty of Chemical Engineering, 16000 Leskovac, Bul. oslobodjenja 124, Serbia', 'Faculty of Agriculture, 11080 Belgrade-Zemun, St. Nemanjina 6, Serbia']"
2006,Molbank,"['Department of Chemistry, the University of Arizona, Tucson, AZ 85721 USA', 'Department of Chemistry, College of Sciences, Shiraz University, Shiraz 71454, Iran', 'Laboratoire SESNAB, Faculté de St Jérôme, Case 342, Université Paul Cézanne, Av. Escadrille Normandie Niémen, 13397 Marseille cedex 20, France']"
2006,Molbank,"['Laboratoire de Chimie Organique Physique, Département de Chimie, Faculté des Sciences, Université Mohamed Premier, BP 524, 60000, Oujda, Maroc']"
2006,Molbank,"['Department of Chemistry, College of Sciences, Shiraz University,Shiraz 71454, Iran']"
2006,Molecules,"['Department of Chemistry, Shahid Bahonar University of Kerman, Kerman 76175-133, Iran']"
2006,Molecules,"['Laboratorio de Síntesis Orgánica e Imagen Molecular por Resonancia Magnética, Instituto Universitario de Investigación, UNED, Facultad de Ciencias, UNED, Paseo Senda del Rey 9, E-28040 Madrid, Spain', 'Laboratorio de Resonancia Magnética, Instituto de Investigaciones Biomédicas, CSIC, Arturo Duperier 4, E-28029 Madrid, Spain']"
2006,Int. J. Mol. Sci.,"['Institute of Physical Chemistry “Ilie Murgulescu” of the Romanian Academy, Splaiul Independentei 202, 060021 Bucharest, Romania', 'Institute of Organic Chemistry “C. D. Nenitzescu” of the Romanian Academy, Splaiul Independentei 202B, Bucharest 15-256, Romania', 'National Agency for Medicinal Drugs, Aviator Sanatescu Street 48, Bucharest, Romania', 'University of Bucharest, Department of Physical Chemistry, Bulevardul Elisabeta 4-12, Bucharest, Romania', 'Texas A&amp;M University, 5007 Avenue U, Galveston, TX 77551, USA']"
2006,Entropy,"['Center for Physics Studies, Burghaldeweg 2, 5024 Küttigen, Switzerland']"
2006,Molecules,"['Molecular Diversity Preservation International (MDPI), Matthaeusstrasse 11, CH-4057 Basel, Switzerland']"
2006,Molecules,"['Dipartimento di Chimica Organica e Industriale, Università degli Studi di Milano, via Venezian 21, 20133 Milano, Italy', 'Dipartimento di Scienze dell’Ambiente e del Territorio, Università di Milano-Bicocca, p.za della Scienza 1, 20126 Milano, Italy']"
2006,Molecules,"['Vienna University of Technology – Institute of Applied Synthetic Chemistry, Getreidemarkt 9/163-OC, A-1060 Vienna, Austria']"
2006,Molecules,"['Istituto di Metodologie Chimiche, CNR, 00016 Monterotondo Stazione, Roma, Italy', 'Dipartimento S.T.A.A.M, Università degli Studi del Molise, 86100 Campobasso, Italy', 'Dipartimento di Fisica, Università di Roma ""La Sapienza"", piazz. A. Moro, 2, 00185 Roma, Italy and Istituto Nazionale per la Fisica della Materia (INFM), Unità di Roma1, Roma, Italy']"
2006,Sensors,"['Instituto de Pesquisa e Desenvolvimento (IP&amp;D), Universidade do Vale do Paraíba, Av. Shishima Hifumi 2911, CEP 12244-000, São José dos Campos, SP, Brasil', 'entro Brasileiro de Pesquisas Físicas, R. Dr. Xavier Sigaud 150, CEP 22290-180, Rio de Janeiro, RJ, Brasil']"
2006,Sensors,"['Photo- &amp; Electro-Materials Research Center, Korea Institute of Energy Research, 71-2 Jangdong Yusung, Daejeon 305-343, Korea', 'Department of Chemistry, Maharshi Dayanand University, Rohtak-124 001, India']"
2006,Molecules,"['Department of Applied Chemistry, Faculty of Textile Technology, University of Zagreb, Prilaz\nbaruna Filipovića 30, 10000 Zagreb, Croatia', 'Division of Molecular Medicine, Ruder Boskovic Institute, Bijenicka cesta 54, 10000 Zagreb,\nCroatia', 'Division of Molecular Medicine, Ruder Boskovic Institute, Bijenicka cesta 54, 10000 Zagreb,\nCroatia']"
2006,Molecules,"['Departamento de Química Fundamental, Universidade Federal de Pernambuco, 50.740-540 Recife, PE, Brazil']"
2006,Sensors,"['Department of Electronic Engineering, Kyungnam University, Masan, Korea 631-701']"
2006,Entropy,"['Department of Mechanical Engineering, Gonzaga University, Spokane, WA 99258, USA.']"
2006,Molecules,"['Department of Chemistry, Faculty of Science, Chiangmai University, Chiang Mai, 50200, Thailand', 'Department of Chemistry, Faculty of Science, Maejo University, Chiang Mai, 50292, Thailand']"
2006,Int. J. Mol. Sci.,"['Faculty of Technology and Metallurgy, The “Sv. Kiril &amp; Metodij” University, Ruger Boskovic 16, 1000 Skopje, Macedonia', 'Faculty of Agriculture, Department of Microbiology, The “Sv. Kiril &amp; Metodij” University, bul. Aleksandar Makedonski, bb, 1000 Skopje, Macedonia']"
2006,Molecules,"['Department of Chemistry, CICECO, University of Aveiro, 3810-193 Aveiro, Portugal']"
2006,Sensors,"['Department of Chemical and Biomolecular Engineering, Nanyang Technological University, 639798, Singapore', 'Department of Chemical and Environmental Engineering, University of California, Riverside, CA 92521, USA']"
2006,Molecules,"['Institute of Applied Synthetic Chemistry, Vienna University of Technology, Getreidemarkt 9, 1060 Vienna, Austria']"
2006,Molecules,"['Institute of Chemistry, Faculty of Natural Sciences &amp; Mathematics, Sts. Cyril and Methodius University, PO Box 162, 1000 Skopje, Macedonia', 'Faculty of Chemistry and Mineralogy, University of Leipzig, Johannsallee 29, D-04103 Leipzig, Germany']"
2006,Molecules,"['Center for Research and Development of Fine Chemicals, Guizhou University, Key Laboratory of Green Pesticide and Agricultural Bioengineering, Ministry of Education, Guiyang, 550025, P. R. China']"
2006,Molecules,"['Key Laboratory of Organic Optoelectronics &amp; Molecular Engineering of Ministry of Education, Beijing 100084, China', 'Key Laboratory of Bioorganic Phosphorus Chemistry of Ministry of Education, Department of Chemistry, Tsinghua University, Beijing 100084, China']"
2006,Sensors,"['Instituto de Investigación en Química Molecular Aplicada, Departamento de Quimica, Universidad Politécnica de Valencia, Camino de Vera s/n, 46022-Valencia, Spain', 'Instituto de Investigación en Química Molecular Aplicada, Departamento de Ingeniería Electrónica, Universidad Politécnica de Valencia, Camino de Vera s/n, 46022-Valencia, Spain']"
2006,Sensors,"['Faculty of Mathematics and Informatics, Vilnius University, Naugarduko 24, 03225 Vilnius, Lithuania', 'Institute of Mathematics and Informatics, Akademijos 4, 08663 Vilnius, Lithuania', 'Department of Chemistry and Bioengineering, Vilnius Gediminas Technical University, Sauletekio al. 11, 10223 Vilnius, Lithuania']"
2006,Sensors,"['UNESCO Laboratory of Environmental Electrochemistry, Department of Analytical Chemistry,\nCharles University, 128 43 Prague 2, Czech Republic', 'J. Heyrovsky Institute of Physical Chemistry, Academy of Sciences of the Czech Republic, Dolejskova 3, 182 23 Prague 8, Czech Republic']"
2006,Sensors,"['Hot Laboratory Center, Atomic Energy Authority, 13759 Cairo, Egypt', 'Aachen University of Applied Sciences Jülich Campus, Laboratory for Chemical Sensors and Biosensors, 52428 Jülich, Germany', 'Research Centre Jülich GmbH, Institute of Thin Films and Interfaces (ISG-2), 52425 Jülich, Germany']"
2006,Sensors,"['Institute of Biocybernetics and Biomedical Engineering, Polish Academy of Sciences, ul. Ks. Trojdena 4, 02-109 Warsaw, Poland']"
2006,Sensors,"['Institute of Chemistry, The Hebrew University of Jerusalem, Jerusalem 91940, Israel']"
2006,Sensors,"['Corporate Research Centre, EADS Deutschland GmbH, D-81663 München, Germany', 'Institute of Microtechnology Mainz, D-55129 Mainz, Germany']"
2006,Sensors,"['Aachen University of Applied Sciences, Jülich Campus, Laboratory for Chemical Sensors and Biosensors, Ginsterweg 1, 52428 Jülich, Germany', 'Institute of Thin Films and Interfaces (ISG-2), Research Centre Jülich GmbH, 52425 Jülich, Germany', 'AGEF e.V.-Institute, Heinrich-Heine University, 40225 Düsseldorf, Germany']"
2006,Sensors,"['chool of Electrical and Electronic Engineering, The University of Manchester, P.O. Box 88, Manchester M60 1QD, UK']"
2006,Sensors,"['Institute of Biocybernetics and Biomedical Engineering, Polish Academy of Sciences, ul. Ks. Trojdena 4, 02-109 Warsaw, Poland', 'Centro Per La Ricerca Scientifica E Tecnologia, ITCirst, Via Sommarive 18, Povo, 38050 Trento, Italy']"
2006,Sensors,"['Aachen University of Applied Sciences, Jülich Campus, Ginsterweg 1, D-52428 Jülich, Germany', 'Research Centre Jülich, Institute of Thin Films and Interfaces (ISG1), D-52425 Jülich, Germany']"
2006,Sensors,"['Tel-Aviv University, Physical Electronics Department, Ramat-Aviv, Tel-Aviv 69978, Israel', 'School of Applied Chemistry, Waseda University, Step 21, #40 31-103 Titsuka-cho, Shinjuku-ku, Tokyo, Japan']"
2006,Sensors,"['Institute of Physical and Theoretical Chemistry, University of Bonn, 53115 Bonn, Germany', 'Department of Chemistry, University of California Berkeley, Berkeley, CA 94720-1460, USA']"
2006,Sensors,"['Institute of Applied Physics, Heinrich-Buff-Ring 16, D-35392 Giessen, Justus Liebig University, Giessen, Germany', 'Institute of Inorganic and Analytical Chemistry, Heinrich-Buff-Ring 58, D-35392 Giessen, Justus Liebig University, Giessen, Germany']"
2006,Sensors,"['University of Applied Sciences Aachen, Jülich Campus, Laboratory for Chemical and Biosensors, Ginsterweg 1, 52428 Jülich, Germany', '1 University of Applied Sciences Aachen, Jülich Campus, Laboratory for Chemical and Biosensors, Ginsterweg 1, 52428 Jülich, Germany', 'Institute of Thin Films and Interfaces, Research Centre Jülich GmbH, 52425 Jülich, Germany']"
2006,Sensors,"['Institute of Inorganic Chemistry, RWTH Aachen University, Landoltweg 1, 52074 Aachen, Germany']"
2006,Sensors,"['Chair for Sensors and Solid State Ionics, Faculty of Engineering, Christian Albrechts University, Kaiserstraße 2, D-24143 Kiel, Germany']"
2006,Sensors,"['Department of Solid State Electronics, Technical University of Ilmenau, POB 100565, 98684 Ilmenau, Germany', 'UST Umweltsensortechnik GmbH, Dieselstraße 2, 98716 Geschwenda, Germany', 'Corporate Research Center Germany, EADS Deutschland GmbH, 81663 München, Germany', 'IMM Institut für Mikrotechnik Mainz GmbH, Carl-Zeiss-Strasse 18-20, 55129 Mainz, Germany']"
2006,Sensors,"['Department of Chemistry, Panjab University, Chandigarh-160014, India', 'Aachen University of Applied Sciences, Jülich Campus, Ginsterweg 1, 52428 Jülich, Germany']"
2006,Sensors,"['Aachen University of Applied Sciences, Jülich Campus, Laboratory for Chemical Sensors and Biosensors, Ginsterweg 1, 52428 Jülich, Germany', 'Institute of Thin Films and Interfaces (ISG-2), Research Centre Jülich GmbH, 52425 Jülich, Germany']"
2006,Int. J. Mol. Sci.,"['Department of Chemistry, Faculty of Arts and Sciences, Kafkas University, 36300 Kars, Turkey', 'Department of Chemistry, Faculty of Arts and Sciences, Kafkas University, 36300 Kars, Turkey']"
2006,Mar. Drugs,"['Department of Pharmacology and Therapeutics, University of Florida, College of Medicine, Gainesville, FL 32610-0267, USA', 'Department of Pharmaceutical Sciences, College of Pharmacy, Western University of Health Sciences, Pomona, CA 91766-1854, USA', 'College of Life Science and Technology, Shanghai Jiaotong University, Minhang District Shanghai, 200240, China', 'Gordon Life Science Institute, San Diego, CA 92130, USA']"
2006,Mar. Drugs,"['Department of Biology and Biochemistry, University of Bath, Bath BA2 7AY, UK', 'School of Chemistry, University of Bristol, Bristol BS8 1TS, UK']"
2006,Mar. Drugs,"['Beijing Institute of Pharmacology and Toxicology, Beijing 100850, China', 'School of Traditional Chinese Medicine, Southern Medical University, Guangzhou 510515, China', 'Beijing Institute of Biotechnology, Beijing 100071, China']"
2006,Mar. Drugs,"['Institute for Molecular Bioscience, The University of Queensland, St Lucia, 4072, QLD, Australia']"
2006,Mar. Drugs,"['Hotchkiss Brain Institute and the Department of Physiology and Biophysics, University of Calgary, 3330 Hospital Drive N.W., Calgary, Alberta, Canada']"
2006,Mar. Drugs,"['Department of Biology, Utah State University, 5305 Old Main Hill, Logan, Utah, 84322-5305, USA', 'Present address: Department of Molecular and Cellular Physiology, Stanford University, 279 Campus Drive, Beckman Center B115, Stanford, California, 94305, USA']"
2006,Mar. Drugs,"['Cognetix, Inc., 421 Wakara Way, Suite 201, Salt Lake City, UT 84108, USA', 'Department of Psychiatry and Department of Biology, University of Utah, 257 S. 1400 E., Salt Lake City, UT 84112, USA']"
2006,Mar. Drugs,"['Neurotoxin Research Group, Department of Health Sciences, University of Technology, Sydney, PO Box 123, Broadway NSW 2007, Australia', 'Institute for Molecular Bioscience, The University of Queensland, Brisbane, QLD 4072, Australia']"
2006,Mar. Drugs,"['Marine Biological Laboratory, 7 MBL Street, Woods Hole, MA 02543, USA']"
2006,Mar. Drugs,"['Department of Pharmaceutical Sciences, College of Pharmacy, Western University of Health Sciences, Pomona, California 91766, USA']"
2006,Sensors,"['Department of Biomedical Engineering, Zhejiang University, 38 ZheDa Road, Hangzhou 310027, PR China', 'Women’s Hospital, Zhejiang University, 2 Xueshi Road, Hangzhou 310006, PR China']"
2006,Entropy,"['Universität Heidelberg\npostal address: Gaiberger Str. 38, D69151 Waldhilsbach, Germany']"
2006,Sensors,"['Aachen University of Applied Sciences, Jülich Campus, Laboratory for Chemical Sensors and Biosensors, Ginsterweg 1, 52428 Jülich, Germany', 'Institute of Thin Films and Interfaces (ISG-2), Research Centre Jülich GmbH, 52425 Jülich, Germany']"
2006,Math. Comput. Appl.,"['Department of Mathematics, Zhangzhou Teachers College, Zhangzhou 363000, China']"
2006,Math. Comput. Appl.,"['Department of Business Administration, Chaoyang University of Technology, Taichung 413, Taiwan']"
2006,Math. Comput. Appl.,"['Department of Mechanical Education Technical Education Faculty, Afyon Kocatepe University TR-03200, Afyon, Turkey']"
2006,Math. Comput. Appl.,"['Department of Civil Engineering, Celal Bayar University, 45140, Muradiye, Manisa, Turkey']"
2006,Math. Comput. Appl.,"['Department of Mechanical Engineering, Celal Bayar University, 45140 Muradiye, Manisa, Turkey', 'Department of Mechanical Engineering, King Fahd University of Petroleum and Minerals, Dhahran 31261, Saudi Arabia']"
2006,Math. Comput. Appl.,"['Deparrment of Mathematics, Ege University, 35100 Bornova, Izmir, Turkey']"
2006,Math. Comput. Appl.,"['Faculty of Mechanical Engineering, Istanbul Technical University, 34439 Gumussuyu, Istanbul, Turkey']"
2006,Math. Comput. Appl.,"['Department of Mechanical Engineering, University of Gaziantep, 27310, Gaziantep, Turkey']"
2006,Molbank,"['Institute of Organic Chemistry and Technology, Cracow University of Technology, ul. Warszawska 24, PL-31155 Kraków, Poland']"
2006,Molbank,"['Institute of Organic Chemistry and Technology, Cracow University of Technology, ul. Warszawska 24, PL-31155 Kraków, Poland']"
2006,Molbank,"['Department of Chemistry, Synthetic Organic Chemistry Research Laboratory, Veer Narmad South Gujarat University, Surat-395 007 (Gujarat), India', 'Board of Radiation and Isotope Technology, Vashi Complex, Navi Mumbai-400 705 (Maharastra), India']"
2006,Molbank,"['Department of Chemistry, Synthetic Organic Chemistry Research Laboratory, Veer Narmad South Gujarat University, Surat-395 007 (Gujarat), India']"
2006,Molbank,"['Laboratoire de Chimie des Substances Naturelles et des Hétérocycles, Faculté des Sciences-Semlalia, Université Cadi Ayyad, B.P 2390 Marrakech, Maroc']"
2006,Int. J. Environ. Res. Public Health,"['Department of Natural Sciences, University of Maryland Eastern Shore, Princess Anne, Maryland 21853, USA', 'Molecular Toxicology Research Laboratory, NIH-Center for Environmental Health, College of Science, Engineering and Technology, Jackson State University, Jackson, MS 39217, USA']"
2006,Int. J. Environ. Res. Public Health,"['Department of Biological Sciences, Grambling State University, P.O. Box 887, Grambling, Louisiana, USA', 'Louisiana State University Agricultural Experiment Station, Hill Farm Research Station, 11959 Highway 9, Homer, Louisiana, USA', 'Molecular Toxicology Research Laboratory, NIH-Center for Environmental Health, College of Science, Engineering and Technology, Jackson State University, 1400 Lynch Street, P.O. Box 18540, Jackson, Mississippi, USA']"
2006,Int. J. Environ. Res. Public Health,"['Department of Biological Sciences, Grambling State University, P.O. Box 887, Grambling, Louisiana, USA', 'Louisiana State University Agricultural Experiment Station, Hill Farm Research Station, 11959 Highway 9, Homer, Louisiana, USA', 'Molecular Toxicology Research Laboratory, NIH-Center for Environmental Health, College of Science, Engineering and Technology, Jackson State University, 1400 Lynch Street, P.O. Box 18540, Jackson, Mississippi, USA']"
2006,Int. J. Environ. Res. Public Health,"['Center for Hydrology, Soil Climatology, and Remote Sensing, Department of Plant and Soil Science, P.O. Box 1208, Alabama A&amp;M University, Normal, AL 35762, USA', 'Department of Urban and Regional Planning, Jackson State University, Jackson, MS 39211, USA']"
2006,Int. J. Environ. Res. Public Health,"['Program in Atmospheric Sciences, Howard University, Washington, DC 20059, USA', 'Department of Chemistry, Howard University, Washington, DC 20059, USA']"
2006,Int. J. Environ. Res. Public Health,"['Department of Health Policy &amp; Management, School of Public Health, College of Public Service, Jackson State University, Jackson Medical Mall, 350 W. Woodrow Wilson Ave., Suite 2301-A, Jackson, Mississippi, USA']"
2006,Int. J. Environ. Res. Public Health,"['Department of Metallurgical and Materials Engineering, The University of Texas at El Paso, El Paso, TX 79968, USA', 'Department of Biological Sciences, The University of Texas at El Paso, El Paso, TX 79968, USA', 'Department of Mechanical and Industrial Engineering, The University of Texas at El Paso, El Paso, TX 79968, USA', 'Southwest Allergy and Asthma Associates, P.A., 10501 Vista del Sol, Suite 114, El Paso, TX 79925, USA']"
2006,Int. J. Environ. Res. Public Health,"['Programa de Seguridad Química, Instituto de Ciencias Ambientales y Salud, Fundación PROSAMA, Paysandú 752 (1405), Buenos Aires, Argentina. Member of Consejo Nacional de Investigaciones Científicas y Técnicas (CONICET) de la Argentina']"
2006,Int. J. Environ. Res. Public Health,"['Molecular Toxicology Research laboratory, NIH-Center for Environmental Health, College of Science, Engineering and Technology, Jackson State University, 1400 Lynch Street, Box 18540 Jackson, Mississippi 39217, USA']"
2006,Int. J. Environ. Res. Public Health,"['Department of Biology, School of Computer, Mathematical and Natural Sciences, Morgan State University, Baltimore, Maryland 21251, USA', 'Department of Chemistry , School of Computer, Mathematical and Natural Sciences, Morgan State University, Baltimore, Maryland 21251, USA']"
2006,Int. J. Environ. Res. Public Health,"['Department of Biology, School of Computer, Mathematical and Natural Sciences, Morgan State University, Baltimore, Maryland 21251, USA']"
2006,Int. J. Environ. Res. Public Health,"['Department of Environmental Engineering - Toxicological Laboratory of the Federal University of Santa Catarina, Brazil Campus Universitário, Trindade, 88040-900, Brazil', 'Department of Pharmaceutical Sciences - Toxicological Laboratory of the University of Bordeaux 2, France']"
2006,Molbank,"['Department of Medicinal Chemistry, Victorian College of Pharmacy, Monash University, 381 Royal Parade, Parkville, Victoria, 3052, Australia']"
2006,Sensors,"['Satellite Observing Systems, Church Street, Godalming, Surrey GU7 1EL UK']"
2006,Int. J. Mol. Sci.,"['International Academy of Creative Endeavors, N. N. Semenov Institute of Chemical Physics, Russian Academy of Sciences, Kosygina 4, Moscow, 117977 Russia']"
2006,Molecules,"['Balikesir University, Faculty of Arts and Sciences, Department of Chemistry, 10100, Balikesir, Turkey']"
2006,Molecules,"['Faculty of Pharmacy in Hradec Kralove, Charles University in Prague, Heyrovskeho 1203, 500 05 Hradec Kralove, Czech Republic', 'Zentiva, a.s. U Kabelovny 130, 102 37 Prague 10, Czech Republic', 'Institute of Chemistry, Faculty of Natural Sciences, Comenius University, Mlynska Dolina, 842 15 Bratislava, Slovak Republic']"
2006,Molecules,"['Institute of Physiologically Active Compounds RAS, 142432 Chernogolovka, Moscow Region, Russia', 'Chemistry Department, Moscow State University, 117234, Moscow, Russia', 'Oak Ridge National Laboratory, Oak Ridge, Tennessee, 37831-6242, USA']"
2006,Int. J. Mol. Sci.,"['Department of Chemistry, Kafkas University, TR - 36100 Kars, Turkey']"
2006,Molecules,"['Department of Chemistry and The Skaggs Institute for Chemical Biology, The Scripps Research\nInstitute, 10550 N. Torrey Pines Rd., La Jolla, California 92037, USA', 'Departamento de Química Orgánica, Universidad Autónoma de Madrid, 28049\nMadrid, Spain']"
2006,Mar. Drugs,"['Department of Pharmaceutical Sciences, South Dakota State University, Box 2202C, Brookings, SD 57007, USA', 'Department of Pharmacognosy and National Center for Natural Products Research, Research Institute of Pharmaceutical Sciences, School of Pharmacy, University of Mississippi, University, MS 38677-1848, USA', 'Kyoto Pharmaceutical University, Misasagi, Yamashina-ku, Kyoto 607-8414, Japan', 'Department of Molecular Biochemistry, Kyoto Prefectural University of Medicine, Kawaramachidori, Kamigyo-Ku, Kyoto 602-0841, Japan', 'National Center for Natural Products Research, Research Institute of Pharmaceutical Sciences, The University of Mississippi, University, MS 38677-1848, USA']"
2006,Sensors,"['Key Laboratory of Ocean Remote Sensing, Ministry of Education, Ocean Remote Sensing Institute, Ocean University of China, 5 Yushan Road, Qingdao 266003, China']"
2006,Sensors,"['IFREMER, 155 rue Jean-Jacques Rousseau, 92138 Issy-Les-Moulineaux, France', 'Centre National d’Etudes Spatiales, 18 Avenue E. Belin, 31401 Toulouse Cédex 9, France', 'Alcatel Alenia Space, 26 Avenue J.F. Champollion, BP 1187, 31037 Toulouse Cédex 1, France', 'LEGI, UMR 5519, BP 53, 38041 Grenoble Cédex 9, France']"
2006,Int. J. Mol. Sci.,"['Department of Chemistry, University of Kalyani, Kalyani – 741235, India']"
2006,Molecules,"['Institute of Chemistry, University of the Punjab, Lahore-5400, Pakistan', 'Department of Chemistry, Loughborough University, Loughborough, LE11 3TU, UK']"
2006,Molecules,"['SYNKOLA, s.r.o., SK-842 15 Bratislava, Slovakia', 'Faculty of Natural Sciences, Comenius University Bratislava, SK-84215 Bratislava, Slovakia']"
2006,Molecules,"['Departamento de Química e Centro de Química Fina e Biotecnologia, Faculdade de Ciências e\nTecnologia, Universidade Nova de Lisboa, Monte de Caparica, 2829-516 Caparica, Portugal']"
2006,Molecules,"['Faculty of Medicinal and Applied Chemistry, Kaohsiung Medical University, Kaohsiung City 80708, Taiwan', 'Department of Psychiatry, Longcyuan Veterans Hospital, Pingtung 912, Taiwan', 'Department of Pharmacy, Kaohsiung Veterans General Hospital, Kaohsiung City 807, Taiwan', 'nstrumentation Center, College of Science, National Taiwan University, Taipei City 106, Taiwan']"
2006,Molecules,"['Department of Chemistry, Faculty of Science, Chiangmai University, Chiangmai, 50200, Thailand', 'Department of Chemistry, Faculty of Science, Maejo University, Chiangmai, 50292, Thailand']"
2006,Entropy,"['NCPHEP (National Centre for Particle and High Energy Physics)\nBogdanovich Str. 153, Minsk 220040, Belarus']"
2006,Molecules,"['Laboratório de Química Bio-Orgânica, Departamento de Química, Universidade Federal de São Carlos,\nCaixa Postal 676, 13565-905 São Carlos, SP, Brazil']"
2006,Sensors,"['Direction Océanographique Spatiale, Collecte Localisation Satellites, 8-10 Rue Hermès, 31520 Ramonville St-Agne, France', 'Centre ERS d’Archivage et de Traitement, Institut Français de Recherche pour l’Exploitation de la MER/Centre de Brest, B.P. 70, 29280 Plouzané, France']"
2006,Sensors,"['CNES, 18 av. Edouard Belin, 31055 Toulouse Cedex 4, France', 'LEGOS, 14 av. Edouard Belin, 31400 Toulouse, France', 'IFREMER, 155 rue Jean Jacques Rousseau, 92138 Issy les Moulineaux, France', 'IFREMER, 155 rue Jean Jacques Rousseau, 92138 Issy les Moulineaux, FranceJPL, 4800 Oak Grove Drive, Pasadena, CA 91109, USA', 'ALCATEL SPACE, 28, av. Jean François Champollion, 31000 Toulouse, France']"
2006,Molecules,"['Department of Chemistry, Faculty of Food Technology, University J.J.Strossmayer, Franje Kuhaca 18, 31 000 Osijek, Croatia', 'F.Malnara 8, odvojak 7. 10 000 Zagreb, Croatia', 'Department of Biology, J.J.Strossmayer University, Gajev Trg 6, 31 000 Osijek, Croatia']"
2006,Sensors,"['Faculdade de Ciências, Universidade do Porto, Departamento de Matemática Aplicada, Rua do Campo Alegre, 687, 4169-007, Porto, Portugal']"
2006,Sensors,"['Collecte Localisation Satellite (CLS), 8-10 rue Hermès, 31526 Ramonville St-Agne, France', 'Centre National d’Etudes Spatiales (CNES), DCT/PO/AL BPI 2002, 18, Av. Edouard Belin 31401 Toulouse Cedex 9, France', 'European Space Agency, EO Ground Segment Department, ESA/ESRIN EOP-GOQ, Via Galileo Galilei CP64, Frascati, Italy']"
2006,Sensors,"['Ministry of Defence, Administration for Civil Protection and Disaster Relief, Vojkova cesta 61, 1000 Ljubljana, Slovenia', 'University of Maribor, Faculty of Electrical Engineering and Computer Science, Smetanova ulica 17, 2000 Maribor, Slovenia', 'ISKRAEMECO d.d, Research and Development Department, Savska loka 4, 4000 Kranj, Slovenia']"
2006,Sci. Pharm.,"['Department of Pharmacology, Theodor Bilharz Research Institute, Imbaba, 12411, Guiza, Egypt', 'Department of Pathology, Theodor Bilharz Research Institute, Imbaba, 12411, Guiza, Egypt']"
2006,Sci. Pharm.,"['Department Pharmazie – Zentrum für Pharmaforschung, Ludwig-Maximilians-Universität München, Butenandtstr. 5-13, 81377 München, Deutschland']"
2006,Sci. Pharm.,"['Department of Pharmaceutics, College of Pharmacy, King Saud University, P.O.Box 22452, Riyadh 11459, Saudi Arabia']"
2006,Sci. Pharm.,"['Pharmaceutical 2Department of Pharmaceutical Sciences, Faculty of Pharmacy, University of Jordan, Queen Rania Street, 11942 Amman-Jordan']"
2006,Sci. Pharm.,"['Dept. of Pharm. and Med. Chem. (1 Pharm. Chem. Group, 3 Pharmacol. Group) National Research Center, Dokki, Cairo, Egypt', 'Dept. of Pharm. and Med. Chem. (1 Pharm. Chem. Group, 3 Pharmacol. Group) National Research Center, Dokki, Cairo, Egypt']"
2006,Molbank,"['Laboratoire de Chimie Organique Physique, Département de Chimie, Faculté des Sciences, Université Mohamed Premier, BP 524, 60000, Oujda, Maroc']"
2006,Molbank,"['Laboratoire de Chimie Organique Hétérocyclique, Faculté des Sciences, BP 1014, Avenue Ibn Batouta, Rabat, Maroc']"
2006,Molbank,"['Laboratoire de Chimie Organique Hétérocyclique, Faculté des Sciences, BP 1014, Avenue Ibn Batouta, Rabat, Maroc']"
2006,Molbank,"['Canakkale Onsekiz Mart University, Department of Chemistry, 17020 Canakkale Turkey', 'Mersin University, Department of Chemistry, 33342 Mersin Turkey']"
2006,Molbank,"['Department of Chemistry, University of Podlasie, ul 3 Maja 54, PL-08 110 Siedlce, Poland']"
2006,Molbank,"['Department of Chemistry, University of Podlasie, ul 3 Maja 54, PL-08 110 Siedlce, Poland']"
2006,Molbank,"['Canakkale Onsekiz Mart University, Department of Chemistry, 17020, Canakkale-Turkey']"
2006,Molbank,"[""Laboratoire d'Analyses, d'Essais et d'Environnement (LAEE), Département de Chimie, Faculté des Sciences Dhar Mehraz, Université Sidi Mohamed Ben Abdellah, 30000 Fès, Morocco"", 'Institut fur Organische Chemie, J. W. Goethe-Universitat Frankfurt, Marie-Curie-Str. 11, 60439 Frankfurt/Main, Germany', 'Laboratoire d’activation moléculaire, Department of Chemistry, Faculty of Sciences, 60000 Oujda, Morocco']"
2006,Molbank,"['Laboratoire de Chimie Organique, Faculté des Sciences Dhar El Mehraz, 50000 Fès, Morocco', 'Laboratoire d’Activation Moléculaire, Faculté des Sciences, 60000 Oujda, BP 524, Morocco']"
2006,Molbank,"['Laboratoire de Chimie Organique, Faculté des Sciences Dhar El Mehraz, 50000 Fès, Morocco', '\nLaboratoire d’Activation Moléculaire, Faculté des Sciences, 60000 Oujda, Morocco']"
2006,Int. J. Mol. Sci.,"['Department of Gastroenterology, Renmin Hospital of Wuhan University, Wuhan 430060, People’s Republic of China', 'Department of General Surgery, Renmin Hospital of Wuhan University Wuhan 430060, People’s Republic of China', 'Zhangzhou Medical and Nursing Vocational School, Zhangzhou, Fujian 363000, People’s Republic of China']"
2006,Int. J. Mol. Sci.,"['College of Chemistry and Chemical Engineering, Ocean University of China, Qingdao 266003, People’s Republic of China.']"
2006,Molecules,"['Department of Chemistry, Norwegian University of Science and Technology, NTNU N-7491\nTrondheim, Norway']"
2006,Sensors,"['School of Chemistry and Chemical Engineering, Southwest University, Chongqing 400715, China']"
2006,Sensors,"['Department of Circuits and Systems in the EUIT de Telecomunicación at the Universidad Politécnica de Madrid (UPM), Campus Sur UPM, Ctra. Valencia km 7, Madrid 28031, Spain']"
2006,Mar. Drugs,"['Department of Pharmaceutical Sciences, Kyoritsu University of Pharmacy, Shibakoen, Minato-ku, Tokyo 105-8512, Japan', 'Department of Ocean Sciences, Tokyo University of Marine Science and Technology, Minato-ku, Tokyo 108-8477, Japan']"
2006,Mar. Drugs,"['Department of Pharmaceutical Sciences, Kyoritsu University of Pharmacy, Shibakoen, Minato-ku, Tokyo 105-8512, Japan', 'Department of Ocean Sciences, Tokyo University of Marine Science and Technology, Minato-ku, Tokyo 108-8477, Japan', 'Faculty of Fisheries and Marine Science, Sam Ratulangi University, Kampus Bahu, Manado 95115, Indonesia']"
2006,Mar. Drugs,"['Division of Biochemical Oncology and Immunology, Institute for Genetic Medicine, Hokkaido University, Kita-15, Nishi-7, Kita-ku, Sapporo 060-0815, Japan', 'Graduate School of Pharmaceutical Sciences, Hokkaido University, Sapporo 060-0812, Japan', 'Division of Cancer Chemotherapy, Miyagi Cancer Center Research Institute, Natori, Miyagi 981- 1293, Japan', 'Department of Life Sciences, Faculty of Bioresources, Mie University, 1577 Kurimamachiya-cho, Tsu, Mie 514-8507 Japan']"
2006,Molecules,"['Department of Chemistry and Biochemistry, San Diego State University, 5500 Campanile Drive, San\nDiego, CA, 92182, USA']"
2006,Entropy,"['High Institute of Applied Sciences and Technology, Civil Engineering Department, Avenue Omar Ibn El Khattab, 6029 Gabes, Tunisia.', 'Sfax Faculty of Sciences, Department of Physics, P.B. 802, 3018 Sfax, Tunisia.', 'Engineers National School of Gabes, Chemical and Processes Engineering Department, Avenue Omar Ibn El Khattab, 6029 Gabes, Tunisia.', 'Engineers National School of Gabes, Chemical and Processes Engineering Department, Avenue Omar Ibn El Khattab, 6029 Gabes, Tunisia.']"
2006,Int. J. Mol. Sci.,"['Ministry of Environment and Physical Planning, Drezdenska 52, Skopje, Macedonia', 'Institute of Chemistry, Faculty of Science, Arhimedova 5, Skopje, Macedonia']"
2006,Int. J. Mol. Sci.,"[""Institut Universitari de Ciència Molecular, Universitat de València, Edifici d'Instituts de Paterna, P. O. Box 22085, E-46071 València, Spain"", 'Departamento de Ciencias Experimentales, Facultad de Ciencias Experimentales, Universidad Católica de Valencia San Vicente Mártir, Guillem de Castro-106, E-46003 València, Spain']"
2006,Int. J. Mol. Sci.,"['Florida A&amp;M University, Environmental Sciences Institute, FSH Science Research Center, 1520 South Bronough Street, Tallahassee, FL 32307, USA.']"
2006,Entropy,"['Sufi Institute, P.O.Box 45195-1547, Zanjan, Iran\nand\nDepartment of Physics, Zanjan University, P.O.Box 45196-313, Zanjan, Iran.']"
2006,Molecules,"['Department of Medicinal Chemistry, School of Pharmacy, Jinan University, Guangzhou, 510632, P.R. China']"
2006,Molecules,"['Department of Polymer Science and Technology, Krakow University of Technology, ul. Warszawska 24, 31-155 Krakow, Poland']"
2006,Molecules,"['Paper and Fibre Institute (PFI), Høgskoleringen 6B, NO-7491 Trondheim, Norway', 'Department of Chemistry, Norwegian University of Science and Technology, NTNU, NO-7491 Trondheim, Norway']"
2006,Molecules,"['CQFM, Departamento de Engenharia Química, Instituto Superior Técnico, 1049-001 Lisboa, Portugal', 'REQUIMTE, Departamento de Química, Faculdade de Ciências e Tecnologia, Universidade Nova de Lisboa, 2829-516 Caparica, Portugal']"
2006,Molecules,"['Department of Organic Chemistry, Kaunas University of Technology, Radvilenu pl. 19, LT-50254 Kaunas, Lithuania', 'Institute of Biochemistry, LT-08662 Vilnius, Mokslininku 12, Lithuania']"
2006,Molecules,"['Department of Organic Chemistry, Kaunas University of Technology, LT-50270 Kaunas, Lithuania']"
2006,Molecules,"['Department of Chemistry, College of Sciences, Shiraz University, Shiraz 71454, Iran']"
2006,Molecules,"['Department of Chemistry, College of Sciences, Shiraz University, Shiraz 71454, Iran']"
2006,Molecules,"['Department of Chemistry, Kurukshetra University, Kurukshetra, Haryana 136 119, India']"
2006,Molecules,"['Department of Organic Chemistry, Faculty of Science, Masaryk University Brno, Kotlarska 2, 611 37 Brno, Czech Republic']"
2006,Molecules,"['Faculty of Chemistry, University of Belgrade, Studentski trg 12-16, POB 158, 11001 Belgrade, Serbia and Montenegro', 'IHTM Department of Chemistry, University of Belgrade, Studentski trg 12-16, POB 473, 11001 Belgrade, Serbia and Montenegro']"
2006,Molbank,"['Institute of Macromolecular Chemistry “P.Poni” Iasi, Gr.Ghica Voda, 41A, 6600 Iasi, Romania and National Research Council of Canada, 100 Sussex Dr., Ottawa, ON, K1A 0R6, Canada']"
2006,Molbank,"['Department of Drug Synthesis, University of Vienna, Althanstrasse 14, 1090 Vienna, Austria']"
2006,Molbank,"['Education Faculty, Kafkas University, 36100-Kars, Turkey', 'Fatih Education Faculty, Karadeniz Technical University, 61335-Trabzon, Turkey']"
2006,Molbank,"['Education Faculty, Kafkas University, 36100-Kars, Turkey', 'Fatih Education Faculty, Karadeniz Technical University, 61335-Trabzon, Turkey']"
2006,Molbank,"['Institute of Macromolecular Chemistry “P.Poni” Iasi, Gr.Ghica Voda, 41A, 6600 Iasi, Romania and National Research Council of Canada, 100 Sussex Dr., Ottawa, ON, K1A 0R6, Canada']"
2006,Molbank,"['Institute of Macromolecular Chemistry “P.Poni” Iasi, Gr.Ghica Voda, 41A, 6600 Iasi, Romania and National Research Council of Canada, 100 Sussex Dr., Ottawa, ON, K1A 0R6, Canada']"
2006,Molbank,"['Department of Chemistry, College of Sciences, Shiraz University, Shiraz 71454, Iran']"
2006,Molbank,"['Department of Chemistry, College of Sciences, Shiraz University, Shiraz 71454, Iran']"
2006,Molbank,"['Department of Chemistry, College of Sciences, Shiraz University,Shiraz 71454, Iran']"
2006,Molbank,"['Department of Chemistry, College of Sciences, Shiraz University, Shiraz 71454, Iran', 'Department of Chemistry, University of Arizona, Tucson, AZ 85721 USA']"
2006,Int. J. Environ. Res. Public Health,"['National Institutes of Health RCMI-Center for Environmental Health. College of Science, Engineering and Technology, Jackson State University, Jackson, Mississippi 39217, USA']"
2006,Mar. Drugs,"['Instituto de Química de São Carlos, Universidade de São Paulo, CP 780, CEP 13560-970, São Carlos, SP, Brazil', 'Alfred-Wegener-Institut für Polar- und Meeresforschung in der Helmholtz-Gemeinschaft, Am Handelshafen 12,D-27570 Bremerhaven, Germany', 'Museu Nacional, Universidade Federal do Rio de Janeiro, Quinta da Boa Vista, s/n, 20940-040, Rio de Janeiro, RJ, Brazil']"
2006,Sensors,"['AGH University of Science and Technology, Department of Electronics, al. Mickiewicza 30, 30-059 Krakow, Poland']"
2006,Sensors,"['AGH University of Science and Technology, Department of Electronics, al. Mickiewicza 30, 30-059 Krakow, Poland']"
