Year,Journal,Affiliations
2004,Molecules,"['Institut Universitari de Ciència Molecular, Universitat de València, Dr. Moliner 50, E-46100 Burjassot, Spain']"
2004,Molecules,"['The Rugjer Bošković Institute, Bijenička 54, P.O.B. 180, HR-10002 Zagreb, Croatia', 'Department of Chemistry, Agricultural Institute, HR-43260 Križevci, Croatia']"
2004,Molecules,"['Institute of Chemistry of Plant Substances, Academy of Sciences of the Republic of Uzbekistan,\nKh. Abdullaev Str., 77, Tashkent, 700170, Uzbekistan', 'Chemistry Department, National University of Uzbekistan named after Mirzo Ulugbek, Vuzgorodok\nTashkent, 700174, Uzbekistan']"
2004,Molecules,"['National Institute of Chemistry, Ljubljana, Slovenia and 3225 Kingman Rd. Ames, IA 50014, USA', 'Department of Chemistry and Chemical Technology, The University of Ljubljana, 1000 Ljubljana, Aškerčeva 5, Slovenia', 'Natural Resources Research Institute, 5013 Miller Trunk Hwy, Duluth, MN, USA']"
2004,Molecules,"['Faculty of Chemistry and Chemical Technology, University of Ljubljana, Aškerčeva 5, 1000\nLjubljana, Slovenia', 'National Institute of Chemistry, Hajdrihova 19, 1000 Ljubljana, Slovenia', 'Texas A&amp;M University at Galveston, 5007 Avenue U, Galveston, TX 77551, USA']"
2004,Molecules,"['Department of Organic Chemistry, Institute of Chemistry, University of Silesia, PL-40-006 Katowice Poland']"
2004,Molecules,"['Department of Pharmacy, Faculty of Chemical-Pharmacy, Central University of Las Villas, Santa Clara, 54830, Villa Clara, Cuba', 'Department of Drug Design, Chemical Bioactive Center, Central University of Las Villas, Santa Clara, 54830, Villa Clara, Cuba', 'Department of Microbiology, Chemical Bioactive Center, Central University of Las Villas, Santa Clara, 54830, Villa Clara, Cuba', 'INIFTA, División Química Teórica, Suc.4, C.C. 16, La Plata 1900, Buenos Aires, Argentina', 'Institut Universitari de Ciència Molecular, Universitat de València, Dr. Moliner 50, E-46100 Burjassot (València), Spain']"
2004,Molecules,"['Department of Pharmacy, Faculty of Chemical-Pharmacy, Central University of Las Villas, Santa Clara, 54830, Villa Clara, Cuba', 'Department of Drug Design, Chemical Bioactive Center, Central University of Las Villas, Santa Clara, 54830, Villa Clara, Cuba', 'Applied Chemistry Research Center, Central University of Las Villas, Santa Clara, 54830, Villa Clara, Cuba', 'Institut Universitari de Ciència Molecular, Universitat de València, Dr. Moliner 50, E-46100 Burjassot (València), Spain', 'INIFTA, División Química Teórica, Suc.4, C.C. 16, La Plata 1900, Buenos Aires, Argentina']"
2004,Molecules,"['College of Mathematics, Sichuan University, Chengdu, 610064, P.R. China', 'College of Chemistry and Chemical Engineering, Central South University, Changsha, 410083, P.R.China']"
2004,Molecules,"['Bio-oxidation Group, Chemical Research Center, Hungarian Academy of Sciences, H-1525 Budapest, P.O. Box 17, Hungary']"
2004,Molecules,"['Department of Organic Chemistry, Faculty of Pharmacy, P-ta Eftimie Murgu No. 2, 300041 Timisoara, Romania', 'Department of Organic Chemistry, Chemical Engineering Faculty, University “Politehnica”, Str.Bocsa 6, 300001 Timisoara, Romania', '152 Davey Laboratory, Department of Chemistry, Penn State University, University Park, PA 16802, USA', 'Department of Computer Sciences, Faculty of Automation and Computer Sciences, Technical\nUniversity “Politehnica”, Bd. Vasile Parvan Nr. 2, 300223 Timisoara, Romania']"
2004,Molecules,"['Division of Infectious Diseases, Faculty of Medicine, University of British Columbia, 2733 Heather\nStreet, Vancouver, BC, V5Z 3J5, Canada', 'BC Cancer Research Centre, 601 West 10th Avenue, Vancouver, BC, V5Z 4E6, Canada']"
2004,Molecules,"['Department of Drug Design, Experimental Sugar Cane Station “Villa Clara-Cienfuegos”, Ranchuelo, Villa Clara, C.P. 53100, Cuba', 'Vostok Holding Innovation Company, Sadik Azimov 4th Street, 15, Tashkent 700000, Uzbekistan', 'INIFTA, Suc.4, C.C. 16, La Plata 1900, Argentina']"
2004,Molecules,"['Awareness Center, Hyldeholm 4, Veddelev, DK-4000 Roskilde, Denmark']"
2004,Molecules,"['ChemoMine Consultancy, 201 Icknield Way, Letchworth Garden City, Herts SG6 4TT, U.K.']"
2004,Molecules,"['Department of Civil and Environmental Engineering, Michigan Technological University, 1400 Townsend Drive, Houghton, Michigan, USA', 'Rudjer Boskovic Institute, POB 180, HR-10002 Zagreb, Croatia']"
2004,Molecules,"['Vostok Holding Innovation Company, Sadik Azimov 4th Street, 15, Tashkent 700000, Uzbekistan', 'INIFTA, Suc.4, C.C. 16, La Plata 1900, Argentina']"
2004,Int. J. Mol. Sci.,"['Department of Physics, Bharathiar University, Coimbatore-641046, India', 'Department of Physics, Nallamuthu Gounder Mahalingam College, Pollachi-642 001, India']"
2004,Sensors,"['Department of Chemistry, Indian Institute of Technology-Roorkee, Roorkee - 247 667, India']"
2004,Entropy,"['Department of Mechanical Engineering, Jordan University of Science and Technology (JUST), P.O.Box 3030, Irbid 22110, Jordan']"
2004,Entropy,"['Akita International University, 193-2 Okutsubakidai, Yuwa-machi, 010-1211 Akita, Japan']"
2004,Sci. Pharm.,"['Faculty of Pharmacy, University of Petra, P.O. Box: 961 343, Amman, Jordan']"
2004,Sci. Pharm.,"['Department of Applied Pharmacy, University School of Medicine, 1 Chodzki, 20-093, Lublin, Poland']"
2004,Sci. Pharm.,"['Department of Pharmaceutical Chemistry, Faculty of Pharmacy, Comenius University, Odbojárov 10, 832 32 Bratislava, Slovakia', 'Department of Pharmacology and Toxicology, Faculty of Pharmacy, Comenius University, Odbojárov 10, 832 32 Bratislava, Slovakia', 'Institute of Chemical Drugs, University of Veterinary and Pharmacy, Palackého 1-3, 612 42 Brno, Czech Republic']"
2004,Sci. Pharm.,"['Wrodaw University of Medicine, Faculty of Pharmacy, Department of Organic Chemistry, 9 Grodzka Str., 50-137 Wrodaw, Poland', 'Pharmacy ""VITA"", 5J Wrodawska Str, 69-100 Slubice, Poland']"
2004,Sci. Pharm.,"['Department of Pharmacology, College of Pharmacy, King Saud University, P.O. Box 2457, Riyadh 1 1451, Saudi Arabia']"
2004,Math. Comput. Appl.,"['International Computer Institute, Ege University, 35100 Bornova/Innir, Turkey']"
2004,Math. Comput. Appl.,"['Gazi Üniversitesi, Teknik Eğitim Fakültesi, Makine Eğitimi, 06500 Teknikokullar, Ankara, Turkey']"
2004,Math. Comput. Appl.,"['Istanbul Technical University, Faculty of Aeronautics and Astronautics, 34469 Maslak, Turkey']"
2004,Math. Comput. Appl.,"['Department of Mechanical Engineering, Dokuz Eylul University, 35100 Bornova-Izmir, Turkey']"
2004,Math. Comput. Appl.,"['Faculty of Mechanical Engineering, Istanbul Technical University, 34439, Gumussuyu, Istanbul, Turkey']"
2004,Math. Comput. Appl.,"['Osmangazi University, Department of Mathematics, 26480 Eskişehir, Turkey']"
2004,Math. Comput. Appl.,"['Department of Agricultural Machinery, Faculty of Agriculture, Gaziosmanpaşa University, 60240, Tokat, Turkey', 'Department of Agricultural Machinery, Faculty of Agriculture, Selçuk University, 42031, Konya, Turkey']"
2004,Math. Comput. Appl.,"['Department of Mathematics, Faculty of Science and Arts, University of Celal Bayar, Muradiye Campus 45035 Manisa, Turkey']"
2004,Math. Comput. Appl.,"['İnönü Üniversitesi Eğitim Fakültesi, 44069-Malatya, Turkey']"
2004,Math. Comput. Appl.,"['Celal Bayar University, Mechanical Engineering Department, 45140 Manisa, Turkey']"
2004,Math. Comput. Appl.,"['Ondokuz Mayis University, Science and Arts Faculty, Department of Mathematics, Kurupelit 55139, Samsun, Turkey']"
2004,Math. Comput. Appl.,"['Computer Engineering Department, Osmangazi University, 26480, Eskişehir, Turkey', 'Mathematics Department, Osmangazi University, 26480, Eskişehir, Turkey']"
2004,Math. Comput. Appl.,"['Department of Mechanical Engineering, Karaelmas University, 67100, Zonguldak, Turkey', 'Department of Mechanical Engineering, University of Nevada Reno, Reno, NV 89557, USA', 'Department of Mechanical Engineering, Celal Bayar University, 45140, Manisa, Turkey', 'Current Address: Department of Mechanical Engineering, University of Gaziantep, 27310 Gaziantep, Turkey']"
2004,Math. Comput. Appl.,"['Technical University of Istanbul, Faculty of Science, Maslak, 34469, Istanbul, Turkey']"
2004,Math. Comput. Appl.,"['Dept. of Mechanical Engineering, College of Engineering and Architecture, Uludag University, Gorukie, Bursa 16059, Turkey']"
2004,Int. J. Mol. Sci.,"['Present address: Department of Physics and Astronomy, Louisiana State University, Baton Rouge, LA 70803-4001, USA', 'Present address: Department of Aeronautics and Astronautics Engineering, Purdue University, West Lafayette, IN 47907, USA', 'Department of Physics, University of Northern Iowa, Cedar Falls, IA 50614, USA', 'Department of Physics, Texas A&amp;M University, College Station, TX 77843-4242, USA']"
2004,Int. J. Mol. Sci.,"[""Centre d'Ingéniérie des protéines, Institut de Chimie B6a, Sart Tilman, B4000, Liège, Belgium""]"
2004,Int. J. Mol. Sci.,"['Laboratorio de Estudio de Compuestos Orgánicos (LADECOR), División Química Orgánica, Departamento de Química, Facultad de Ciencias Exactas, Universidad Nacional de La Plata, (1900) La Plata, Buenos Aires, Argentina', 'Instituto de Investigaciones Físico-Químicas, Teóricas y Aplicadas (INIFTA), Facultad de Ciencias Exactas, Universidad Nacional de La Plata, (1900) La Plata, Buenos Aires, Argentina', 'INIFTA (UNLP-CONICET), Departamento de Química, Facultad de Ciencias Exactas, Universidad Nacional de La Plata, Suc.4, C.C. 16, (1900) La Plata, Buenos Aires, Argentina']"
2004,Int. J. Mol. Sci.,"['Department of Pharmacy, Faculty of Chemical-Pharmacy. Central University of Las Villas, Santa Clara, 54830, Villa Clara, Cuba', 'Department of Drug Design, Chemical Bioactive Center. Central University of Las Villas, Santa Clara, 54830, Villa Clara, Cuba', 'Department of Organic Chemistry, Faculty of Pharmacy, University of Santiago de Compostela, 15706, Spain', 'Institut Universitari de Ciència Molecular, Universitat de València, Dr. Moliner 50, E-46100 Burjassot (València), Spain', 'INIFTA, División Química Teórica, Suc.4, C.C. 16, La Plata 1900, Buenos Aires, Argentina']"
2004,Int. J. Mol. Sci.,"['Laboratoire de Spectrométrie Ionique et Moléculaire, UMR 5579, CNRS et Université Lyon I, 43 Bd. du 11 Novembre 1918, 69622 Villeurbanne Cedex, France', 'Department of Theoretical Physics and Mathematical Methods, Gdańsk University of Technology, ul. Narutowicza 11/12, Pl-80-952 Gdańsk, Poland']"
2004,Sensors,"['Communication Systems Engineering Department, Ben-Gurion University of the Negev, Beer-Sheva 84105, Israel']"
2004,Sensors,"['Department of Chemistry, Faculty of Science, Al-Zahra University, P.O. Box 1993891176, Tehran, Iran']"
2004,Molecules,"['Department of Pharmacology, Marine Drug and Food Institute, Ocean University of China, 5 Yushan Road, Qingdao 266003, P. R. China', 'Qingdao Municipal Hospital, 1 Jiaozhou Road, Qingdao 266011, P. R. China', 'Tianjin Drug Institute, 38 Anshanxi Road, Tianjin, P. R. China']"
2004,Molecules,"['Laboratoire de Chimie des Polymères, Département de Chimie, Faculté des Sciences, Université d’Oran Es-Sènia BP N° 1524 El M’Naouar, 31000 Oran, Algeria']"
2004,Molecules,"['Department of Applied Chemical Science, Jordan University of Science and Technology, P.O. Box 3030, Irbid 22110, Jordan']"
2004,Molecules,"['Department of Chemistry, Fuyang Normal College, Fuyang Anhui 236041, P.R.China', 'Department of Chemistry, Lanzhou University, Lanzhou 730000, P.R.China']"
2004,Molecules,"['Chemistry Department, College of Sciences, Shiraz University, Shiraz 71454, Iran', 'Institute of Standards and Industrial Research of Iran, Shiraz 71447, Iran']"
2004,Molecules,"['Osmangazi University, Faculty of Arts and Sciences, Chemistry Department, 26040 Eskişehir, Turkey', 'Anadolu University, Faculty of Sciences, Chemistry Department, 26470 Eskişehir, Turkey']"
2004,Molecules,"['College of Chemistry and Molecular Engineering, Qingdao University of Science and Technology, Qingdao, 266042, P. R. China']"
2004,Molecules,"['Institute of Organic Chemistry and Biochemistry AS CR, Flemingovo namesti 2, CZ-16610, Prague 6, Czech Republic', 'Institute of Chemical Technology, Technicka 5, CZ-16028 Prague 6, Czech Republic']"
2004,Mar. Drugs,"['Research Center for Marine Drugs, School of Pharmacy, Second Military Medical University, 325 Guo-He Road, Shanghai 200433, P. R. China']"
2004,Mar. Drugs,"['Department of Chemistry, University of California, Davis, CA 95616, USA', 'Department of Molecular Biosciences, University of California, Davis, CA 95616, USA']"
2004,Mar. Drugs,"['Faculty of Pharmaceutical Sciences, Kanazawa University, Kakuma-machi, Kanazawa 920-1192, Japan']"
2004,Mar. Drugs,"['Graduate School of Pharmaceutical Sciences, Hokkaido University, Sapporo 060-0812, Japan', 'Research Center for Pathogenic Fungi and Microbial Toxicoses, Chiba University, Chiba 260-0856, Japan']"
2004,Mar. Drugs,"['Department of Ocean Sciences and T/R Vessel Shin’yo Maru, Tokyo University of Marine Science and Technology, Minato-ku, Tokyo 108-8477, Japan', 'Institute of Molecular and Cellular Biosciences, The University of Tokyo, Bunkyo-ku, Tokyo 113-0032, Japan', 'Department of Natural Products, Shenyang Pharmaceutical University, Wenhua Road 103, Shenyang 110016, People’s Republic of China', 'Traditional Chinese Medicines and Natural products Research Center, Tsinghua Campus, The University Town, Shenzhen 518055, People’s Republic of China', 'Kyoritsu College of Pharmacy, Minato-ku, Tokyo 105-8512, Japan']"
2004,Sensors,"['ISIR, Osaka University, 8-1 Mihogaoka, Ibaraki, Osaka 567-0047, Japan', 'University of Applied Sciences, Aachen (Division Jülich), Laboratory for Chemical Sensors and Biosensors, Ginsterweg 1, D-52428, Jülich, Germany', 'ISG-2, Research Centre Jülich, 52425 Jülich, Germany', 'IPV, Research Centre Jülich, 52425 Jülich, Germany', 'Humboldt University Berlin, Brook-Taylor-Str. 2, 12489 Berlin, Germany']"
2004,Sensors,"['University of Applied Sciences Aachen (Division Jülich), Laboratory for Chemical Sensors and Biosensors, 52428 Jülich, Germany', 'Research Centre Jülich, Institute of Thin Films and Interfaces, 52425 Jülich, Germany', 'St. Petersburg State University, Department of Chemistry, 199034 St. Petersburg, Russia', 'Institute of Microtechnology Mainz, 55129 Mainz, Germany']"
2004,Sensors,"['Schools of Chemistry and Materials Science, Anhui Normal University, Wuhu 241000, China']"
2004,Sensors,"['Institute of Physical und Theoretical Chemistry, University of Bonn, Wegelerstrasse 12, D-53115 Bonn, Germany', 'Kekulé-Institute of Organic Chemistry and Biochemistry, University of Bonn, Gerhard-Domagk- Str. 1, D-53121 Bonn, Germany']"
2004,Int. J. Environ. Res. Public Health,"['School of Chemistry and Biochemistry, Thapar Institute of Engineering &amp; Technology (Deemed University) Patiala, 147004, India']"
2004,Int. J. Environ. Res. Public Health,"['Department of Environmental Health Sciences, Tulane University School of Public Health and Tropical Medicine. 1440 Canal Street, Suite 2100, New Orleans, Louisiana 70112, USA']"
2004,Int. J. Environ. Res. Public Health,"['Laboratory of General Biology, Department of Animal Biology and Physiology, Faculty of Science, University of Yaounde I, P.O. Box 812, Cameroon', 'Molecular Toxicology Research Laboratory, NIH-Center for Environmental Health, College of Science, Engineering and Technology, Jackson State University, 1400 Lynch Street, P.O. Box 18540, Jackson, Mississippi, USA']"
2004,Int. J. Environ. Res. Public Health,"['Toxicology Unit, Department of Pharmacology, College of Health Sciences, Nnamdi Azikiwe University, Nnewi Campus, P.M.B 5001, Nnewi, Anambra State, Nigeria']"
2004,Int. J. Environ. Res. Public Health,"['Wildlife Biology Unit, Grambling State University, Grambling, LA 71245, USA', 'Molecular Toxicology Research Laboratory, NIH - Center for Environmental Health, School of Science and Technology, Jackson State University, 1400 Lynch Street, P.O. Box 18540, Jackson, Mississippi, USA']"
2004,Int. J. Environ. Res. Public Health,"['Molecular Toxicology Research Laboratory, NIH - Center for Environmental Health, School of Science and Technology, Jackson State University, 1400 Lynch Street, P.O. Box 18540, Jackson, Mississippi, USA', 'Wildlife Biology Unit, Grambling State University, Grambling, LA 71245, USA']"
2004,Int. J. Environ. Res. Public Health,"['Molecular Toxicology Research Laboratory, NIH-Center for Environmental Health, Jackson State University, Jackson, MS 39217, USA', 'Department of Surgery, University of Mississippi Medical Center, Jackson, MS 39216, USA', 'Department of Chemistry, Jackson State University, Jackson, MS 39217, USA']"
2004,Int. J. Environ. Res. Public Health,"['Department of Biochemistry and Molecular Biology, University of Dhaka, Dhaka-1000, Bangladesh']"
2004,Int. J. Mol. Sci.,"['Department of Chemistry, University of Kalyani, Kalyani – 741235, India']"
2004,Int. J. Mol. Sci.,"['The University of Manchester, School of Chemistry (North Campus), Sackville Street, Manchester M60 1QD, UK', 'Departamento de Química, Fac. Exp. de Ciencias, La Universidad del Zulia, Grano de Oro Módulo No. 2, Maracaibo, Venezuela']"
2004,Molecules,"['Istanbul University, Faculty of Pharmacy, Department of Pharmaceutical Chemistry, 30416, Istanbul, Turkey']"
2004,Molecules,"['Laboratory of Applied Chemistry, Guelma University, BP: 401, 24000, Guelma, Algeria']"
2004,Molecules,"['New Materials &amp; Function Coordination Chemistry Laboratory, Qingdao University of Science and Technology, Qingdao, 266042, P. R. China', 'Materials Chemistry Laboratory, Nanjing University of Science and Technology, Nanjing, 210094, P. R. China']"
2004,Molecules,"['Université de Rennes 1, Institut de Chimie, Synthèse &amp; Electrosynthèses Organiques 3, UMR 6510, Bât. 10A, Campus de Beaulieu, Avenue du Général Leclerc, CS 74205, 35042 RENNES Cedex, France', 'Université de Rennes1, Institut de Chimie, Organométalliques et Catalyse : Chimie et Electrochimie Moléculaire, UMR 6509, Campus de Beaulieu, Avenue du Général Leclerc, Bât. 10A, CS 74205, 35042 RENNES Cedex, France']"
2004,Molecules,"['Ankara University, Department of Chemistry, Faculty of Science, 06100, Tandoğan, Ankara, Turkey']"
2004,Molecules,"['Chemistry Department, Faculty of Science, Assiut University, 71516 Assiut, Egypt', 'Department of Pharmaceutical Chemistry, University of Vienna, Althanstraße 14, A-1090 Vienna, Austria']"
2004,Molecules,"['State Key Laboratory of Fine Chemicals, Dalian University of Technology, Dalian, 116012, P. R. China', 'College of Chemistry &amp; Chemical Engineering, Bohai University, Jinzhou, 121003, P. R. China']"
2004,Molecules,"['Department of Pharmaceutical Sciences, Texas Tech University Health Sciences Center, School of Pharmacy, Amarillo, TX 79106, USA', 'School of Pharmacy, North West University, Potchefstroom 2520, South Africa']"
2004,Molecules,"['Department of Chemistry, Tarbiat Modarres University, P.O. Box 14155-4838, Tehran, Iran']"
2004,Molecules,"['Department of Chemistry, College of Sciences, Shiraz University, Shiraz 71454, Iran', 'Department of Bacteriology and Virology, Shiraz Medical School, Shiraz University Medical Science, Shiraz 71345, Iran', 'Department of Parasitology and Mycology, Shiraz Medical School, Shiraz University Medical Science, Shiraz 71345, Iran']"
2004,Sci. Pharm.,"['Institute of Pharmacognosy, University of Vienna, PharmaCenter Vienna, Althanstrasse 14, A-1 090 Vienna, Austria']"
2004,Sci. Pharm.,"['Department of Chemistry, Faculty of Science, Mansoura university, 3451 7 Dumyat, Egypt']"
2004,Sci. Pharm.,"['Institute of Pharmaceutical Chemistry, University of Vienna A-1 090 Wien, Althanstraße 14, Austria']"
2004,Sci. Pharm.,"['Department of Pharmaceutical Chemistry, University of Vienna, Althanstrasse 14, A-1 090 Vienna, Austria', 'Institute of Pharmacy, University of lnnsbruck, lnnrain 52, A-6020 Innsbruck, Austria', 'Unit on Receptor Biochemistry and Pharmacology, Laboratory of Medicinal Chemistry, National Institutes of Diabetes and Digestive and Kidney Diseases, National lnstitutes of Health, Bethesda, MD 20892-0815, USA']"
2004,Molecules,"['Department of Chemistry, University of Wyoming, Laramie , Wyoming 82071, USA', 'National Institute of Standards and Technology, 325 Broadway, Boulder CO, 80305, USA']"
2004,Molecules,"['Department of Chemistry, Graduate School of Science, Osaka University, Toyonaka, Osaka 560-0043, Japan', 'Department of Computational Science, Faculty of Science, Kanazawa University, Kanazawa, Ishikawa 920-1192, Japan']"
2004,Molecules,"['ICMA, CSIC-Universidad de Zaragoza, E 50009, Zaragoza, Spain']"
2004,Molecules,"['Institut de Ciència Molecular, Universitat de València, Dr. Moliner 50, 46100-Burjassot, Spain']"
2004,Molecules,"['Departament de Química Física, Facultat de Química, and CERQT, Parc Cientìfic, Universitat de Barcelona, Av. Diagonal, 647, 08028-Barcelona, Spain', 'Department of Chemistry, Imperial College London, SW7 2AZ, London, UK', 'Department de Química Inorgànica, Facultat de Química, Universitat de Barcelona, Av. Diagonal, 647, 08028-Barcelona, Spain']"
2004,Molecules,"['Graduate School of Material Science, University of Hyogo, 3-2-1 Kouto, Kamigori, Hyogo 678-1297, Japan']"
2004,Molecules,"['Department of Chemistry, University of Massachusetts, Amherst, MA 01003 USA']"
2004,Molecules,"['Organic Materials Research Group, Department of Chemistry, Vanderbilt University, Nashville, TN 37235, USA']"
2004,Sensors,"['School of Chemistry &amp; Biochemistry, Thapar Institute of Engineering &amp; Technology (Deemed University), Patiala 147004, India']"
2004,Sensors,"['Department of Chemistry, Indian Institute of Technology Roorkee, Roorkee-247667, India']"
2004,Sensors,"['Unité de Recherche de Physique des Semiconducteurs et Capteurs, IPEST, La Marsa, 2070 Tunis, Tunisia']"
2004,Sensors,"['Hefei Institute of Intelligent Machines, Chinese Academy of Sciences, Hefei, 230031, P.R. China', 'Department of Chemistry, University of Science and Technology of China, Hefei, 230026, P.R.China', 'Department of Machines, Anhui University of Technology and Science, Wuhu, 241000, P.R.China']"
2004,Sensors,"['University of Applied Sciences, Aachen (Division Jülich), Laboratory for Chemical Sensors and Biosensors, Ginsterweg 1, D-52428, Jülich, Germany', 'Institute of Thin Films and Interfaces (ISG-2), Research Centre Jülich, D-52425 Jülich, Germany']"
2004,Entropy,"['University of Arizona, Tucson, AZ 85721, USA', 'Idaho National Engineering and Environmental Laboratory, P.O.Box 1625, Idaho Falls, ID 83415-3885, USA']"
2004,Mar. Drugs,"['Ph. D. scholar, College of Animal Sciences, Zhejiang University, Hangzhou-310029, P. R. of China', 'Director, College of Animal Sciences, Zhejiang University, Hangzhou-310029, P.R. of China']"
2004,Mar. Drugs,"['ICBAS-Instituto de Ciências Biomédicas de Abel Salazar and CIIMAR, Universidade do Porto, 4099-003 Porto, Portugal', 'Institute for Biodiversity and Ecosystem Dynamics, University of Amsterdam, P.O. Box 94766, 1090-GT, Netherlands']"
2004,Mar. Drugs,"['Laboratory of Pharmacology, Institute of Marine Biology, Far East Branch of Russian Academy of Sciences, 17 Palchevskogo st., Vladivostok, 690041, Russia', 'Department of Pharmacy, Faculty of Pharmacy, Vladivostok State Medical University, 2 Ostryakova st., Vladivostok, 690950, Russia']"
2004,Mar. Drugs,"['Natural Products Research Unit, Department of Chemistry, Chulalongkorn University, Bangkok 10330, Thailand', 'CSIRO Livestock Industries, Queensland Bioscience Precinct, Brisbane 4067, Australia', 'Department of Chemistry, School of Molecular and Microbial Sciences, The University of Queensland, Brisbane 4072, Australia']"
2004,Mar. Drugs,"['Institut für Pharmazeutische Biologie, Heinrich-Heine-Universität, Universitätsstr 1, Geb. 26.23, 40225 Düsseldorf, Germany', 'Gesellschaft für Biotechnologische Forschung, Mascheroder Weg 1, 38124 Braunschweig, Germany']"
2004,Mar. Drugs,"['Graduate School of Pharmaceutical Sciences, Hokkaido University, Sapporo 060-0812, Japan']"
2004,Sci. Pharm.,"['Department of Pharmaceutical Chemistry, Faculty of Pharmacy, Comenius University, Odbojarov 10, 832 32 Bratislava, Slovakia']"
2004,Int. J. Mol. Sci.,"['Laboratoire de Mathématiques Appliquées (L.M.A), E.N.S.Techniques Avancées 32 Boulevard Victor 75739 Paris Cedex, France']"
2004,Math. Comput. Appl.,"['Department of Mathematics, Govt.Arts and Science PG College, Ratlam (MaPa)-57001, India']"
2004,Math. Comput. Appl.,"['Department of Mathematics, Selcuk Uliversity, 42031, Campus, Konya, Turkey']"
2004,Math. Comput. Appl.,"['Institute of Physics, University of Bayreuth, D-95440 Bayreuth, Germany', 'Department of Statistics, Faculty of Arts and Sciences, Gazi University, 06500 Ankara, Turkey', 'Department of Physics, Faculty of Arts and Sciences, Gazi University, 06500 Ankara, Turkey']"
2004,Math. Comput. Appl.,"['Faculty of Mechanical Engineering, Istanbul Technical University, 34439, Gumussuyu, Istanbul, Turkey']"
2004,Math. Comput. Appl.,"['Department of Mechanical Engineering, Celal Bayar University, 45140 Muradiye, Manisa, Turkey']"
2004,Math. Comput. Appl.,"['Department of Mathematics, Aligarh Muslim University, Aligarh-202002, India']"
2004,Math. Comput. Appl.,"['Department of Mathematics, Celal Bayar University, 45047, Muradiye, Manisa, Turkey']"
2004,Math. Comput. Appl.,"['Osmangazi University, Dept. of Mathematics, 26480 Eskişehir, Turkey']"
2004,Math. Comput. Appl.,"['Department of Mathematics, Aligarh Muslim University, Aligarh-02002, India']"
2004,Math. Comput. Appl.,"['Istanbul Technical University, Faculty of Naval Architecture and Ocean Engineering, 80626 Maslak Istanbul, Turkey']"
2004,Math. Comput. Appl.,"['Department of Mathematics, Aligarh Muslim University, Aligarh-202002, India']"
2004,Entropy,"['Department of Physics, Ochanomizu University, 2-1-1 Otsuka, Bunkyo-ku, Tokyo 112-8610, Japan']"
2004,Molecules,"['Department of Organic Chemistry, University of Plovdiv, 24 ""Tsar Asen"" str., 4000 Plovdiv, Bulgaria']"
2004,Molecules,"['Biotransformations Group, Department of Organic and Pharmaceutical Chemistry, Faculty of Pharmacy, Universidad Complutense de Madrid, 28040 Madrid, Spain']"
2004,Molecules,"['Universidad de Antioquia, Instituto de Quimica, P. O. Box 1226, Medellín, Colombia']"
2004,Molecules,"['Department of Chemistry, College of Science, King Faisal University, P.O. Box 1759, Hofuf 31982, Saudi Arabia']"
2004,Molecules,"['Laboratoire d´Analyses, d’Essais et d’Environnement (L.A.E.E.), Département de Chimie, Faculté des Sciences “Dhar Mehraz”, Université Sidi Mohamed Ben Abdellah, 30000 Fès, Morocco', 'Département de Biologie, Faculté des Sciences “Dhar Mehraz”, Université Sidi Mohamed Ben Abdellah, 30000 Fès, Morocco', 'Institut für Organische Chemie, J. W. Goethe-Universität Frankfurt, Marie-Curie-Straße 11, 60439, Frankfurt/Main, Germany']"
2004,Molecules,"['Institut Universitari de Ciència Molecular, Universitat de València, Dr. Moliner 50, E 46100 Burjassot (València), Spain']"
2004,Molecules,"['Faculty of Pharmacy, Medical University of Sofia, Dunav 2, BG-1000 Sofia, Bulgaria']"
2004,Molecules,"['Division of Natural Sciences, State University of New York at Purchase, Purchase, NY 10577, USA']"
2004,Sensors,"['Department of Chemistry, State Key Laboratory of Coordination Chemistry, Institute of Chemical Biology, Nanjing University, Nanjing 210093, China']"
2004,Sensors,"['Department of Electrical and Computer Engineering, National Technical University of Athens 9, Iroon Polytechniou Str, Zografou 157 73, Athens, Greece', 'Department of Chemical Engineering, National Technical University of Athens 9, Iroon Polytechniou Str, Zografou 157 73, Athens, Greece']"
2004,Sensors,"['UNESCO Laboratory of Environmental Electrochemistry, Department of Analytical Chemistry, Charles University, 128 43 Prague 2, Czech Republic', 'Max-Planck Institute for Chemical Ecology, Hans-Knoell-Str.8, 07745 Jena, Germany', 'SensoChip Laboratory, Department of Chemistry and Biochemistry, New Mexico State University, MSC 3C, Las Cruces, NM 88003, USA']"
2004,Molecules,"['Chair and Laboratory of Organic Chemistry, Faculty of Pharmacy, Medical University, 1 Banacha Street, PL 02-097 Warsaw, Poland']"
2004,Molecules,"['Centro de Graduados e Investigación, Instituto Tecnológico de Tijuana, Apartado Postal 1166. 22000. Tijuana, B.C. México']"
2004,Molecules,"['Laboratoire de Chimie des Substances Naturelles et de Synthèse Organique, Faculté des Sciences de Monastir, 5000 Monastir, Tunisia']"
2004,Molecules,"['Chair and Laboratory of Organic Chemistry, Faculty of Pharmacy, Medical University of Warsaw, 1 Banacha Street, PL 02-097 Warsaw, Poland']"
2004,Molecules,"['Department of Chemistry, University of Agriculture, Mickiewicz Ave., 21, 31 120 Cracow, Poland', 'Ames Laboratory, Ames, IA 50011, U.S.A.', 'Department of Mechanical Engineering, Saginaw Valley State University, University Center, MI 48710, U.S.A.']"
2004,Molecules,"['School of Pharmaceutical Engineering, Shenyang Pharmaceutical University, Shenyang, 110016, P. R. China']"
2004,Molecules,"['Laboratoire d´Analyses, d’Essais et d’Environnement (L.A.E.E.), Département de Chimie, Faculté des Sciences “Dhar Mehraz”, Université Sidi Mohamed Ben Abdellah, 30000 Fès, Morocco', 'Département de Biologie, Faculté des Sciences et Techniques, Université Sidi Mohamed Ben Abdellah, 30000 Fès, Morocco', 'Département de Biologie, Faculté des Sciences “Dhar Mehraz”, Université Sidi Mohamed Ben Abdellah, 30000 Fès, Morocco']"
2004,Molecules,"['Department of Chemistry, Agricultural University, Mickiewicz Ave., 21, 31 120 Cracow, Poland']"
2004,Molecules,"['Faculty of Pharmaceutical Sciences, Tokushima Bunri University, Yamashiro-cho, Tokushima, 770-8514, Japan']"
2004,Molecules,"['Center for Chemical Research and Technologies, Cordoba Faculty, National Technological University, C.C. 17, Suc. 16, Cordoba 5016, Argentina']"
2004,Molecules,"['Université d’Oran Es-sénia, Laboratoire de Synthèse Organique Appliquée, Département de Chimie, Faculté des Sciences, BP 1524 El M’naouar, 31000 Oran, Algeria', 'Université de Rennes 1, Laboratoire de Synthèse et Electrosynthèse Organiques, UMR 6510. Bât. 10A, Campus de Beaulieu, Avenue du Général Leclerc 35042, Rennes Cedex, France']"
2004,Molecules,"['Department of Chemistry, Faculty of Science, Univ. of Malaya, 50603, Kuala Lumpur, Malaysia', 'Department of Chemical Sciences, Kolej Universiti Sains dan Teknologi, Mengabang Telipot, 21030 Kuala Terengganu, Terengganu, Malaysia', 'Lot 15, Jalan 1B, Kg. Cheras Baru, 56100, Kuala Lumpur, Malaysia']"
2004,Entropy,"['Faculty 306, Naval University of Engineering, Wuhan 430033, P.R. China', 'Mechanical Engineering Department, U.S. Naval Academy, Annapolis, MD21402, USA']"
2004,Sci. Pharm.,"['Department of Medicinal Chemistry, Faculty of Pharmacy, University of Mansoura, Mansoura 35516, Egypt', 'Department of Pharmacognosy, Faculty of Pharmacy, University of Mansoura, Mansoura 35516, Egypt']"
2004,Sci. Pharm.,"['Department of Pharmaceutical Chemistry, College of Pharmacy, King Saud University, P.O. Box 2457, Riyadh-11451, Saudi Arabia']"
2004,Entropy,"['Department of Mechanical Engineering, King Fahd University of Petroleum and Minerals, P.O. Box 1913, Dhahran 31261, Saudi Arabia', 'Department of Mechanical Engineering, King Fahd University of Petroleum and Minerals, P.O. Box 805, Dhahran 31261, Saudi Arabia']"
2004,Sci. Pharm.,"['Department of Pharmaceutical Chemistry, College of Pharmacy, King Saud University, P.O. Box 2457, Riyadh-11451, Saudi Arabia']"
2004,Entropy,"['Mechanical Engineering Department, Faculty of Engineering Technology Al-Balqa Applied University, P.O. Box 340558 Amman 11134 Jordan']"
2004,Sci. Pharm.,"['Department of Chemistry, H. B. Technological Institute, Kanpur- 208 002, India']"
2004,Sci. Pharm.,"['Institut für Pharmazeutische Chemie der Technischen Universität Braunschweig, Beethovenstraße 55, D-38106 Braunschweig, Germany', 'Institut für Pharmazeutische Chemie und Pharmazeutische Technologie der Karl-Franzens-Universität Graz, Schubertstraße 1, A-8010 Graz, Austria']"
2004,Int. J. Mol. Sci.,"['J. Heyrovský Institute of Physical Chemistry, Academy of Sciences of the Czech Republic, Dolejškova 3, 182 23 Prague 8, Czech Republic']"
2004,Int. J. Mol. Sci.,"['Department of Chemical Physics and Optics, Faculty of Mathematics and Physics,Charles University, Ke Karlovu 3, 121 16 Prague 2, Czech Republic']"
2004,Int. J. Mol. Sci.,"['Molecular Modeling Laboratory, Institute of Physical and Theoretical Chemistry, Wroclaw University of Technology, ul. Wyb. Wyspianskiego 27, 50-370 Wroclaw, Poland']"
2004,Molecules,"['Centre for Green Chemistry, Monash University, P.O. Box 23, Victoria, 3800, Australia']"
2004,Molecules,"['School of Chemistry, The University of Melbourne, Parkville, Victoria 3010, Australia']"
2004,Molecules,"['School of Chemistry, The University of Melbourne, Victoria 3010, Australia', 'Institut für Organische Chemie, Universität Kiel, Olshausenstr. 40, 24098 Kiel, Germany']"
2004,Molecules,"['School of Chemistry, Bio21 Molecular Science and Biotechnology Institute, The University of Melbourne, Victoria, Australia']"
2004,Molecules,"['School of Chemistry, Bio21 Molecular Science and Biotechnology Institute, The University of Melbourne, Victoria, Australia']"
2004,Molecules,"['CSIRO- Molecular Science Private Bag 10, Clayton South, Vic 3169 Australia &amp; ARC Special Research Centre For Green Chemistry, Monash University, PO Box 23, Clayton, Vic 3800, Australia']"
2004,Molecules,"['Mimotopes Pty Ltd. 11 Duerdin Street, Clayton, Victoria 3168, Australia', 'School of Chemistry, University of Melbourne, Victoria 3010, Australia', 'Chiron Corporation, 4560 Horton St, Emeryville, California 94608, USA']"
2004,Molecules,"['Department of Chemistry, University of Canterbury, Private Bag 4800, Christchurch, New Zealand']"
2004,Molecules,"['Centre for Green Chemistry, Monash University, Clayton, Victoria, 3800. Australia', '2 School of Chemistry, Monash University, Clayton, Victoria, 3800. Australia', '2 3 CSIRO Molecular Science, Private Bag 10, Clayton South, Vic 3169, Australia']"
2004,Molecules,"['Mimotopes Pty Ltd. 11 Duerdin Street, Clayton, Victoria 3168, Australia', 'School of Chemistry, University of Melbourne, Victoria 3010, Australia', 'Chiron Corporation, 4560 Horton St, Emeryville, California 94608, USA']"
2004,Molecules,"['Department of Chemistry, University of Auckland, 23 Symonds St., Auckland, New Zealand']"
2004,Molecules,"['Centre for Green Chemistry, Monash University, PO Box 23, Victoria 3800, Australia']"
2004,Molecules,"['School of Chemistry, The University of Melbourne, Parkville 3010, Victoria, Australia']"
2004,Int. J. Mol. Sci.,"['Jackson State University, MS 39217-0001, USA']"
2004,Sensors,"['Faculty of Mathematics and Informatics, Vilnius University, Naugarduko 24, 2006 Vilnius, Lithuania', 'Vilnius Gediminas Technical University, Sauletekio Avenue 11, 2040 Vilnius, Lithuania', 'Institute of Mathematics and Informatics, Akademijos 4, 2600 Vilnius, Lithuania']"
2004,Mar. Drugs,"['ICBAS-Instituto de Ciências Biomédicas de Abel Salazar and CIIMAR, Universidade do Porto, 4099-003 Porto, Portugal', 'Department of Aquatic Science, Faculty of Science, Burapha University, Bangsaen, 20131 Chonburi, Thailand']"
2004,Mar. Drugs,"['Graduate School of Pharmaceutical Sciences, Tokushima University, Tokushima 770-8505, Japan', 'Usa Marine Biological Institute, Kochi University, Usa, Tosa, Kochi 781-1164, Japan', 'The United Graduate School of Agricultural Sciences, Ehime University, Tarumi, Matsuyama, Ehime 790-8566, Japan', 'Kochi Prefectural Deep Seawater Laboratory, Muroto, Kochi 781-7101, Japan']"
2004,Mar. Drugs,"['Laboratory of Aquatic Natural Products Chemistry, Graduate School of Agricultural and Life Sciences, The University of Tokyo, Tokyo 113-8657, Japan', 'Department of Molecular Immunology, Graduate School of Agricultural and life Sciences, The University of Tokyo, Tokyo 113-8657, Japan']"
2004,Sensors,"['Department of Physics, Saratov State Technical University, Polytechnicheskaya 77, Saratov 410054, Russia', 'Institute for Instrumental Analysis, Forschungszentrum Karlsruhe, Hermann-von-Helmholtz-Platz 1, 76344 Eggenstein-Leopoldshafen, Germany']"
2004,Entropy,"['Physics Department, University of Houston, Houston, TX 77004 USA']"
2004,Int. J. Environ. Res. Public Health,"['School of Science and Technology, Jackson State University, Box 18540, Jackson, MS 39217, USA']"
2004,Molecules,"['Departamento de Química Orgánica, Universidad de Salamanca, Plaza de los Caídos 1-5, 37008, Salamanca, Spain']"
2004,Molecules,"['Departament de Química Orgànica, Facultat de Química, Universitat de València, E-46100 Burjassot (València), Spain']"
2004,Molecules,"['Departamento de Química Orgánica and Instituto de Síntesis Orgánica (ISO), Universidad de Alicante, Apdo. 99, 03080 Alicante, Spain']"
2004,Molecules,"['Departamento de Química Orgánica, Facultad de Ciencias and Instituto de Síntesis Orgánica (ISO), Universidad de Alicante, Apdo. 99, 03080 Alicante, Spain']"
2004,Molecules,"['Dpto. de Química Orgánica, Universidad de Salamanca. Plaza de los Caídos 1–5, 37008 Salamanca, Spain']"
2004,Molecules,"['Departamento de Química, Universidade da Beira Interior, 6201-001 Covilhã, Portugal', 'Departamento de Química Orgánica, Facultad de Ciencias Químicas, Universidad de Salamanca, 37008 Salamanca, Spain']"
2004,Molecules,"['Departamento de Química Orgánica. Facultad de Ciencias Químicas. Dr. Moliner, 50, 46100-Burjasot, (Valencia), Spain']"
2004,Molecules,"['Departament de Química, Universitat de les Illes Balears, 07122 Palma de Mallorca, Illes Balears, Spain']"
2004,Molecules,"['Department of Chemistry, Queen Mary, University of London, London E1 4NS, UK']"
2004,Molecules,"['Department of Organic Chemistry, Faculty of Chemistry, Edif. Investigación, Dr. Moliner, 50 Burjassot (Valencia), Spain']"
2004,Sensors,"['University of Applied Sciences Aachen (Div. Juelich), Laboratory for Chemical Sensors and Biosensors, Ginsterweg 1, 52428 Juelich, and Research Centre Juelich, Institute of Thin Films and Interfaces, D-52425 Juelich, Germany']"
2004,Math. Comput. Appl.,"['Faculty of Engineering, Celal Bayar University, 45140, Muradiye, Manisa, Turkey']"
2004,Math. Comput. Appl.,"['Department of Mathematics, Selcuk University, 42031, Campus-Konya, Turkey']"
2004,Math. Comput. Appl.,"['Faculty of Arts and Sciences, Physics Department, Celai Bayar University, 45140 Muradiye, Manisa, Turkey']"
2004,Math. Comput. Appl.,"['Department of Mathematics, University Putra Malaysia, 43400 UPM, Serdang, Selangor, Malaysia']"
2004,Math. Comput. Appl.,"['Department of Mathematics Education, Selçuk University, 42099 (Meram Yeniyol), Konya, Turkey', 'Department of Mathematics, Selçuk University, 42031, Konya, Turkey']"
2004,Math. Comput. Appl.,"['Department of Chemical Engineering, King Fahd University of Petroleum &amp; Minerals, Dhahran 31261, Saudi Arabia']"
2004,Math. Comput. Appl.,"['Department of Mechanical Education Technical Education Faculty, Afyon Kocatepe University, TR-03200, Afyon, Turkey']"
2004,Int. J. Mol. Sci.,"['""Vinča"" Institute of Nuclear Sciences, Laboratory of Theoretical Physics and Condensed Matter Physics, 11001, Belgrade, P. O. Box 522, Serbia and Montenegro', 'Department of Chemistry, Studentski trg 16, 11000 Belgrade, Serbia and Montenegro']"
2004,Int. J. Mol. Sci.,"['National Centre for Biomolecular Research, Faculty of Science, Masaryk University, Kotlářská 2, 61137 Brno, Czech Republic', 'Division of Pharmaceutical Sciences, College of Pharmacy, University of Kentucky, 907 Rose Street, Room 501B, Lexington, KY 40536, USA']"
2004,Int. J. Mol. Sci.,"['Molecular Modeling Laboratory, Institute of Physical and Theoretical Chemistry Wroclaw University of Technology, Wyb. Wyspianskiego 27, 50-370 Wroclaw, Poland']"
2004,Int. J. Mol. Sci.,"['Department of Chemistry University of New Orleans, New Orleans, LA 70148, USA']"
2004,Entropy,"['Institut Elie Cartan, Faculté des Sciences, Université Henri Poincaré 54000, Vandoeuvre-les-Nancy, France']"
2004,Entropy,"['Institute of Microelectronics Technology and High Purity Materials, Russian Academy of Sciences, 142432 Chernogolovka, Moscow Region, Russia', 'Department of Physics, University of San Diego, San Diego, California, 92110, USA']"
2004,Molecules,"['Department of Organic Chemistry, University of Szeged, Dóm tér 8, Szeged, H-6720 Hungary']"
2004,Molecules,"['Department of Chemistry, Faculty of Natural Sciences, University of St. Cyril and Methodius in Trnava, SK-917 01 Trnava, Slovak Republic', 'Research Institute for Organic Syntheses, Rybitvi 296, CZ-532 18 Pardubice 20, Czech Republic']"
2004,Molecules,"['Department of Chemistry, Kafkas University, 36100 Kars, Turkey', 'Department of Chemistry, Karadeniz Technical University, 61080 Trabzon, Turkey', 'Fatih Education Faculty, Karadeniz Technical University, 61335 Trabzon, Turkey']"
2004,Molecules,"['Fachbereich Chemie, Konstanz University, D-78457 Konstanz, Germany']"
2004,Molecules,"['Department of Organic Chemistry, Faculty of Natural Sciences, Comenius University, Mlynska dolina CH-2, SK - 842 15 Bratislava, Slovak Republic', 'Institute of Chemistry, Karl Franzens University, A - 8010 Graz, Austria', 'Department of Organic Chemistry, Faculty of Chemical Technology, University of Pardubice, CZ-532 10 Pardubice, Czech Republic']"
2004,Molecules,"['Department of Chemistry, Faculty of Science, Fırat University, 23119, Elazığ, Turkey']"
2004,Molecules,"['Department of Chemistry and Biochemistry, Texas Tech University, Lubbock, Texas 79409-1061, USA']"
2004,Entropy,"['Department of Philosophy, UCSD, 9500 Gilman Drive, La Jolla, CA 92093, USA']"
2004,Sensors,"['Institute for General and Analytical Chemistry, Budapest University of Technology and Economics, H-1111 Budapest, Gellért tér 4. Hungary.']"
2004,Sensors,"['Department of Physics, University of Missouri-Kansas City, Kansas City, Missouri 64110, USA']"
2004,Sensors,"['Sandia National Laboratories, Analytical Materials Sciences Department, P.O. Box 969, Mail Stop 9403, Livermore, CA 94551-0969, USA']"
2004,Molbank,"['Chemistry Department, Faculty of Science, King Abdul-Aziz University, Jeddah 21589, P.O. Box 80203, Saudi Arabia']"
2004,Molbank,"['Institut für Organische Chemie der Universität Stuttgart, Pfaffenwaldring 55, D-70569 Stuttgart, Germany']"
2004,Molbank,"['Institut für Organische Chemie der Universität Stuttgart, Pfaffenwaldring 55, D-70569 Stuttgart, Germany']"
2004,Molbank,"['Departamento de Química Inorgánica y Orgánica, Facultad de Ciencias Experimentales,Universidad de Jaén, 23071 Jaén, Spain.']"
2004,Molbank,"['Departamento de Química Inorgánica y Orgánica, Facultad de Ciencias Experimentales,Universidad de Jaén, 23071 Jaén, Spain.']"
2004,Molbank,"['Departamento de Química Inorgánica y Orgánica, Facultad de Ciencias Experimentales, Universidad de Jaén, 23071 Jaén, Spain']"
2004,Molbank,"['Laboratoire de Chimie Organique Physique, Département de Chimie, Faculté des Sciences, Université Mohamed Premier, BP 524, 60000, Oujda , Maroc.']"
2004,Molbank,"['Laboratoire de Chimie Organique Physique, Département de Chimie, Faculté des Sciences, Université Mohamed 1er, 60 000 Oujda, Maroc']"
2004,Molbank,"['Laboratoire de Chimie Organique Physique, Département de Chimie, Faculté des Sciences, Université Mohamed Premier, BP 524, 60000, Oujda , Maroc.']"
2004,Molbank,"['Department of Chemical Technology, University College of Science &amp; Technology, Calcutta University, Kolkata - 700 009, India.']"
2004,Molbank,"['Department of Medicinal Chemistry, University of Szeged, Dóm tér 8, H-6720 Szeged, Hungary']"
2004,Molbank,"['Department of Medicinal Chemistry, University of Szeged, Dóm tér 8, H-6720 Szeged, Hungary', 'Department of Organic Chemistry, University of Szeged, Dóm tér 8, H-6720 Szeged, Hungary']"
2004,Molbank,"['Department of Medicinal Chemistry, University of Szeged, Dóm tér 8, H-6720 Szeged, Hungary', 'Department of Organic Chemistry, University of Szeged, Dóm tér 8, H-6720 Szeged, Hungary']"
2004,Molbank,"['Department of Medicinal Chemistry, University of Szeged, Dóm tér 8, H-6720 Szeged, Hungary', 'Department of Organic Chemistry, University of Szeged, Dóm tér 8, H-6720 Szeged, Hungary']"
2004,Entropy,"['Los Alamos Economic Development Corporation, 127 Eastgate Dr., Los Alamos, NM 87544, USA']"
2004,Entropy,"['Department of Material Science and Technology, Faculty of Engineering, Niigata University, Ikarashi 2-Nocho 8050, Niigata 950-2181, Japan']"
2004,Entropy,"['11 Guildford Tce., Thorndon, Wellington, New Zealand']"
2004,Entropy,"['11 Guildford Tce., Thorndon, Wellington, New Zealand']"
2004,Entropy,"['11 Guildford Tce., Thorndon, Wellington, New Zealand']"
2004,Sci. Pharm.,"['lnstitute of Pharmacognosy, University of Vienna, PharmaCenter Vienna, Althanstrasse 14, A-1 090 Vienna, Austria', 'Institute of Pharmaceutical Chemistry, Karl Franzens University, Universitätsplatz 1, A-801 0 Graz, Austria']"
2004,Entropy,"['Institute for Theoretical Physics, Valckenierstraat 65, 1018 XE Amsterdam, Netherlands', 'Yerevan Physics Institute, Alikhanian Brothers St. 2, Yerevan 375036, Armenia', 'PhT, CEA-Saclay, 91191 Gif-sur-Yvette cedex, France']"
2004,Sci. Pharm.,"['Department of Pharmaceutical Chemistry, University of Vienna, Althanstrasse 14, A-1090 Vienna, Austria', 'Department of Chemistry, Calicut University, Kerala 673 635, lndia']"
2004,Entropy,"[""Department of Physics, Xiamen University, Xiamen 361005, People's Republic of China"", 'Centre for Energy Studies, Indian Institute of Technology, Delhi New Delhi 110016, India']"
2004,Entropy,"['Institute of Physics, Academy of Sciences of the Czech Republic, Cukrovarnická 10, 162 53 Prague 6, Czech Republic']"
2004,Entropy,"['Keefe and Associates, 24405 Gratiot Avenue, Eastpointe, MI 48021 USA']"
2004,Entropy,"['Ural state technical university, Molecular physics chair, 19 Mira St., 620002 Ekaterinburg, Russia']"
2004,Entropy,"['Hahn-Meitner Institute and Freie Universität Berlin, Fachbereich Physik. Glienickerstr. 100, 14109 Berlin, Germany']"
2004,Entropy,"['Dipartimento di Fisica ""E.R. Caianiello"", Universitá di Salerno, INFM UdR Salerno, INFN Sezione di Napoli, Gruppo Collegato di Salerno, Via S.Allende, I-84081 Baronissi (SA), Italy']"
2004,Entropy,"['J. Heyrovsky Institute of Physical Chemistry, Academy of Sciences of the Czech Republic, Dolejskova 3, 182 23 Prague 8, Czech Republic']"
2004,Int. J. Mol. Sci.,"['Eppley Institute for Research in Cancer and Allied Diseases, University of Nebraska Medical Center, Omaha, NE 68198-6805, USA']"
2004,Entropy,"['Electric &amp; Gas Technology, Inc. 13636 Neutron Road, Dallas, Texas 75244-4410, USA']"
2004,Entropy,"['Physics Unit, ORT Braude College, P. O. Box 78, 21982 Karmiel, Israel']"
2004,Entropy,"['Institute of Physics of Charles University, Faculty of Mathematics and Physics, Ke Karlovu 5, CZ-121 16 Prague 2, Czech Republic']"
2004,Sci. Pharm.,"['Department of Inorganic and Organic Chemistry, Charles Universtty, Faculty of Pharmacy, Heyrovského 1203, CZ-500 05 Hradec Králové, Czech Republic', 'Department of Pharmaceutical Chemistry, Faculty of Pharmacy, Commenius Universtty, SK-832 32 Bratislava, Slovakia', 'Department for the Diagnostics of Mycobacteria, Regional Institute of PuMic Health, Ostrava, Partyzánské nám. 7, CZ-728 892 Ostrava, Czech Republic']"
2004,Entropy,"['Department of Applied Physics, California Institute of Technology, Pasadena, California 91125, USA', ""Dipartimento di Fisica, Universitá dell'Aquila, 67010 L'Aquila, Italy"", 'Istituto Nazionale per la Fisica della Materia, Universitá Roma Tre, 00146 Roma, Italy']"
2004,Entropy,"['Center for Science Education, Portland State University, P.O. Box 751, Portland, OR 97207, USA', 'Department of Physics, Portland State University, P.O. Box 751, Portland, OR 97207, USA']"
2004,Sci. Pharm.,"['Medicinal Chemistry Research Laboratory, Pharmacy Group, Birla Institute of Technology and Science, Pilani 333031, India']"
2004,Sci. Pharm.,"['Institut für Pharmazeutische Chemie der Universität Wien, Althanstr. 14, A-1090 Wien, Austria']"
2004,Sci. Pharm.,"['Pharmazeutische Chemie, Universität des Saarlandes, Postfach 11 50 , D-66041 Saarbrücken, Germany']"
2004,Int. J. Environ. Res. Public Health,"['Cellomics and Toxicogenomics Research Laboratory, NIH-Center for Environmental Health, College of Science, Engineering, and Technology, Jackson State University, 1400 Lynch Street, Box 18540, Jackson, Mississippi 39217, USA', 'Rheumatology Section, G.V. (Sonny) Montgomery V.A. Hospital, and Division of Rheumatology and Molecular Immunology, Department of Medicine, University of Mississippi Medical Center, Jackson, Mississippi 39216, USA']"
2004,Int. J. Environ. Res. Public Health,"['Department of Environmental Health Sciences, Tulane University School of Public Health and Tropical Medicine. 1440 Canal Street, Suite 2100, New Orleans, Louisiana 70112, USA']"
2004,Int. J. Environ. Res. Public Health,"['Laboratory of General Biology. Department of Animal Biology and Physiology, Faculty of Science, University of Yaounde I., P.O. Box 812 Yaounde, Republic of Cameroon']"
2004,Int. J. Environ. Res. Public Health,"['Toxicology Unit, Department of Pharmacology, College of Health Sciences, Nnamdi Azikiwe University, P.M.B 5001, Nnewi, Anambra State, Nigeria', 'Dept of Human Biochemistry, College of Health Sciences, Nnamdi Azikiwe University, P.M.B 5001, Nnewi, Anambra State, Nigeria']"
2004,Int. J. Environ. Res. Public Health,"['Molecular Toxicology Research Laboratory, NIH-Center for Environmental Health, School of Science and Technology, Jackson State University, 1400 Lynch Street, P.O. Box 18540, Jackson, Mississippi, USA']"
2004,Int. J. Environ. Res. Public Health,"['Molecular Toxicology Research Laboratory, NIH- Center for Environmental Health, School of Science and Technology, Jackson State University, 1400 Lynch Street, P.O. Box 18540, Jackson, Mississippi, USA', 'Rheumatology Section, G.V. (Sonny) Montgomery V.A. Hospital and Division of Rheumatology and Molecular Immunology, Department of Medicine, University of Mississippi Medical Center, Jackson, Mississippi 39216, USA']"
2004,Int. J. Mol. Sci.,"['Department of Chemistry, Medical Technology and Physics, Monmouth University, West Long Branch, NJ 07764-1898 USA', '2Department of Chemistry and Biochemistry, University of Delaware, DE 19716 USA']"
2004,Molecules,"['Department of Chemistry, Georgia State University, 33 Gilmer St. S.E., Atlanta, GA 30303 USA']"
2004,Molecules,"['Department of Medicinal Chemistry, Institute of Pharmacology of the Polish Academy of Sciences, 12 Smętna Street, 31-343 Kraków, Poland']"
2004,Molecules,"['A. N. Nesmeyanov Institute of Organoelement Compounds (INEOS), Russian Academy of Sciences, Vavilov Str. 28, 119991 Moscow, Russia']"
2004,Molecules,"['Department of Chemistry Georgia State University, Atlanta, Georgia 30303, USA', 'Department of Pathobiology, College of Veterinary Medicine, Auburn University, Auburn, Alabama 36849, USA']"
2004,Molecules,"['Department of Chemistry and Biochemistry, Rider University, 2083 Lawrenceville Rd., Lawrenceville, NJ 08648, USA', 'Department of Chemistry, University of Richmond, Richmond, VA 23173, USA', 'Department of Chemistry, UNC-Asheville, One University Heights, Asheville, NC 28801, USA']"
2004,Molecules,"['Department of Chemistry, Furman University, Greenville, SC 29613, USA']"
2004,Molecules,"['Department of Chemistry, Center for Biotech and Drug Design, Georgia State University, Atlanta, Georgia 30303-3083, USA']"
2004,Molecules,"['Department of Chemistry, Faculty of Science, UAE University, Al-Ain P.O. Box 17551, UAE', 'Department of Biochemistry, Faculty of Medicine &amp; Health Sciences, UAE University, Al-Ain P.O.Box 17666, UAE']"
2004,Molecules,"['Department of Chemistry, University of Nebraska at Kearney, 905 W. 25th St., Kearney, Nebraska 68849-1150, USA']"
2004,Molecules,"['Department of Chemical Technology of Drugs, Medical University of Gdańsk, 107 Gen. J. Hallera Str., 80-416 Gdańsk, Poland', 'Faculty of Chemistry, A. Mickiewicz University, 60-780 Poznań, Poland']"
2004,Molecules,"['Department of Chemistry and Biochemistry, Mississippi College, 200 South Capitol St., Clinton, MS 39058. USA']"
2004,Molecules,"['Department of Organic Chemistry, D. Mendeleev University of Chemical Technology of Russia 125047, Moscow, Russia']"
2004,Molecules,"['Department of Chemistry, Georgia State University, University Plaza, Atlanta, Georgia 30303, USA']"
2004,Molecules,"['Department of Chemistry, Georgia State University, Atlanta, Georgia 30303, USA']"
2004,Mar. Drugs,"['Department of Material Science, Integrated Center for Science, Ehime University, Bunkyou-chou 2-5, Matsuyama 790-8577, Japan', 'Department of Chemistry, Graduate School of Science, Nagoya University, Chikusa, Nagoya 464-8602, Japan']"
2004,Mar. Drugs,"['Department of Biochemistry and Molecular Biology, Faculty of Basic Medical Sciences, Second Military Medical University, Shanghai 200433, P.R. China']"
2004,Mar. Drugs,"['PharmaMar R &amp; D, Avda. de los Reyes 1, PI La Mina-norte, 28770-Colmenar Viejo, Madrid, Spain']"
2004,Mar. Drugs,"['Instituto Nacional de Engenharia e Tecnologia Industrial, Estrada do Paço do Lumiar, 1649-038, Lisboa, Portugal', 'Institute for Biodiversity and Ecosystem Dynamics, University of Amsterdam, P.O. Box 94766, 1090-GT, Netherlands']"
2004,Mar. Drugs,"['Department of Pharmacognosy and National Center for Natural Products Research, Research Institute of Pharmaceutical Sciences, School of Pharmacy, The University of Mississippi, University, MS 38677-1848, USA', 'Laboratory of Pharmaceutical Sciences of Natural Resources, Kyoto Pharmaceutical University, Misasagi, Yamashina-ku, Kyoto 607-8414, Japan']"
2004,Molbank,"['Department of Chemistry, College of Sciences, Shiraz University, Shiraz 71454, Iran']"
2004,Molbank,"['Department of Chemistry, College of Sciences, Shiraz University, Shiraz 71454, Iran']"
2004,Molbank,"['Department of Chemistry, Sun Yat-Sen University, Guangzhou 510275, P. R. China.']"
2004,Molbank,"['Department of Chemistry, College of Sciences, Shiraz University, Shiraz 71454, Iran']"
2004,Molbank,"['Department of Chemistry, College of Sciences, Shiraz University, Shiraz 71454, Iran', 'Department of Bacteriology &amp; Virology , Shiraz Medical School , Shiraz University Medical Science , Shiraz 71345, Iran']"
2004,Molbank,"['Institute of Chemistry, University of Podlasie, ul. 3 Maja 54, PL-08-110 Siedlce, Poland']"
2004,Molbank,"['Department of Chemistry, College of Sciences, Shiraz University, Shiraz 71454, Iran']"
2004,Molbank,"['Laboratory of Chemistry Organic-Physics, Department of Chemistry, Faculty of Sciences, University Mohammed The First, BP 524-60 000 Oujda, Morocco.']"
2004,Molbank,"['Laboratory of Chemistry Organic-Physics, Department of Chemistry, Faculty of Sciences, University Mohammed The First, BP 524-60 000 Oujda, Morocco.']"
2004,Molbank,"['Laboratory of Chemistry Organic-Physics, Department of Chemistry, Faculty of Sciences, University Mohammed The First, BP 524-60 000 Oujda, Morocco.']"
2004,Molbank,"['Organic Research Lab, Department of Chemistry, St. Anthony’s College, Shillong-793 001 (India).']"
2004,Molbank,"['Laboratoire de Chimie des Substances Naturelles et des Hétérocycles, Université Cadi Ayyad, Faculté des Sciences SemLalia, B.P 2390, Marrakech. Maroc.']"
2004,Molbank,"['Department of Chemistry, College of Sciences, Shiraz University, Shiraz 71454, Iran', 'Department of Bacteriology &amp; Virology, Shiraz Medical School, Shiraz University Medical Science, Shiraz 71345, Iran']"
2004,Molbank,"['Chemistry Department, Faculty of Science, King Abdul-Aziz University, Jeddah 21413, P.O. Box 9028, Saudi Arabia.']"
2004,Molbank,"['Chemistry Department, Faculty of Science, King Abdul-Aziz University, Jeddah 21413, P.O. Box 9028, Saudi Arabia.']"
2004,Molbank,"['Chemistry Department, Faculty of Science, King Abdul-Aziz University, Jeddah 21413, P.O.Box 9028, Saudi Arabia']"
2004,Molbank,"['Chemistry Department, Faculty of Science, King Abdul-Aziz University, Jeddah 21413, P.O. Box 9028, Saudi Arabia', 'Department of Physics, Dillard University, New Orleans, LA 70112, USA', 'EJMAPS Organization, 1107 Carrolton Ave., Metairie, LA 70005, USA']"
2004,Molbank,"['Chemistry Department, Faculty of Science, King Abdul-Aziz University, Jeddah 21413, P.O. Box 9028, Saudi Arabia', 'Department of Physics, Dillard University, New Orleans, LA 70112, USA', 'EJMAPS Organization, 1107 Carrolton Ave., Metairie, LA 70005, USA']"
2004,Molbank,"['Department of Chemistry, College of Sciences, Shiraz University, Shiraz 71454, Iran']"
2004,Molbank,"['Department of Applied Chemistry, South China University of Technology, Guangzhou 510641, China.', 'Department of Applied Physics, South China University of Technology, Guangzhou 510641, China.']"
2004,Molbank,"['Laboratoire de Chimie Organique Physique, Département de Chimie, Faculté des Sciences, Université Mohammed 1er, 60 000 Oujda, Maroc']"
2004,Molbank,"['Laboratoire de Chimie Organique Physique, Département de Chimie, Faculté des Sciences, Université Mohamed 1er, 60 000 Oujda, Maroc']"
2004,Molbank,"['Department of Organic Chemistry Faculty of Chemical Technology, Slovak University of Technology, Radlinského 9, SK-812 37 Bratislava, Slovak Republic', 'Central Laboratory of Chemical Technique, Faculty of Chemical Technology, Slovak University of Technology, Radlinského 9, SK-812 37 Bratislava, Slovak Republic']"
2004,Molbank,"['Department of Chemistry, College of Sciences, Shiraz University, Shiraz 71454, Iran']"
2004,Molbank,"['Department of Chemistry, College of Sciences, Shiraz University, Shiraz 71454, Iran']"
2004,Int. J. Mol. Sci.,"['Nabalco Pty Ltd, P.O. Box 21, Nhulunbuy, Northern Territory, 0881, Australia']"
2004,Int. J. Mol. Sci.,"['Dipartimento di Scienze e Tecnologie Avanzate, Università del Piemonte Orientale, Corso Borsalino 54, I-15100 Alessandria, Italy', 'Dipartimento di Chimica I.F.M., Università di Torino, Via P. Giuria 7, I-10125, Torino, Italy']"
2004,Int. J. Mol. Sci.,"['Eppley Institute for Research in Cancer and Allied Diseases, University of Nebraska Medical Center, Omaha, NE 68198-6805, USA']"
2004,Int. J. Mol. Sci.,"['Department of Biophysics, Molecular Biology &amp; Genetics, University of Calcutta, 92 APC Road, Kolkata 700009, India', 'Department of Biophysics, University of P. J. Safarik, Jesenna 5, 04S 54 Koˇsice, Slovak Republic', 'Physical Chemistry Division, Arrhenius Laboratory, Stockholm University, S 106 91, Stockholm, Sweden']"
2004,Molecules,"['Chemistry Department, College of Sciences, Shiraz University, Shiraz 71454, Iran', 'Institute of Standards and Industrial Research of Iran, Shiraz 71447, Iran']"
2004,Molecules,"['Department of Chemistry, Firat University, Faculty of Science and Arts, 23169, Elazig, Turkey']"
2004,Molecules,"['Department of Chemistry, Faculty of Natural Sciences, University of St. Cyril and Methodius in Trnava, SK-917 01 Trnava, Slovak Republic', 'Institute of Chemistry, Karl-Franzens University of Graz, A-8010 Graz, Austria']"
2004,Molecules,"['Institut für Organische Chemie der Universität Stuttgart, Pfaffenwaldring 55, D-70569 Stuttgart, Germany']"
2004,Int. J. Mol. Sci.,"['Department of Chemistry, Appalachian State University, Boone, NC 28608, USA', 'Chemical Physics Program, University of Maryland, College Park, MD 20742, USA']"
2004,Int. J. Mol. Sci.,"['1Département de Chimie, Faculté des Sciences Semlalia BP 2390 Université Cadi Ayyad, Marrakech, Morocco', ""Ecole Nationale Supérieure d'Ingénieurs (E.N.S.I.) I. S. M. R. A., LCMT, UMR CNRS n° 6507, 6 boulevard Maréchal Juin, 14050 Caen Cedex, France""]"
2004,Int. J. Mol. Sci.,"['University of London School of Pharmacy, Department of Pharmaceutical and Biological Chemistry, 29-39 Brunswick Square, London WC1N 1AX, UK', 'University of London School of Pharmacy, Centre for Pharmacognosy and Phytotherapy, 29-39 Brunswick Square, London WC1N 1AX, UK']"
2004,Pharmaceuticals,"['ReviewScience, 90513 Zirndorf, Fürther Str. 13, Germany', 'Heinz Schilcher, 81737 München, Alfred Neumann Anger 17, Germany']"
2004,Entropy,"['A.N. Frumkin Institute of electrochemistry, RAS, 117071, Moscow, Russia']"
