0,1,2,3
Switzerland,,,
Switzerland,,,
Switzerland,,,
Switzerland,,,
Switzerland,,,
Switzerland,,,
Switzerland,,,
Switzerland,,,
Switzerland,,,
Switzerland,,,
Switzerland,,,
Switzerland,,,
Switzerland,,,
Mongolia,Japan,,
Germany,,,
Saudi Arabia,,,
Germany,,,
Germany,,,
Belgium,,,
Austria,,,
Poland,,,
Morocco,,,
Morocco,,,
USA,,,
USA,,,
Morocco,,,
Morocco,,,
New Zealand,,,
New Zealand,,,
USA,,,
United Arab Emirates,,,
United Arab Emirates,,,
United Arab Emirates,,,
Italy,,,
China,,,
China,,,
China,,,
China,,,
China,,,
China,,,
USA,,,
Morocco,,,
New Zealand,,,
New Zealand,,,
Iran,,,
Switzerland,,,
Switzerland,,,
Germany,,,
Switzerland,,,
Switzerland,,,
Czech Republic,Slovakia,,
China,,,
Ireland,,,
Turkey,,,
India,,,
Turkey,,,
India,,,
India,,,
Turkey,,,
UK,,,
Argentina,,,
China,,,
Iran,,,
India,,,
Norway,,,
Norway,,,
Estonia,,,
Austria,USA,,
Poland,,,
Brazil,,,
Germany,Japan,,
Norway,,,
USA,,,
Sweden,Germany,Latvia,Canada
Spain,,,
Spain,,,
Argentina,France,,
Italy,France,,
Sweden,,,
Spain,,,
UK,,,
Italy,,,
Italy,,,
Spain,,,
USA,,,
Germany,USA,,
Iran,UK,,
Iran,,,
Russia,,,
Poland,,,
Poland,,,
Poland,,,
China,,,
Switzerland,,,
Algeria,,,
USA,,,
France,,,
Japan,,,
Poland,,,
China,,,
USA,,,
USA,,,
Macedonia,,,
Algeria,,,
Austria,,,
Austria,,,
Austria,,,
Greece,,,
China,Japan,,
Italy,,,
Poland,,,
Brazil,,,
UK,,,
Brazil,,,
Iran,,,
Slovakia,,,
USA,,,
Saudi Arabia,USA,,
China,,,
Australia,,,
Turkey,,,
Turkey,,,
Egypt,,,
USA,,,
Colombia,Mexico,,
Argentina,,,
Iran,,,
France,,,
USA,,,
Saudi Arabia,,,
USA,,,
France,,,
Mexico,,,
China,,,
Austria,,,
Poland,,,
,,,
Germany,,,
Austria,,,
Saudi Arabia,,,
Iran,,,
Czech Republic,,,
Czech Republic,,,
Czech Republic,,,
Spain,,,
USA,,,
Uzbekistan,Argentina,,
Germany,,,
USA,,,
Poland,,,
USA,UK,,
Germany,,,
Russia,USA,,
USA,,,
India,,,
USA,,,
Spain,,,
India,,,
Germany,,,
Argentina,,,
China,,,
Spain,,,
China,,,
Morocco,,,
Morocco,,,
Iran,,,
Morocco,,,
Taiwan,,,
Iran,,,
Morocco,,,
Morocco,,,
Germany,,,
Germany,,,
Germany,,,
Morocco,,,
Morocco,Spain,,
Morocco,France,,
USA,,,
Hungary,,,
Bulgaria,,,
Bulgaria,,,
Bulgaria,,,
Bulgaria,,,
Saudi Arabia,,,
Saudi Arabia,,,
Saudi Arabia,,,
Morocco,,,
Uzbekistan,Argentina,,
Japan,,,
Norway,,,
USA,Croatia,,
Brazil,,,
Morocco,France,,
Germany,Switzerland,,
Iran,,,
Czech Republic,,,
Italy,,,
Switzerland,USA,,
Slovakia,,,
Azerbaijan,,,
India,,,
Turkey,,,
Turkey,,,
Turkey,,,
Denmark,,,
Australia,,,
Austria,,,
Czech Republic,,,
Israel,,,
Germany,,,
Israel,,,
Austria,,,
Bulgaria,Austria,,
Austria,,,
Poland,Germany,,
Turkey,USA,,
Egypt,,,
India,,,
Germany,,,
Spain,France,,
,,,
USA,,,
China,,,
China,,,
China,,,
New Zealand,,,
New Zealand,,,
Germany,,,
Russia,,,
Australia,,,
New Zealand,,,
New Zealand,,,
New Zealand,,,
Australia,,,
Australia,,,
Australia,,,
Australia,,,
Australia,,,
Australia,,,
Morocco,,,
Switzerland,,,
Egypt,,,
Switzerland,,,
Iran,,,
Ireland,,,
Australia,,,
Czech Republic,,,
Spain,,,
USA,,,
Australia,,,
UK,,,
Morocco,,,
USA,,,
UK,,,
Australia,,,
Australia,,,
Australia,,,
Australia,,,
Australia,,,
Australia,,,
Germany,,,
China,,,
Denmark,,,
Finland,,,
Italy,,,
