0,1,2
USA,,
India,,
USA,,
Argentina,,
USA,,
India,,
USA,,
Australia,Austria,
Turkey,,
Saudi Arabia,,
Turkey,,
China,,
China,,
India,,
China,,
Ireland,,
China,,
Ireland,,
China,,
Korea,,
Korea,,
Italy,,
Spain,,
China,,
China,,
USA,,
Portugal,UK,
Turkey,,
Turkey,USA,
Turkey,,
Turkey,,
Turkey,,
Turkey,,
Poland,,
Austria,,
Mexico,,
India,,
India,,
India,,
Australia,,
China,,
China,,
Austria,,
Germany,,
Germany,Nigeria,
Germany,Nigeria,
Morocco,,
Morocco,,
Morocco,,
Morocco,,
Spain,,
Romania,,
Austria,,
Bosnia and Herzegovina,Serbia,
USA,,
Korea,,
China,,
Bosnia and Herzegovina,Serbia,
Sweden,UK,
Poland,,
Romania,,
Germany,,
Korea,,
Portugal,,
Taiwan,,
Colombia,Spain,
Australia,,
China,,
Lithuania,,
Czech Republic,,
Czech Republic,,
Czech Republic,,
Romania,,
China,,
Japan,,
Spain,,
Italy,,
Belgium,Croatia,
China,Spain,
Taiwan,,
Korea,USA,
Italy,,
Japan,,
UK,,
Taiwan,,
Thailand,,
Spain,India,Italy
Thailand,,
Spain,,
Slovenia,,
Algeria,,
Algeria,,
China,,
USA,,
USA,,
Malaysia,,
Germany,Russia,
Korea,USA,
USA,,
Spain,,
China,,
Switzerland,,
Spain,,
Morocco,Spain,
Korea,,
USA,,
Mexico,,
USA,,
France,USA,
Austria,,
Egypt,,
Korea,Italy,
USA,,
India,,
USA,,
USA,,
USA,,
China,,
USA,,
USA,,
USA,,
USA,,
The Netherlands,,
USA,,
Croatia,,
Iran,,
China,Korea,
China,,
China,,
Saudi Arabia,,
Israel,,
Spain,,
Spain,,
Belgium,,
Serbia,,
Canada,,
China,USA,
China,,
Switzerland,,
China,,
Pakistan,,
China,Japan,
USA,,
USA,,
USA,,
USA,,
France,,
France,,
Iran,USA,
Morocco,,
Morocco,,
Morocco,,
Morocco,,
Bulgaria,,
Morocco,USA,
Morocco,USA,
Iran,France,USA
Romania,,
Morocco,,
Morocco,,
Morocco,,
Belgium,,
India,,
Indonesia,The Netherlands,
Ukraine,,
China,,
USA,,
Italy,,
France,,
Romania,,
South Africa,,
Germany,,
China,,
Iran,,
China,Taiwan,
Japan,,
Poland,,
USA,,
Colombia,Spain,
USA,,
Canada,USA,
Slovakia,,
Korea,USA,
India,,
USA,,
Germany,Turkey,
USA,,
Italy,,
France,,
Taiwan,,
China,,
Algeria,France,
Spain,,
Switzerland,,
Egypt,,
Egypt,,
India,,
USA,,
Egypt,,
India,,
Egypt,,
Korea,,
Slovenia,,
Thailand,,
China,,
China,,
China,,
Slovakia,,
China,,
Lithuania,,
Korea,,
Japan,UK,
Spain,,
Portugal,UK,
Thailand,,
Korea,USA,
Saudi Arabia,,
France,Switzerland,USA
USA,,
USA,,
USA,,
Australia,,
USA,,
USA,,
USA,,
USA,,
USA,,
Switzerland,,
South Africa,USA,
Korea,,
Poland,,
Spain,,
Switzerland,,
Switzerland,,
USA,,
Italy,,
China,UK,
UK,,
Spain,,
USA,,
Russia,UK,
Switzerland,,
Taiwan,,
Turkey,,
China,,
Spain,,
Spain,,
Brazil,,
Spain,,
France,,
UK,,
France,,
USA,,
France,,
Spain,,
Bulgaria,USA,
China,,
China,,
Serbia,,
Iran,France,USA
Morocco,,
Iran,,
Iran,,
Spain,,
USA,Romania,
Switzerland,,
Switzerland,,
Italy,,
Austria,,
Italy,,
Brazil,,
Korea,India,
Croatia,,
Brazil,,
Korea,,
USA,,
Thailand,,
Macedonia,,
Portugal,,
Singapore,USA,
Austria,,
Germany,Macedonia,
China,,
China,,
Spain,,
Lithuania,,
Czech Republic,,
Egypt,Germany,
Poland,,
Israel,,
Germany,,
Germany,,
UK,,
Poland,Italy,
Germany,,
Japan,Israel,
Germany,USA,
Germany,,
Germany,,
Germany,,
Germany,,
Germany,,
Germany,India,
Germany,,
Turkey,,
China,USA,
UK,,
China,,
Australia,,
Canada,,
USA,,
USA,,
Australia,,
USA,,
USA,,
China,,
Germany,,
Germany,,
China,,
Taiwan,,
Turkey,,
Turkey,,
Turkey,Saudi Arabia,
Turkey,,
Turkey,,
Turkey,,
Poland,,
Poland,,
India,,
India,,
Morocco,,
USA,,
USA,,
USA,,
USA,,
USA,,
USA,,
USA,,
Argentina,,
USA,,
USA,,
USA,,
Brazil,France,
Australia,,
UK,,
Russia,,
Turkey,,
Czech Republic,Slovakia,
Russia,USA,
Turkey,,
Spain,USA,
Japan,USA,
China,,
France,,
India,,
Pakistan,UK,
Slovakia,,
Portugal,,
Taiwan,,
Thailand,,
Belarus,,
Brazil,,
France,,
France,USA,
Croatia,,
Portugal,,
Italy,France,
Slovenia,,
Egypt,,
Germany,,
Saudi Arabia,,
Jordan,,
Egypt,,
Morocco,,
Morocco,,
Morocco,,
Turkey,,
Poland,,
Poland,,
Turkey,,
Morocco,Germany,
Morocco,,
Morocco,,
China,,
China,,
Norway,,
China,,
Spain,,
Japan,,
Indonesia,Japan,
Japan,,
USA,,
Tunisia,,
Macedonia,,
Spain,,
USA,,
Iran,,
China,,
Poland,,
Norway,,
Portugal,,
Lithuania,,
Lithuania,,
Iran,,
Iran,,
India,,
Czech Republic,,
Montenegro,,
Canada,,
Austria,,
Turkey,,
Turkey,,
Canada,,
Canada,,
Iran,,
Iran,,
Iran,,
Iran,USA,
USA,,
Germany,Brazil,
Poland,,
Poland,,
