0,1,2,3,4,5,6,7,8,9,10,11
USA,,,,,,,,,,,
USA,,,,,,,,,,,
Australia,,,,,,,,,,,
USA,,,,,,,,,,,
Japan,,,,,,,,,,,
Taiwan,,,,,,,,,,,
Taiwan,Russia,,,,,,,,,,
Japan,,,,,,,,,,,
Korea,,,,,,,,,,,
China,,,,,,,,,,,
China,,,,,,,,,,,
USA,,,,,,,,,,,
Japan,,,,,,,,,,,
China,,,,,,,,,,,
China,,,,,,,,,,,
New Zealand,Canada,,,,,,,,,,
China,,,,,,,,,,,
China,,,,,,,,,,,
Sweden,,,,,,,,,,,
USA,,,,,,,,,,,
USA,,,,,,,,,,,
USA,,,,,,,,,,,
Australia,USA,UK,,,,,,,,,
Greece,,,,,,,,,,,
Germany,USA,,,,,,,,,,
Brazil,,,,,,,,,,,
China,Japan,,,,,,,,,,
USA,,,,,,,,,,,
Japan,,,,,,,,,,,
Slovenia,,,,,,,,,,,
Poland,,,,,,,,,,,
Brazil,,,,,,,,,,,
Malaysia,,,,,,,,,,,
Iran,,,,,,,,,,,
The Netherlands,,,,,,,,,,,
Germany,Switzerland,,,,,,,,,,
Sweden,,,,,,,,,,,
USA,,,,,,,,,,,
Mexico,USA,,,,,,,,,,
Malaysia,,,,,,,,,,,
Spain,,,,,,,,,,,
China,,,,,,,,,,,
China,,,,,,,,,,,
Australia,,,,,,,,,,,
Portugal,,,,,,,,,,,
Philippines,,,,,,,,,,,
Italy,,,,,,,,,,,
Japan,,,,,,,,,,,
USA,,,,,,,,,,,
Spain,,,,,,,,,,,
Germany,USA,,,,,,,,,,
Slovakia,,,,,,,,,,,
Korea,,,,,,,,,,,
France,,,,,,,,,,,
Malaysia,,,,,,,,,,,
China,,,,,,,,,,,
Serbia,,,,,,,,,,,
Malaysia,France,Japan,,,,,,,,,
Malaysia,,,,,,,,,,,
Korea,,,,,,,,,,,
Germany,Jordan,Saudi Arabia,,,,,,,,,
USA,,,,,,,,,,,
Belgium,,,,,,,,,,,
USA,,,,,,,,,,,
Italy,,,,,,,,,,,
China,USA,,,,,,,,,,
Spain,,,,,,,,,,,
Japan,,,,,,,,,,,
Korea,China,,,,,,,,,,
USA,,,,,,,,,,,
Japan,,,,,,,,,,,
France,,,,,,,,,,,
Spain,,,,,,,,,,,
Germany,Belgium,France,Canada,,,,,,,,
China,,,,,,,,,,,
China,,,,,,,,,,,
Germany,France,,,,,,,,,,
Canada,,,,,,,,,,,
Morocco,Germany,,,,,,,,,,
Japan,,,,,,,,,,,
Malaysia,,,,,,,,,,,
Mexico,,,,,,,,,,,
Germany,,,,,,,,,,,
USA,,,,,,,,,,,
Malaysia,,,,,,,,,,,
USA,,,,,,,,,,,
Spain,Mexico,,,,,,,,,,
Taiwan,,,,,,,,,,,
France,USA,,,,,,,,,,
China,USA,,,,,,,,,,
Brazil,,,,,,,,,,,
China,,,,,,,,,,,
Spain,,,,,,,,,,,
USA,,,,,,,,,,,
Canada,,,,,,,,,,,
Oman,,,,,,,,,,,
Switzerland,,,,,,,,,,,
Egypt,,,,,,,,,,,
Ukraine,,,,,,,,,,,
Russia,,,,,,,,,,,
USA,,,,,,,,,,,
USA,,,,,,,,,,,
Ukraine,Japan,,,,,,,,,,
Sweden,Canada,,,,,,,,,,
New Zealand,,,,,,,,,,,
China,USA,,,,,,,,,,
USA,,,,,,,,,,,
Japan,,,,,,,,,,,
China,,,,,,,,,,,
Kuwait,,,,,,,,,,,
Japan,,,,,,,,,,,
UK,,,,,,,,,,,
Mexico,,,,,,,,,,,
Brazil,,,,,,,,,,,
Brazil,,,,,,,,,,,
Italy,,,,,,,,,,,
Korea,,,,,,,,,,,
South Africa,Switzerland,,,,,,,,,,
Korea,Pakistan,,,,,,,,,,
Czech Republic,Serbia,,,,,,,,,,
Canada,,,,,,,,,,,
Egypt,Qatar,USA,,,,,,,,,
Italy,,,,,,,,,,,
Sweden,Germany,France,,,,,,,,,
Canada,,,,,,,,,,,
Japan,,,,,,,,,,,
Poland,,,,,,,,,,,
Bulgaria,Slovakia,UK,,,,,,,,,
Czech Republic,Slovakia,,,,,,,,,,
China,,,,,,,,,,,
China,,,,,,,,,,,
China,,,,,,,,,,,
Colombia,,,,,,,,,,,
South Africa,,,,,,,,,,,
Greece,,,,,,,,,,,
Korea,,,,,,,,,,,
UK,,,,,,,,,,,
Taiwan,,,,,,,,,,,
Taiwan,,,,,,,,,,,
Japan,,,,,,,,,,,
Mexico,,,,,,,,,,,
Brazil,,,,,,,,,,,
Lebanon,,,,,,,,,,,
USA,,,,,,,,,,,
Australia,,,,,,,,,,,
France,,,,,,,,,,,
Italy,,,,,,,,,,,
Germany,USA,,,,,,,,,,
Italy,,,,,,,,,,,
Morocco,France,,,,,,,,,,
France,,,,,,,,,,,
USA,,,,,,,,,,,
USA,,,,,,,,,,,
USA,,,,,,,,,,,
Switzerland,,,,,,,,,,,
USA,,,,,,,,,,,
Switzerland,,,,,,,,,,,
Italy,,,,,,,,,,,
Malta,Austria,,,,,,,,,,
Australia,,,,,,,,,,,
China,,,,,,,,,,,
USA,,,,,,,,,,,
Germany,Spain,,,,,,,,,,
Spain,Argentina,,,,,,,,,,
Germany,,,,,,,,,,,
Taiwan,,,,,,,,,,,
Italy,,,,,,,,,,,
Uganda,,,,,,,,,,,
Canada,,,,,,,,,,,
Portugal,Spain,,,,,,,,,,
Spain,Italy,,,,,,,,,,
USA,,,,,,,,,,,
China,,,,,,,,,,,
Poland,,,,,,,,,,,
Spain,,,,,,,,,,,
China,,,,,,,,,,,
Spain,,,,,,,,,,,
Korea,,,,,,,,,,,
Korea,,,,,,,,,,,
China,Taiwan,,,,,,,,,,
Romania,,,,,,,,,,,
Malaysia,,,,,,,,,,,
Germany,,,,,,,,,,,
Cameroon,South Africa,,,,,,,,,,
Egypt,,,,,,,,,,,
USA,,,,,,,,,,,
Italy,Saudi Arabia,,,,,,,,,,
Romania,,,,,,,,,,,
Japan,USA,,,,,,,,,,
Spain,Italy,,,,,,,,,,
China,USA,,,,,,,,,,
Japan,,,,,,,,,,,
China,,,,,,,,,,,
Brazil,,,,,,,,,,,
Spain,Chile,,,,,,,,,,
Germany,Kenya,Ghana,,,,,,,,,
China,,,,,,,,,,,
USA,,,,,,,,,,,
Canada,,,,,,,,,,,
Poland,,,,,,,,,,,
China,,,,,,,,,,,
USA,,,,,,,,,,,
Brazil,,,,,,,,,,,
Spain,Chile,,,,,,,,,,
USA,,,,,,,,,,,
USA,,,,,,,,,,,
Korea,,,,,,,,,,,
Taiwan,,,,,,,,,,,
China,Japan,,,,,,,,,,
Germany,,,,,,,,,,,
China,,,,,,,,,,,
USA,,,,,,,,,,,
China,,,,,,,,,,,
Australia,,,,,,,,,,,
Brazil,,,,,,,,,,,
Sweden,UK,USA,,,,,,,,,
France,Tunisia,,,,,,,,,,
China,,,,,,,,,,,
China,,,,,,,,,,,
Czech Republic,,,,,,,,,,,
Cameroon,Pakistan,,,,,,,,,,
USA,,,,,,,,,,,
USA,,,,,,,,,,,
USA,,,,,,,,,,,
USA,,,,,,,,,,,
USA,Israel,,,,,,,,,,
UK,USA,,,,,,,,,,
Brazil,,,,,,,,,,,
China,,,,,,,,,,,
Italy,,,,,,,,,,,
The Netherlands,Germany,,,,,,,,,,
Ireland,,,,,,,,,,,
UK,,,,,,,,,,,
Norway,,,,,,,,,,,
USA,,,,,,,,,,,
South Africa,,,,,,,,,,,
Germany,Greece,,,,,,,,,,
Brazil,,,,,,,,,,,
Japan,,,,,,,,,,,
China,,,,,,,,,,,
Korea,,,,,,,,,,,
Canada,,,,,,,,,,,
Australia,,,,,,,,,,,
Germany,,,,,,,,,,,
Brazil,,,,,,,,,,,
Mexico,,,,,,,,,,,
USA,,,,,,,,,,,
Spain,Russia,,,,,,,,,,
USA,,,,,,,,,,,
Taiwan,,,,,,,,,,,
Spain,,,,,,,,,,,
USA,,,,,,,,,,,
The Netherlands,,,,,,,,,,,
China,,,,,,,,,,,
Brazil,,,,,,,,,,,
Denmark,,,,,,,,,,,
China,,,,,,,,,,,
Japan,,,,,,,,,,,
Egypt,Saudi Arabia,,,,,,,,,,
China,,,,,,,,,,,
Egypt,,,,,,,,,,,
Korea,,,,,,,,,,,
Egypt,,,,,,,,,,,
Italy,,,,,,,,,,,
USA,,,,,,,,,,,
Japan,,,,,,,,,,,
New Zealand,,,,,,,,,,,
USA,,,,,,,,,,,
USA,,,,,,,,,,,
Japan,,,,,,,,,,,
China,,,,,,,,,,,
Cameroon,,,,,,,,,,,
Portugal,Brazil,,,,,,,,,,
Japan,,,,,,,,,,,
USA,,,,,,,,,,,
China,Italy,USA,,,,,,,,,
Japan,USA,,,,,,,,,,
UK,,,,,,,,,,,
USA,,,,,,,,,,,
USA,,,,,,,,,,,
Switzerland,,,,,,,,,,,
USA,,,,,,,,,,,
USA,,,,,,,,,,,
USA,,,,,,,,,,,
Argentina,,,,,,,,,,,
Italy,,,,,,,,,,,
China,,,,,,,,,,,
Pakistan,,,,,,,,,,,
USA,,,,,,,,,,,
Ukraine,Israel,,,,,,,,,,
Italy,,,,,,,,,,,
Romania,,,,,,,,,,,
France,,,,,,,,,,,
Estonia,France,Russia,,,,,,,,,
Australia,,,,,,,,,,,
USA,,,,,,,,,,,
USA,,,,,,,,,,,
China,,,,,,,,,,,
Brazil,,,,,,,,,,,
Japan,,,,,,,,,,,
Taiwan,,,,,,,,,,,
Denmark,Japan,,,,,,,,,,
Brazil,,,,,,,,,,,
Croatia,,,,,,,,,,,
USA,,,,,,,,,,,
China,Taiwan,,,,,,,,,,
Taiwan,,,,,,,,,,,
China,Taiwan,,,,,,,,,,
Italy,,,,,,,,,,,
India,,,,,,,,,,,
India,,,,,,,,,,,
Australia,Sweden,USA,,,,,,,,,
The Netherlands,,,,,,,,,,,
USA,,,,,,,,,,,
Korea,,,,,,,,,,,
Japan,,,,,,,,,,,
Japan,,,,,,,,,,,
Japan,,,,,,,,,,,
Korea,,,,,,,,,,,
Canada,,,,,,,,,,,
Japan,,,,,,,,,,,
USA,,,,,,,,,,,
Saudi Arabia,,,,,,,,,,,
Korea,,,,,,,,,,,
Korea,,,,,,,,,,,
Japan,USA,,,,,,,,,,
Portugal,Germany,,,,,,,,,,
USA,,,,,,,,,,,
Germany,UK,,,,,,,,,,
Australia,,,,,,,,,,,
Spain,,,,,,,,,,,
Spain,,,,,,,,,,,
Spain,,,,,,,,,,,
South Africa,,,,,,,,,,,
Japan,,,,,,,,,,,
Spain,,,,,,,,,,,
Cameroon,South Africa,,,,,,,,,,
Italy,,,,,,,,,,,
Italy,,,,,,,,,,,
Korea,,,,,,,,,,,
Japan,,,,,,,,,,,
USA,,,,,,,,,,,
Germany,,,,,,,,,,,
Japan,,,,,,,,,,,
Spain,,,,,,,,,,,
USA,,,,,,,,,,,
Denmark,,,,,,,,,,,
Italy,,,,,,,,,,,
Pakistan,USA,,,,,,,,,,
USA,,,,,,,,,,,
USA,,,,,,,,,,,
Japan,USA,,,,,,,,,,
USA,,,,,,,,,,,
Morocco,,,,,,,,,,,
Italy,,,,,,,,,,,
Portugal,,,,,,,,,,,
USA,,,,,,,,,,,
France,,,,,,,,,,,
Thailand,Japan,,,,,,,,,,
Kuwait,,,,,,,,,,,
Malaysia,Vietnam,,,,,,,,,,
Pakistan,Saudi Arabia,,,,,,,,,,
Malaysia,,,,,,,,,,,
Germany,USA,UK,,,,,,,,,
USA,,,,,,,,,,,
Mexico,,,,,,,,,,,
China,,,,,,,,,,,
Uzbekistan,Japan,,,,,,,,,,
UK,,,,,,,,,,,
USA,,,,,,,,,,,
Italy,,,,,,,,,,,
USA,,,,,,,,,,,
Japan,,,,,,,,,,,
China,,,,,,,,,,,
Germany,Pakistan,,,,,,,,,,
USA,,,,,,,,,,,
Taiwan,,,,,,,,,,,
UK,,,,,,,,,,,
Saudi Arabia,,,,,,,,,,,
Australia,,,,,,,,,,,
Australia,UK,,,,,,,,,,
Denmark,,,,,,,,,,,
Egypt,Saudi Arabia,,,,,,,,,,
Spain,Japan,,,,,,,,,,
Italy,USA,,,,,,,,,,
Sweden,USA,,,,,,,,,,
Australia,,,,,,,,,,,
Germany,Korea,,,,,,,,,,
USA,,,,,,,,,,,
Brazil,,,,,,,,,,,
UK,,,,,,,,,,,
Belgium,,,,,,,,,,,
China,,,,,,,,,,,
Taiwan,,,,,,,,,,,
USA,,,,,,,,,,,
Taiwan,,,,,,,,,,,
China,,,,,,,,,,,
Malaysia,,,,,,,,,,,
China,,,,,,,,,,,
China,,,,,,,,,,,
China,,,,,,,,,,,
China,,,,,,,,,,,
Germany,,,,,,,,,,,
The Netherlands,,,,,,,,,,,
USA,,,,,,,,,,,
China,,,,,,,,,,,
Spain,,,,,,,,,,,
Canada,,,,,,,,,,,
China,,,,,,,,,,,
Australia,,,,,,,,,,,
USA,,,,,,,,,,,
USA,,,,,,,,,,,
Italy,,,,,,,,,,,
France,,,,,,,,,,,
India,,,,,,,,,,,
India,,,,,,,,,,,
USA,,,,,,,,,,,
Germany,,,,,,,,,,,
Iran,Japan,,,,,,,,,,
UK,,,,,,,,,,,
Taiwan,,,,,,,,,,,
China,,,,,,,,,,,
China,,,,,,,,,,,
Germany,,,,,,,,,,,
Chile,USA,,,,,,,,,,
China,,,,,,,,,,,
Argentina,,,,,,,,,,,
Korea,,,,,,,,,,,
Germany,Pakistan,,,,,,,,,,
Bosnia and Herzegovina,Italy,Pakistan,,,,,,,,,
China,,,,,,,,,,,
USA,,,,,,,,,,,
China,,,,,,,,,,,
France,,,,,,,,,,,
Taiwan,,,,,,,,,,,
China,,,,,,,,,,,
Taiwan,,,,,,,,,,,
China,,,,,,,,,,,
Spain,,,,,,,,,,,
USA,,,,,,,,,,,
Sweden,,,,,,,,,,,
Cyprus,,,,,,,,,,,
USA,,,,,,,,,,,
Canada,,,,,,,,,,,
Uganda,USA,UK,,,,,,,,,
Spain,France,,,,,,,,,,
China,,,,,,,,,,,
USA,,,,,,,,,,,
China,USA,,,,,,,,,,
Japan,,,,,,,,,,,
USA,,,,,,,,,,,
Turkey,,,,,,,,,,,
Iran,,,,,,,,,,,
Iran,,,,,,,,,,,
Turkey,,,,,,,,,,,
Iran,,,,,,,,,,,
Turkey,,,,,,,,,,,
Turkey,,,,,,,,,,,
Turkey,,,,,,,,,,,
Turkey,,,,,,,,,,,
Turkey,,,,,,,,,,,
Iran,,,,,,,,,,,
Turkey,,,,,,,,,,,
Turkey,,,,,,,,,,,
Turkey,USA,,,,,,,,,,
Turkey,,,,,,,,,,,
Turkey,,,,,,,,,,,
Taiwan,,,,,,,,,,,
Turkey,,,,,,,,,,,
Turkey,,,,,,,,,,,
Turkey,,,,,,,,,,,
Turkey,,,,,,,,,,,
Turkey,,,,,,,,,,,
Turkey,,,,,,,,,,,
Turkey,,,,,,,,,,,
Turkey,,,,,,,,,,,
Turkey,,,,,,,,,,,
Turkey,,,,,,,,,,,
Turkey,,,,,,,,,,,
Turkey,,,,,,,,,,,
Turkey,,,,,,,,,,,
Turkey,,,,,,,,,,,
Turkey,,,,,,,,,,,
Turkey,,,,,,,,,,,
Turkey,,,,,,,,,,,
Romania,,,,,,,,,,,
Poland,Italy,,,,,,,,,,
Brazil,Mexico,,,,,,,,,,
Brazil,,,,,,,,,,,
China,,,,,,,,,,,
China,,,,,,,,,,,
Italy,,,,,,,,,,,
Taiwan,,,,,,,,,,,
The Netherlands,,,,,,,,,,,
Canada,,,,,,,,,,,
China,,,,,,,,,,,
China,USA,,,,,,,,,,
Malaysia,,,,,,,,,,,
USA,,,,,,,,,,,
Malaysia,,,,,,,,,,,
USA,,,,,,,,,,,
Canada,,,,,,,,,,,
Spain,Belgium,,,,,,,,,,
Germany,Austria,USA,,,,,,,,,
Malaysia,,,,,,,,,,,
USA,,,,,,,,,,,
Spain,Italy,,,,,,,,,,
Spain,Taiwan,Canada,USA,,,,,,,,
Canada,,,,,,,,,,,
UK,USA,,,,,,,,,,
USA,,,,,,,,,,,
France,Tunisia,,,,,,,,,,
Malaysia,,,,,,,,,,,
Germany,South Africa,,,,,,,,,,
Indonesia,Malaysia,Iran,,,,,,,,,
Chile,,,,,,,,,,,
USA,,,,,,,,,,,
USA,,,,,,,,,,,
Malaysia,Iran,,,,,,,,,,
Switzerland,,,,,,,,,,,
Mexico,,,,,,,,,,,
Australia,Malaysia,,,,,,,,,,
USA,,,,,,,,,,,
Austria,,,,,,,,,,,
Austria,,,,,,,,,,,
Japan,,,,,,,,,,,
Egypt,Saudi Arabia,,,,,,,,,,
China,,,,,,,,,,,
China,,,,,,,,,,,
China,,,,,,,,,,,
Spain,USA,,,,,,,,,,
Taiwan,,,,,,,,,,,
Mexico,,,,,,,,,,,
Italy,,,,,,,,,,,
Croatia,,,,,,,,,,,
France,USA,,,,,,,,,,
USA,,,,,,,,,,,
Slovakia,,,,,,,,,,,
Serbia,,,,,,,,,,,
USA,,,,,,,,,,,
Japan,,,,,,,,,,,
Canada,,,,,,,,,,,
Denmark,Spain,,,,,,,,,,
Korea,,,,,,,,,,,
Spain,France,,,,,,,,,,
Korea,,,,,,,,,,,
Tunisia,,,,,,,,,,,
Germany,Finland,,,,,,,,,,
Poland,Russia,,,,,,,,,,
Spain,,,,,,,,,,,
Canada,,,,,,,,,,,
Korea,,,,,,,,,,,
Mexico,Spain,USA,,,,,,,,,
Korea,USA,,,,,,,,,,
China,,,,,,,,,,,
China,,,,,,,,,,,
China,USA,,,,,,,,,,
Canada,,,,,,,,,,,
Spain,Argentina,,,,,,,,,,
Taiwan,,,,,,,,,,,
Spain,Switzerland,,,,,,,,,,
Japan,,,,,,,,,,,
Spain,,,,,,,,,,,
Japan,USA,,,,,,,,,,
Finland,UK,,,,,,,,,,
Taiwan,,,,,,,,,,,
Brazil,,,,,,,,,,,
Argentina,,,,,,,,,,,
USA,,,,,,,,,,,
China,,,,,,,,,,,
Brazil,,,,,,,,,,,
USA,,,,,,,,,,,
China,USA,,,,,,,,,,
China,,,,,,,,,,,
Italy,,,,,,,,,,,
Germany,,,,,,,,,,,
Brazil,,,,,,,,,,,
USA,,,,,,,,,,,
USA,,,,,,,,,,,
Australia,,,,,,,,,,,
USA,,,,,,,,,,,
USA,,,,,,,,,,,
Japan,,,,,,,,,,,
Japan,,,,,,,,,,,
China,,,,,,,,,,,
Brazil,,,,,,,,,,,
Spain,,,,,,,,,,,
Iran,,,,,,,,,,,
Canada,,,,,,,,,,,
Russia,,,,,,,,,,,
China,,,,,,,,,,,
New Zealand,,,,,,,,,,,
Greece,UK,,,,,,,,,,
China,USA,,,,,,,,,,
Germany,USA,,,,,,,,,,
Italy,,,,,,,,,,,
China,,,,,,,,,,,
Germany,Israel,,,,,,,,,,
USA,,,,,,,,,,,
Singapore,Spain,UK,USA,,,,,,,,
China,,,,,,,,,,,
Japan,,,,,,,,,,,
USA,,,,,,,,,,,
Denmark,,,,,,,,,,,
China,,,,,,,,,,,
Korea,,,,,,,,,,,
Taiwan,,,,,,,,,,,
Spain,,,,,,,,,,,
The Netherlands,USA,,,,,,,,,,
India,,,,,,,,,,,
USA,,,,,,,,,,,
China,Finland,,,,,,,,,,
China,,,,,,,,,,,
Malaysia,,,,,,,,,,,
Malaysia,,,,,,,,,,,
Brazil,,,,,,,,,,,
Brazil,,,,,,,,,,,
Lebanon,,,,,,,,,,,
Taiwan,,,,,,,,,,,
USA,,,,,,,,,,,
UK,,,,,,,,,,,
China,,,,,,,,,,,
USA,,,,,,,,,,,
Switzerland,,,,,,,,,,,
Slovenia,,,,,,,,,,,
Korea,,,,,,,,,,,
USA,,,,,,,,,,,
Australia,USA,UK,,,,,,,,,
USA,,,,,,,,,,,
China,,,,,,,,,,,
Mexico,,,,,,,,,,,
Korea,USA,,,,,,,,,,
USA,,,,,,,,,,,
USA,,,,,,,,,,,
USA,,,,,,,,,,,
Spain,,,,,,,,,,,
Spain,,,,,,,,,,,
USA,,,,,,,,,,,
USA,,,,,,,,,,,
Portugal,,,,,,,,,,,
China,,,,,,,,,,,
Taiwan,,,,,,,,,,,
China,,,,,,,,,,,
Korea,,,,,,,,,,,
Taiwan,UK,,,,,,,,,,
China,,,,,,,,,,,
Spain,,,,,,,,,,,
The Netherlands,USA,,,,,,,,,,
Spain,,,,,,,,,,,
USA,,,,,,,,,,,
Belgium,Philippines,,,,,,,,,,
New Zealand,USA,,,,,,,,,,
Finland,,,,,,,,,,,
Malaysia,,,,,,,,,,,
The Netherlands,,,,,,,,,,,
Spain,Cuba,,,,,,,,,,
Finland,USA,,,,,,,,,,
Germany,,,,,,,,,,,
USA,,,,,,,,,,,
South Africa,Nigeria,,,,,,,,,,
China,,,,,,,,,,,
USA,,,,,,,,,,,
USA,,,,,,,,,,,
China,,,,,,,,,,,
Korea,,,,,,,,,,,
The Netherlands,,,,,,,,,,,
Japan,,,,,,,,,,,
Australia,,,,,,,,,,,
Canada,,,,,,,,,,,
USA,,,,,,,,,,,
UK,,,,,,,,,,,
USA,,,,,,,,,,,
USA,,,,,,,,,,,
Brazil,USA,,,,,,,,,,
China,,,,,,,,,,,
USA,,,,,,,,,,,
Brazil,,,,,,,,,,,
Mexico,,,,,,,,,,,
UK,,,,,,,,,,,
Germany,,,,,,,,,,,
Mexico,France,,,,,,,,,,
USA,,,,,,,,,,,
USA,,,,,,,,,,,
Canada,,,,,,,,,,,
Uganda,,,,,,,,,,,
Germany,,,,,,,,,,,
Russia,Japan,,,,,,,,,,
Italy,,,,,,,,,,,
Korea,,,,,,,,,,,
USA,,,,,,,,,,,
China,USA,,,,,,,,,,
China,,,,,,,,,,,
Portugal,,,,,,,,,,,
Canada,USA,,,,,,,,,,
Spain,,,,,,,,,,,
Australia,,,,,,,,,,,
Japan,,,,,,,,,,,
USA,,,,,,,,,,,
UK,,,,,,,,,,,
USA,,,,,,,,,,,
UK,,,,,,,,,,,
USA,,,,,,,,,,,
USA,,,,,,,,,,,
Germany,Israel,,,,,,,,,,
Portugal,,,,,,,,,,,
USA,,,,,,,,,,,
Poland,,,,,,,,,,,
Poland,Germany,Austria,,,,,,,,,
Poland,,,,,,,,,,,
Hungary,,,,,,,,,,,
France,USA,,,,,,,,,,
India,,,,,,,,,,,
Germany,,,,,,,,,,,
The Netherlands,Pakistan,,,,,,,,,,
China,,,,,,,,,,,
Brazil,,,,,,,,,,,
France,,,,,,,,,,,
Italy,,,,,,,,,,,
Japan,,,,,,,,,,,
USA,,,,,,,,,,,
USA,,,,,,,,,,,
China,,,,,,,,,,,
Germany,Italy,Romania,,,,,,,,,
Poland,,,,,,,,,,,
Spain,,,,,,,,,,,
Spain,,,,,,,,,,,
Australia,,,,,,,,,,,
Malaysia,,,,,,,,,,,
UK,Canada,,,,,,,,,,
Spain,Bulgaria,Mexico,Canada,,,,,,,,
UK,,,,,,,,,,,
UK,,,,,,,,,,,
France,Romania,,,,,,,,,,
China,,,,,,,,,,,
United Arab Emirates,,,,,,,,,,,
Spain,,,,,,,,,,,
Indonesia,,,,,,,,,,,
Greece,,,,,,,,,,,
USA,,,,,,,,,,,
Germany,,,,,,,,,,,
USA,,,,,,,,,,,
Italy,,,,,,,,,,,
France,,,,,,,,,,,
The Netherlands,,,,,,,,,,,
Canada,,,,,,,,,,,
Japan,,,,,,,,,,,
China,,,,,,,,,,,
Germany,USA,Israel,,,,,,,,,
USA,Canada,,,,,,,,,,
Taiwan,,,,,,,,,,,
Spain,,,,,,,,,,,
Saudi Arabia,,,,,,,,,,,
China,,,,,,,,,,,
USA,,,,,,,,,,,
Brazil,,,,,,,,,,,
USA,,,,,,,,,,,
Australia,USA,,,,,,,,,,
USA,,,,,,,,,,,
Finland,,,,,,,,,,,
France,,,,,,,,,,,
USA,,,,,,,,,,,
Japan,,,,,,,,,,,
Botswana,USA,Bangladesh,Czech Republic,Portugal,Japan,,,,,,
Australia,Canada,,,,,,,,,,
France,USA,,,,,,,,,,
Australia,New Zealand,,,,,,,,,,
France,Austria,Finland,Italy,,,,,,,,
Japan,,,,,,,,,,,
Brazil,,,,,,,,,,,
Japan,,,,,,,,,,,
UK,,,,,,,,,,,
Taiwan,,,,,,,,,,,
Brazil,,,,,,,,,,,
Brazil,,,,,,,,,,,
Malaysia,Japan,,,,,,,,,,
Czech Republic,Finland,,,,,,,,,,
Slovakia,,,,,,,,,,,
Brazil,,,,,,,,,,,
USA,,,,,,,,,,,
Philippines,,,,,,,,,,,
Korea,USA,,,,,,,,,,
Poland,,,,,,,,,,,
Slovakia,,,,,,,,,,,
UK,,,,,,,,,,,
China,,,,,,,,,,,
Canada,,,,,,,,,,,
Canada,,,,,,,,,,,
Egypt,,,,,,,,,,,
Hungary,,,,,,,,,,,
Hungary,,,,,,,,,,,
USA,,,,,,,,,,,
USA,,,,,,,,,,,
USA,,,,,,,,,,,
Egypt,Jordan,USA,,,,,,,,,
Spain,,,,,,,,,,,
Poland,,,,,,,,,,,
UK,,,,,,,,,,,
Australia,,,,,,,,,,,
Sweden,,,,,,,,,,,
Italy,,,,,,,,,,,
Mexico,,,,,,,,,,,
United Arab Emirates,,,,,,,,,,,
Denmark,Germany,Austria,USA,,,,,,,,
The Netherlands,,,,,,,,,,,
Finland,,,,,,,,,,,
USA,,,,,,,,,,,
UK,,,,,,,,,,,
Korea,,,,,,,,,,,
Malaysia,,,,,,,,,,,
China,,,,,,,,,,,
China,,,,,,,,,,,
USA,,,,,,,,,,,
China,,,,,,,,,,,
Switzerland,USA,,,,,,,,,,
USA,,,,,,,,,,,
Korea,,,,,,,,,,,
China,,,,,,,,,,,
Canada,,,,,,,,,,,
Sweden,,,,,,,,,,,
Saudi Arabia,Canada,,,,,,,,,,
Korea,,,,,,,,,,,
Israel,USA,,,,,,,,,,
Czech Republic,,,,,,,,,,,
USA,Israel,,,,,,,,,,
Denmark,,,,,,,,,,,
China,,,,,,,,,,,
Czech Republic,,,,,,,,,,,
USA,,,,,,,,,,,
Australia,,,,,,,,,,,
Canada,,,,,,,,,,,
Australia,,,,,,,,,,,
USA,,,,,,,,,,,
USA,,,,,,,,,,,
Germany,,,,,,,,,,,
Spain,,,,,,,,,,,
Taiwan,,,,,,,,,,,
Malaysia,,,,,,,,,,,
Japan,,,,,,,,,,,
USA,,,,,,,,,,,
Germany,,,,,,,,,,,
Japan,,,,,,,,,,,
Korea,,,,,,,,,,,
Malaysia,,,,,,,,,,,
Estonia,Finland,,,,,,,,,,
China,,,,,,,,,,,
Denmark,Serbia,,,,,,,,,,
USA,,,,,,,,,,,
China,,,,,,,,,,,
China,,,,,,,,,,,
China,,,,,,,,,,,
Taiwan,,,,,,,,,,,
Brazil,,,,,,,,,,,
Brazil,,,,,,,,,,,
USA,,,,,,,,,,,
USA,,,,,,,,,,,
Portugal,,,,,,,,,,,
Spain,,,,,,,,,,,
USA,Israel,,,,,,,,,,
Latvia,,,,,,,,,,,
Latvia,,,,,,,,,,,
India,,,,,,,,,,,
Estonia,,,,,,,,,,,
USA,,,,,,,,,,,
UK,,,,,,,,,,,
UK,,,,,,,,,,,
Spain,Italy,Canada,,,,,,,,,
USA,,,,,,,,,,,
China,,,,,,,,,,,
France,,,,,,,,,,,
France,,,,,,,,,,,
Malaysia,Japan,,,,,,,,,,
Estonia,,,,,,,,,,,
USA,,,,,,,,,,,
Malaysia,,,,,,,,,,,
Thailand,,,,,,,,,,,
China,,,,,,,,,,,
USA,,,,,,,,,,,
USA,,,,,,,,,,,
China,,,,,,,,,,,
Malaysia,,,,,,,,,,,
China,,,,,,,,,,,
Czech Republic,,,,,,,,,,,
Greece,,,,,,,,,,,
USA,,,,,,,,,,,
Poland,Germany,,,,,,,,,,
Taiwan,,,,,,,,,,,
Korea,,,,,,,,,,,
China,,,,,,,,,,,
Canada,,,,,,,,,,,
Germany,USA,Canada,,,,,,,,,
Australia,France,,,,,,,,,,
USA,,,,,,,,,,,
Brazil,,,,,,,,,,,
USA,,,,,,,,,,,
The Netherlands,Germany,USA,,,,,,,,,
USA,,,,,,,,,,,
Brazil,,,,,,,,,,,
USA,,,,,,,,,,,
Germany,,,,,,,,,,,
China,,,,,,,,,,,
Japan,,,,,,,,,,,
Korea,,,,,,,,,,,
China,,,,,,,,,,,
Malaysia,,,,,,,,,,,
USA,,,,,,,,,,,
South Africa,UK,,,,,,,,,,
Australia,,,,,,,,,,,
Switzerland,,,,,,,,,,,
USA,,,,,,,,,,,
Russia,,,,,,,,,,,
Germany,,,,,,,,,,,
Czech Republic,,,,,,,,,,,
Germany,,,,,,,,,,,
China,,,,,,,,,,,
USA,,,,,,,,,,,
China,,,,,,,,,,,
Spain,,,,,,,,,,,
China,,,,,,,,,,,
Brazil,France,,,,,,,,,,
Japan,,,,,,,,,,,
USA,,,,,,,,,,,
Japan,,,,,,,,,,,
USA,,,,,,,,,,,
Spain,,,,,,,,,,,
Israel,,,,,,,,,,,
Mexico,,,,,,,,,,,
USA,,,,,,,,,,,
China,,,,,,,,,,,
Iran,,,,,,,,,,,
Spain,Argentina,,,,,,,,,,
Taiwan,,,,,,,,,,,
Canada,,,,,,,,,,,
Taiwan,,,,,,,,,,,
Germany,,,,,,,,,,,
Australia,,,,,,,,,,,
Slovenia,,,,,,,,,,,
Indonesia,,,,,,,,,,,
USA,,,,,,,,,,,
Cameroon,South Africa,,,,,,,,,,
USA,,,,,,,,,,,
Argentina,,,,,,,,,,,
The Netherlands,Germany,,,,,,,,,,
USA,,,,,,,,,,,
Spain,,,,,,,,,,,
Spain,,,,,,,,,,,
Brazil,,,,,,,,,,,
UK,,,,,,,,,,,
Mexico,,,,,,,,,,,
USA,,,,,,,,,,,
Korea,,,,,,,,,,,
Finland,,,,,,,,,,,
Canada,,,,,,,,,,,
Australia,Austria,,,,,,,,,,
Sweden,,,,,,,,,,,
USA,,,,,,,,,,,
Italy,,,,,,,,,,,
Japan,,,,,,,,,,,
Japan,,,,,,,,,,,
USA,,,,,,,,,,,
Finland,,,,,,,,,,,
China,,,,,,,,,,,
The Netherlands,Philippines,,,,,,,,,,
China,,,,,,,,,,,
China,,,,,,,,,,,
China,,,,,,,,,,,
Korea,,,,,,,,,,,
Korea,,,,,,,,,,,
Spain,USA,,,,,,,,,,
China,,,,,,,,,,,
Germany,,,,,,,,,,,
Korea,,,,,,,,,,,
Brazil,,,,,,,,,,,
USA,,,,,,,,,,,
Japan,,,,,,,,,,,
Sweden,,,,,,,,,,,
The Netherlands,Belgium,,,,,,,,,,
China,,,,,,,,,,,
Brazil,,,,,,,,,,,
Italy,,,,,,,,,,,
Iran,,,,,,,,,,,
USA,,,,,,,,,,,
China,,,,,,,,,,,
Spain,,,,,,,,,,,
Portugal,,,,,,,,,,,
Thailand,,,,,,,,,,,
Denmark,Brunei,,,,,,,,,,
China,,,,,,,,,,,
Sweden,USA,,,,,,,,,,
Canada,,,,,,,,,,,
Japan,,,,,,,,,,,
China,Japan,,,,,,,,,,
Denmark,Saudi Arabia,USA,,,,,,,,,
China,,,,,,,,,,,
USA,,,,,,,,,,,
China,,,,,,,,,,,
The Netherlands,Switzerland,USA,,,,,,,,,
China,Japan,,,,,,,,,,
Japan,,,,,,,,,,,
USA,,,,,,,,,,,
Germany,Switzerland,,,,,,,,,,
Cyprus,,,,,,,,,,,
Brazil,,,,,,,,,,,
Australia,,,,,,,,,,,
Malaysia,,,,,,,,,,,
USA,,,,,,,,,,,
Canada,,,,,,,,,,,
Spain,,,,,,,,,,,
UK,,,,,,,,,,,
Australia,Italy,Denmark,Canada,,,,,,,,
Iran,,,,,,,,,,,
Italy,,,,,,,,,,,
Italy,Switzerland,,,,,,,,,,
Taiwan,,,,,,,,,,,
Spain,,,,,,,,,,,
Malaysia,,,,,,,,,,,
Mexico,,,,,,,,,,,
Japan,,,,,,,,,,,
South Africa,,,,,,,,,,,
Korea,,,,,,,,,,,
China,,,,,,,,,,,
China,,,,,,,,,,,
Poland,,,,,,,,,,,
Brazil,France,,,,,,,,,,
Malaysia,,,,,,,,,,,
USA,,,,,,,,,,,
Spain,,,,,,,,,,,
Italy,,,,,,,,,,,
Korea,,,,,,,,,,,
USA,,,,,,,,,,,
Canada,,,,,,,,,,,
Japan,UK,,,,,,,,,,
USA,,,,,,,,,,,
China,,,,,,,,,,,
Norway,USA,,,,,,,,,,
Spain,,,,,,,,,,,
Australia,,,,,,,,,,,
Germany,,,,,,,,,,,
Spain,Chile,,,,,,,,,,
Argentina,,,,,,,,,,,
Singapore,,,,,,,,,,,
China,,,,,,,,,,,
Australia,,,,,,,,,,,
Germany,Switzerland,,,,,,,,,,
Denmark,,,,,,,,,,,
Brazil,,,,,,,,,,,
USA,,,,,,,,,,,
The Netherlands,USA,,,,,,,,,,
Spain,,,,,,,,,,,
Saudi Arabia,,,,,,,,,,,
Brazil,,,,,,,,,,,
Italy,,,,,,,,,,,
China,South Africa,,,,,,,,,,
China,USA,,,,,,,,,,
France,Canada,,,,,,,,,,
USA,,,,,,,,,,,
USA,,,,,,,,,,,
India,,,,,,,,,,,
Germany,Switzerland,,,,,,,,,,
Denmark,Spain,USA,,,,,,,,,
USA,,,,,,,,,,,
USA,,,,,,,,,,,
Spain,,,,,,,,,,,
USA,,,,,,,,,,,
China,Canada,,,,,,,,,,
Taiwan,,,,,,,,,,,
Germany,,,,,,,,,,,
Brazil,,,,,,,,,,,
Taiwan,,,,,,,,,,,
China,,,,,,,,,,,
Taiwan,,,,,,,,,,,
South Africa,,,,,,,,,,,
Korea,,,,,,,,,,,
USA,,,,,,,,,,,
USA,,,,,,,,,,,
Australia,,,,,,,,,,,
China,Canada,,,,,,,,,,
Germany,Brazil,,,,,,,,,,
Malaysia,,,,,,,,,,,
Mexico,,,,,,,,,,,
China,,,,,,,,,,,
Korea,,,,,,,,,,,
The Netherlands,Tanzania,UK,Canada,,,,,,,,
Canada,,,,,,,,,,,
Australia,,,,,,,,,,,
Germany,Austria,Switzerland,,,,,,,,,
Taiwan,,,,,,,,,,,
Italy,,,,,,,,,,,
USA,,,,,,,,,,,
USA,,,,,,,,,,,
Germany,Spain,Canada,,,,,,,,,
Canada,USA,,,,,,,,,,
Germany,,,,,,,,,,,
Singapore,,,,,,,,,,,
Germany,,,,,,,,,,,
India,,,,,,,,,,,
USA,,,,,,,,,,,
Switzerland,USA,,,,,,,,,,
France,USA,,,,,,,,,,
USA,,,,,,,,,,,
Germany,Singapore,,,,,,,,,,
China,,,,,,,,,,,
Greece,,,,,,,,,,,
USA,,,,,,,,,,,
Italy,USA,,,,,,,,,,
USA,,,,,,,,,,,
Korea,,,,,,,,,,,
Greece,,,,,,,,,,,
Australia,Indonesia,,,,,,,,,,
Finland,,,,,,,,,,,
Canada,,,,,,,,,,,
Italy,,,,,,,,,,,
Japan,,,,,,,,,,,
Mexico,,,,,,,,,,,
China,,,,,,,,,,,
Portugal,,,,,,,,,,,
USA,Tunisia,,,,,,,,,,
China,,,,,,,,,,,
Korea,Bangladesh,,,,,,,,,,
Japan,,,,,,,,,,,
Australia,Malaysia,,,,,,,,,,
Spain,,,,,,,,,,,
Ukraine,Poland,Japan,,,,,,,,,
USA,,,,,,,,,,,
Australia,,,,,,,,,,,
Canada,,,,,,,,,,,
Egypt,Saudi Arabia,,,,,,,,,,
Italy,,,,,,,,,,,
France,,,,,,,,,,,
China,,,,,,,,,,,
Mexico,,,,,,,,,,,
Italy,,,,,,,,,,,
Denmark,Belgium,,,,,,,,,,
Taiwan,,,,,,,,,,,
USA,,,,,,,,,,,
Taiwan,,,,,,,,,,,
Germany,Croatia,,,,,,,,,,
Japan,,,,,,,,,,,
Japan,,,,,,,,,,,
Argentina,,,,,,,,,,,
Spain,,,,,,,,,,,
Spain,,,,,,,,,,,
China,,,,,,,,,,,
Taiwan,,,,,,,,,,,
Austria,,,,,,,,,,,
Australia,,,,,,,,,,,
USA,,,,,,,,,,,
Portugal,Brazil,,,,,,,,,,
Japan,,,,,,,,,,,
Australia,USA,,,,,,,,,,
USA,,,,,,,,,,,
Thailand,Japan,,,,,,,,,,
Belgium,,,,,,,,,,,
USA,,,,,,,,,,,
USA,,,,,,,,,,,
China,,,,,,,,,,,
Canada,,,,,,,,,,,
India,,,,,,,,,,,
USA,Israel,,,,,,,,,,
Colombia,,,,,,,,,,,
New Zealand,,,,,,,,,,,
USA,Germany,Hungary,UK,,,,,,,,
Taiwan,,,,,,,,,,,
USA,,,,,,,,,,,
USA,,,,,,,,,,,
UK,,,,,,,,,,,
Canada,USA,,,,,,,,,,
USA,,,,,,,,,,,
China,,,,,,,,,,,
Singapore,,,,,,,,,,,
Brazil,USA,,,,,,,,,,
Italy,France,UK,,,,,,,,,
USA,,,,,,,,,,,
USA,,,,,,,,,,,
Pakistan,Saudi Arabia,,,,,,,,,,
Spain,,,,,,,,,,,
USA,,,,,,,,,,,
France,,,,,,,,,,,
Canada,,,,,,,,,,,
China,,,,,,,,,,,
Germany,,,,,,,,,,,
Germany,Spain,France,,,,,,,,,
Italy,,,,,,,,,,,
Austria,,,,,,,,,,,
France,Romania,,,,,,,,,,
Switzerland,,,,,,,,,,,
China,Japan,,,,,,,,,,
Australia,Russia,,,,,,,,,,
Pakistan,Saudi Arabia,,,,,,,,,,
Spain,,,,,,,,,,,
USA,,,,,,,,,,,
France,,,,,,,,,,,
Canada,,,,,,,,,,,
China,,,,,,,,,,,
Germany,,,,,,,,,,,
Germany,Spain,France,,,,,,,,,
Italy,,,,,,,,,,,
Austria,,,,,,,,,,,
France,Romania,,,,,,,,,,
Switzerland,,,,,,,,,,,
China,Japan,,,,,,,,,,
Australia,Russia,,,,,,,,,,
India,,,,,,,,,,,
Turkey,,,,,,,,,,,
Germany,Hungary,,,,,,,,,,
Malaysia,,,,,,,,,,,
Colombia,France,,,,,,,,,,
Greece,,,,,,,,,,,
USA,,,,,,,,,,,
Romania,,,,,,,,,,,
India,,,,,,,,,,,
USA,,,,,,,,,,,
UK,,,,,,,,,,,
China,,,,,,,,,,,
Saudi Arabia,,,,,,,,,,,
Spain,Chile,Turkey,,,,,,,,,
USA,,,,,,,,,,,
Spain,,,,,,,,,,,
Spain,,,,,,,,,,,
Australia,,,,,,,,,,,
Thailand,,,,,,,,,,,
China,,,,,,,,,,,
Taiwan,,,,,,,,,,,
Korea,,,,,,,,,,,
Italy,,,,,,,,,,,
Poland,Sweden,Spain,,,,,,,,,
USA,,,,,,,,,,,
USA,,,,,,,,,,,
USA,,,,,,,,,,,
New Zealand,Germany,,,,,,,,,,
Italy,,,,,,,,,,,
USA,,,,,,,,,,,
Serbia,,,,,,,,,,,
China,,,,,,,,,,,
China,,,,,,,,,,,
Italy,,,,,,,,,,,
China,,,,,,,,,,,
Germany,,,,,,,,,,,
Japan,,,,,,,,,,,
Korea,,,,,,,,,,,
Germany,France,USA,,,,,,,,,
Italy,,,,,,,,,,,
Spain,,,,,,,,,,,
Taiwan,,,,,,,,,,,
USA,,,,,,,,,,,
Canada,,,,,,,,,,,
China,,,,,,,,,,,
USA,,,,,,,,,,,
USA,,,,,,,,,,,
Switzerland,USA,,,,,,,,,,
USA,,,,,,,,,,,
USA,,,,,,,,,,,
Lebanon,,,,,,,,,,,
Sweden,,,,,,,,,,,
Japan,,,,,,,,,,,
Australia,,,,,,,,,,,
Italy,,,,,,,,,,,
Malaysia,,,,,,,,,,,
Mexico,,,,,,,,,,,
Canada,,,,,,,,,,,
Romania,,,,,,,,,,,
Belgium,,,,,,,,,,,
USA,,,,,,,,,,,
Switzerland,,,,,,,,,,,
China,,,,,,,,,,,
UK,,,,,,,,,,,
Brazil,,,,,,,,,,,
Taiwan,,,,,,,,,,,
Germany,,,,,,,,,,,
China,,,,,,,,,,,
The Netherlands,,,,,,,,,,,
Australia,USA,,,,,,,,,,
China,,,,,,,,,,,
Australia,,,,,,,,,,,
Korea,,,,,,,,,,,
Spain,Italy,,,,,,,,,,
France,,,,,,,,,,,
Italy,,,,,,,,,,,
USA,,,,,,,,,,,
USA,,,,,,,,,,,
Germany,,,,,,,,,,,
Japan,,,,,,,,,,,
USA,,,,,,,,,,,
Canada,,,,,,,,,,,
Germany,France,,,,,,,,,,
China,,,,,,,,,,,
Japan,,,,,,,,,,,
Canada,,,,,,,,,,,
Germany,Switzerland,,,,,,,,,,
Australia,,,,,,,,,,,
China,,,,,,,,,,,
The Netherlands,UK,USA,,,,,,,,,
USA,,,,,,,,,,,
Japan,,,,,,,,,,,
China,,,,,,,,,,,
Thailand,,,,,,,,,,,
Greece,,,,,,,,,,,
China,,,,,,,,,,,
Spain,,,,,,,,,,,
France,Pakistan,Romania,,,,,,,,,
Korea,,,,,,,,,,,
Korea,,,,,,,,,,,
Brazil,,,,,,,,,,,
USA,,,,,,,,,,,
Malaysia,,,,,,,,,,,
Mexico,France,,,,,,,,,,
Portugal,,,,,,,,,,,
China,,,,,,,,,,,
Taiwan,,,,,,,,,,,
China,,,,,,,,,,,
Malaysia,Pakistan,,,,,,,,,,
USA,,,,,,,,,,,
Spain,,,,,,,,,,,
USA,,,,,,,,,,,
Egypt,,,,,,,,,,,
Austria,,,,,,,,,,,
China,Japan,,,,,,,,,,
USA,,,,,,,,,,,
UK,,,,,,,,,,,
USA,UK,,,,,,,,,,
Australia,Singapore,,,,,,,,,,
Austria,,,,,,,,,,,
The Netherlands,Germany,,,,,,,,,,
China,,,,,,,,,,,
China,,,,,,,,,,,
Egypt,Saudi Arabia,,,,,,,,,,
Japan,,,,,,,,,,,
Ukraine,Poland,,,,,,,,,,
USA,,,,,,,,,,,
USA,,,,,,,,,,,
Germany,,,,,,,,,,,
Brazil,,,,,,,,,,,
Italy,,,,,,,,,,,
USA,,,,,,,,,,,
Japan,,,,,,,,,,,
Spain,,,,,,,,,,,
Switzerland,,,,,,,,,,,
Thailand,China,India,USA,,,,,,,,
USA,,,,,,,,,,,
Australia,,,,,,,,,,,
USA,,,,,,,,,,,
Saudi Arabia,USA,,,,,,,,,,
Australia,,,,,,,,,,,
Slovenia,Serbia,,,,,,,,,,
Germany,,,,,,,,,,,
USA,,,,,,,,,,,
USA,,,,,,,,,,,
Japan,,,,,,,,,,,
Portugal,,,,,,,,,,,
South Africa,,,,,,,,,,,
China,,,,,,,,,,,
France,,,,,,,,,,,
USA,,,,,,,,,,,
Italy,,,,,,,,,,,
USA,,,,,,,,,,,
Spain,,,,,,,,,,,
Thailand,,,,,,,,,,,
Spain,Mexico,,,,,,,,,,
Japan,,,,,,,,,,,
UK,,,,,,,,,,,
Spain,,,,,,,,,,,
Portugal,,,,,,,,,,,
Australia,USA,,,,,,,,,,
Canada,,,,,,,,,,,
Spain,,,,,,,,,,,
Malaysia,,,,,,,,,,,
China,Japan,,,,,,,,,,
Jordan,,,,,,,,,,,
Madagascar,France,,,,,,,,,,
Spain,,,,,,,,,,,
Brazil,USA,,,,,,,,,,
Germany,,,,,,,,,,,
Germany,,,,,,,,,,,
Russia,,,,,,,,,,,
USA,,,,,,,,,,,
USA,,,,,,,,,,,
South Africa,,,,,,,,,,,
Uruguay,,,,,,,,,,,
China,,,,,,,,,,,
USA,,,,,,,,,,,
Mexico,,,,,,,,,,,
China,,,,,,,,,,,
Egypt,,,,,,,,,,,
China,,,,,,,,,,,
Japan,,,,,,,,,,,
Slovakia,,,,,,,,,,,
Taiwan,,,,,,,,,,,
Spain,,,,,,,,,,,
USA,,,,,,,,,,,
Australia,,,,,,,,,,,
Saudi Arabia,USA,,,,,,,,,,
Germany,Mexico,,,,,,,,,,
Canada,,,,,,,,,,,
China,,,,,,,,,,,
China,USA,,,,,,,,,,
China,,,,,,,,,,,
Romania,,,,,,,,,,,
Turkey,,,,,,,,,,,
USA,,,,,,,,,,,
Italy,USA,,,,,,,,,,
Japan,,,,,,,,,,,
New Zealand,Mexico,,,,,,,,,,
USA,,,,,,,,,,,
Belgium,Canada,,,,,,,,,,
USA,,,,,,,,,,,
Australia,,,,,,,,,,,
UK,,,,,,,,,,,
France,,,,,,,,,,,
USA,,,,,,,,,,,
Malaysia,,,,,,,,,,,
Italy,,,,,,,,,,,
Taiwan,,,,,,,,,,,
USA,,,,,,,,,,,
China,,,,,,,,,,,
USA,,,,,,,,,,,
Spain,,,,,,,,,,,
China,,,,,,,,,,,
Spain,,,,,,,,,,,
Italy,,,,,,,,,,,
China,,,,,,,,,,,
Korea,,,,,,,,,,,
New Zealand,UK,,,,,,,,,,
Germany,,,,,,,,,,,
Spain,,,,,,,,,,,
Australia,,,,,,,,,,,
Japan,,,,,,,,,,,
Canada,USA,,,,,,,,,,
USA,,,,,,,,,,,
USA,,,,,,,,,,,
Greece,,,,,,,,,,,
Egypt,Austria,Germany,Spain,,,,,,,,
Italy,,,,,,,,,,,
Germany,Canada,USA,,,,,,,,,
Japan,,,,,,,,,,,
USA,UK,,,,,,,,,,
USA,,,,,,,,,,,
Japan,,,,,,,,,,,
USA,,,,,,,,,,,
Germany,,,,,,,,,,,
Germany,Portugal,,,,,,,,,,
France,,,,,,,,,,,
Brazil,,,,,,,,,,,
Austria,Israel,,,,,,,,,,
South Africa,Nigeria,,,,,,,,,,
Taiwan,,,,,,,,,,,
USA,,,,,,,,,,,
The Netherlands,France,,,,,,,,,,
New Zealand,Australia,,,,,,,,,,
Malaysia,,,,,,,,,,,
USA,,,,,,,,,,,
USA,,,,,,,,,,,
Bahrain,Saudi Arabia,,,,,,,,,,
USA,,,,,,,,,,,
France,,,,,,,,,,,
Spain,,,,,,,,,,,
Norway,,,,,,,,,,,
Thailand,,,,,,,,,,,
UK,Turkey,USA,,,,,,,,,
Malaysia,Iran,,,,,,,,,,
Malaysia,,,,,,,,,,,
Malaysia,Pakistan,,,,,,,,,,
Italy,,,,,,,,,,,
China,,,,,,,,,,,
Italy,,,,,,,,,,,
Japan,,,,,,,,,,,
China,,,,,,,,,,,
Mexico,,,,,,,,,,,
USA,,,,,,,,,,,
South Africa,Saudi Arabia,,,,,,,,,,
Spain,,,,,,,,,,,
Spain,,,,,,,,,,,
Colombia,Mexico,USA,,,,,,,,,
Denmark,,,,,,,,,,,
Uzbekistan,Belgium,,,,,,,,,,
Sweden,Lithuania,Italy,UK,Germany,Finland,,,,,,
Korea,,,,,,,,,,,
Italy,,,,,,,,,,,
Switzerland,,,,,,,,,,,
USA,,,,,,,,,,,
Malaysia,,,,,,,,,,,
China,,,,,,,,,,,
Canada,,,,,,,,,,,
Canada,,,,,,,,,,,
Korea,,,,,,,,,,,
USA,,,,,,,,,,,
USA,,,,,,,,,,,
Germany,,,,,,,,,,,
Germany,,,,,,,,,,,
Croatia,,,,,,,,,,,
Italy,,,,,,,,,,,
China,,,,,,,,,,,
Germany,,,,,,,,,,,
Romania,,,,,,,,,,,
Chile,Lebanon,,,,,,,,,,
USA,,,,,,,,,,,
Denmark,USA,,,,,,,,,,
China,,,,,,,,,,,
Canada,,,,,,,,,,,
Spain,,,,,,,,,,,
Korea,,,,,,,,,,,
Spain,,,,,,,,,,,
China,,,,,,,,,,,
China,Italy,,,,,,,,,,
USA,,,,,,,,,,,
India,,,,,,,,,,,
USA,,,,,,,,,,,
USA,,,,,,,,,,,
USA,,,,,,,,,,,
USA,,,,,,,,,,,
Thailand,,,,,,,,,,,
Taiwan,,,,,,,,,,,
China,Canada,,,,,,,,,,
Spain,,,,,,,,,,,
China,Norway,,,,,,,,,,
USA,,,,,,,,,,,
Japan,,,,,,,,,,,
China,,,,,,,,,,,
Switzerland,,,,,,,,,,,
Spain,,,,,,,,,,,
Denmark,France,,,,,,,,,,
Saudi Arabia,,,,,,,,,,,
Germany,,,,,,,,,,,
USA,,,,,,,,,,,
Brazil,,,,,,,,,,,
Brazil,,,,,,,,,,,
China,,,,,,,,,,,
Korea,Taiwan,USA,,,,,,,,,
Taiwan,,,,,,,,,,,
The Netherlands,,,,,,,,,,,
Hungary,,,,,,,,,,,
China,,,,,,,,,,,
China,,,,,,,,,,,
China,,,,,,,,,,,
Australia,,,,,,,,,,,
China,,,,,,,,,,,
Taiwan,,,,,,,,,,,
China,USA,,,,,,,,,,
USA,,,,,,,,,,,
Spain,Italy,,,,,,,,,,
USA,,,,,,,,,,,
Switzerland,,,,,,,,,,,
UK,,,,,,,,,,,
Malaysia,Iran,,,,,,,,,,
Serbia,Slovakia,,,,,,,,,,
China,,,,,,,,,,,
Latvia,,,,,,,,,,,
Germany,United Arab Emirates,Romania,,,,,,,,,
USA,,,,,,,,,,,
Japan,,,,,,,,,,,
Taiwan,,,,,,,,,,,
Germany,,,,,,,,,,,
USA,,,,,,,,,,,
USA,,,,,,,,,,,
The Netherlands,,,,,,,,,,,
Australia,,,,,,,,,,,
Denmark,,,,,,,,,,,
Korea,,,,,,,,,,,
Taiwan,,,,,,,,,,,
Italy,,,,,,,,,,,
Korea,,,,,,,,,,,
China,,,,,,,,,,,
China,,,,,,,,,,,
Korea,,,,,,,,,,,
Japan,USA,,,,,,,,,,
Switzerland,,,,,,,,,,,
USA,,,,,,,,,,,
China,,,,,,,,,,,
Iran,UK,,,,,,,,,,
USA,,,,,,,,,,,
Belgium,,,,,,,,,,,
Kenya,,,,,,,,,,,
Switzerland,UK,,,,,,,,,,
Argentina,,,,,,,,,,,
Canada,USA,,,,,,,,,,
USA,,,,,,,,,,,
Sweden,,,,,,,,,,,
Australia,,,,,,,,,,,
Malaysia,,,,,,,,,,,
Taiwan,,,,,,,,,,,
Spain,,,,,,,,,,,
Poland,UK,,,,,,,,,,
China,,,,,,,,,,,
Germany,USA,,,,,,,,,,
Japan,,,,,,,,,,,
Austria,,,,,,,,,,,
Spain,,,,,,,,,,,
Australia,Malaysia,,,,,,,,,,
Czech Republic,,,,,,,,,,,
USA,,,,,,,,,,,
China,,,,,,,,,,,
Romania,,,,,,,,,,,
Morocco,Spain,,,,,,,,,,
USA,,,,,,,,,,,
USA,,,,,,,,,,,
Italy,,,,,,,,,,,
Canada,,,,,,,,,,,
Serbia,,,,,,,,,,,
Italy,,,,,,,,,,,
Taiwan,,,,,,,,,,,
Japan,,,,,,,,,,,
USA,,,,,,,,,,,
Spain,,,,,,,,,,,
Taiwan,,,,,,,,,,,
Spain,,,,,,,,,,,
Germany,Spain,Greece,UK,,,,,,,,
Spain,,,,,,,,,,,
China,,,,,,,,,,,
Croatia,,,,,,,,,,,
USA,,,,,,,,,,,
Japan,,,,,,,,,,,
China,,,,,,,,,,,
Spain,,,,,,,,,,,
Australia,,,,,,,,,,,
Italy,,,,,,,,,,,
Spain,Italy,UK,,,,,,,,,
China,,,,,,,,,,,
Korea,USA,,,,,,,,,,
Egypt,Saudi Arabia,USA,,,,,,,,,
Japan,,,,,,,,,,,
Spain,,,,,,,,,,,
China,,,,,,,,,,,
Spain,,,,,,,,,,,
Malaysia,Pakistan,,,,,,,,,,
Norway,Romania,,,,,,,,,,
Serbia,,,,,,,,,,,
Taiwan,,,,,,,,,,,
USA,,,,,,,,,,,
Ireland,,,,,,,,,,,
Italy,,,,,,,,,,,
New Zealand,South Africa,France,,,,,,,,,
Spain,,,,,,,,,,,
USA,,,,,,,,,,,
USA,,,,,,,,,,,
Saudi Arabia,,,,,,,,,,,
USA,,,,,,,,,,,
Italy,France,,,,,,,,,,
USA,,,,,,,,,,,
USA,,,,,,,,,,,
Canada,,,,,,,,,,,
Germany,USA,,,,,,,,,,
Malaysia,,,,,,,,,,,
Germany,,,,,,,,,,,
Australia,,,,,,,,,,,
China,,,,,,,,,,,
China,,,,,,,,,,,
USA,,,,,,,,,,,
USA,,,,,,,,,,,
USA,,,,,,,,,,,
Denmark,USA,,,,,,,,,,
Germany,,,,,,,,,,,
China,,,,,,,,,,,
Mexico,,,,,,,,,,,
UK,,,,,,,,,,,
Taiwan,,,,,,,,,,,
Portugal,Brazil,Spain,,,,,,,,,
Malaysia,,,,,,,,,,,
Japan,,,,,,,,,,,
USA,,,,,,,,,,,
Mexico,,,,,,,,,,,
Korea,,,,,,,,,,,
USA,,,,,,,,,,,
China,USA,,,,,,,,,,
Ukraine,Germany,,,,,,,,,,
Italy,,,,,,,,,,,
Germany,China,,,,,,,,,,
Poland,,,,,,,,,,,
Egypt,,,,,,,,,,,
Malaysia,,,,,,,,,,,
Germany,UK,,,,,,,,,,
Taiwan,,,,,,,,,,,
Austria,,,,,,,,,,,
Japan,,,,,,,,,,,
Thailand,UK,,,,,,,,,,
Bahrain,,,,,,,,,,,
USA,,,,,,,,,,,
Switzerland,,,,,,,,,,,
Taiwan,,,,,,,,,,,
Iran,,,,,,,,,,,
Spain,,,,,,,,,,,
Spain,,,,,,,,,,,
Italy,,,,,,,,,,,
Saudi Arabia,,,,,,,,,,,
USA,,,,,,,,,,,
France,UK,,,,,,,,,,
USA,,,,,,,,,,,
Malaysia,Iraq,,,,,,,,,,
UK,,,,,,,,,,,
Japan,,,,,,,,,,,
Singapore,,,,,,,,,,,
China,USA,,,,,,,,,,
Ghana,,,,,,,,,,,
USA,,,,,,,,,,,
USA,,,,,,,,,,,
Sweden,UK,,,,,,,,,,
Hungary,,,,,,,,,,,
Morocco,Portugal,,,,,,,,,,
Turkey,,,,,,,,,,,
China,,,,,,,,,,,
Mexico,,,,,,,,,,,
USA,,,,,,,,,,,
China,,,,,,,,,,,
Malaysia,,,,,,,,,,,
Germany,Italy,,,,,,,,,,
Canada,,,,,,,,,,,
Australia,Thailand,,,,,,,,,,
Germany,,,,,,,,,,,
Taiwan,,,,,,,,,,,
Romania,,,,,,,,,,,
Spain,,,,,,,,,,,
USA,,,,,,,,,,,
The Netherlands,Switzerland,,,,,,,,,,
USA,,,,,,,,,,,
USA,,,,,,,,,,,
Malaysia,Yemen,,,,,,,,,,
Malaysia,,,,,,,,,,,
Korea,,,,,,,,,,,
China,,,,,,,,,,,
China,,,,,,,,,,,
China,USA,,,,,,,,,,
Czech Republic,,,,,,,,,,,
China,,,,,,,,,,,
Italy,Belgium,,,,,,,,,,
China,,,,,,,,,,,
Japan,,,,,,,,,,,
USA,,,,,,,,,,,
USA,,,,,,,,,,,
Germany,,,,,,,,,,,
Australia,Ireland,,,,,,,,,,
Egypt,United Arab Emirates,,,,,,,,,,
China,,,,,,,,,,,
Singapore,,,,,,,,,,,
Austria,,,,,,,,,,,
Spain,,,,,,,,,,,
USA,,,,,,,,,,,
Australia,,,,,,,,,,,
Taiwan,,,,,,,,,,,
Austria,,,,,,,,,,,
Australia,,,,,,,,,,,
Germany,,,,,,,,,,,
Australia,,,,,,,,,,,
USA,,,,,,,,,,,
Mexico,,,,,,,,,,,
Brazil,Canada,,,,,,,,,,
Brazil,,,,,,,,,,,
Germany,Canada,,,,,,,,,,
Taiwan,,,,,,,,,,,
Taiwan,,,,,,,,,,,
USA,,,,,,,,,,,
The Netherlands,USA,,,,,,,,,,
Finland,,,,,,,,,,,
China,Taiwan,,,,,,,,,,
Cameroon,South Africa,,,,,,,,,,
Spain,,,,,,,,,,,
Spain,,,,,,,,,,,
Taiwan,,,,,,,,,,,
Slovenia,,,,,,,,,,,
USA,,,,,,,,,,,
Spain,,,,,,,,,,,
UK,,,,,,,,,,,
Czech Republic,,,,,,,,,,,
USA,,,,,,,,,,,
Thailand,,,,,,,,,,,
USA,,,,,,,,,,,
Spain,,,,,,,,,,,
USA,,,,,,,,,,,
Australia,UK,,,,,,,,,,
The Netherlands,,,,,,,,,,,
Brazil,,,,,,,,,,,
Brazil,,,,,,,,,,,
Switzerland,,,,,,,,,,,
USA,,,,,,,,,,,
USA,,,,,,,,,,,
Venezuela,,,,,,,,,,,
China,,,,,,,,,,,
South Africa,Nigeria,,,,,,,,,,
South Africa,,,,,,,,,,,
Spain,,,,,,,,,,,
Korea,,,,,,,,,,,
Brazil,,,,,,,,,,,
USA,,,,,,,,,,,
France,,,,,,,,,,,
Finland,,,,,,,,,,,
Poland,,,,,,,,,,,
Japan,,,,,,,,,,,
China,,,,,,,,,,,
Germany,,,,,,,,,,,
USA,,,,,,,,,,,
USA,,,,,,,,,,,
Syria,Ethiopia,,,,,,,,,,
Serbia,,,,,,,,,,,
China,,,,,,,,,,,
France,,,,,,,,,,,
The Netherlands,,,,,,,,,,,
Denmark,,,,,,,,,,,
Portugal,Spain,,,,,,,,,,
Taiwan,,,,,,,,,,,
Mexico,,,,,,,,,,,
Romania,,,,,,,,,,,
Sweden,,,,,,,,,,,
USA,,,,,,,,,,,
USA,,,,,,,,,,,
UK,,,,,,,,,,,
Sweden,,,,,,,,,,,
Canada,,,,,,,,,,,
South Africa,,,,,,,,,,,
Mexico,,,,,,,,,,,
Malaysia,,,,,,,,,,,
France,Canada,,,,,,,,,,
Japan,,,,,,,,,,,
USA,,,,,,,,,,,
France,,,,,,,,,,,
Japan,Pakistan,,,,,,,,,,
USA,,,,,,,,,,,
China,,,,,,,,,,,
Korea,,,,,,,,,,,
Spain,,,,,,,,,,,
Taiwan,,,,,,,,,,,
USA,,,,,,,,,,,
USA,,,,,,,,,,,
USA,,,,,,,,,,,
Mexico,,,,,,,,,,,
Japan,,,,,,,,,,,
Spain,,,,,,,,,,,
China,,,,,,,,,,,
Australia,Italy,,,,,,,,,,
Germany,,,,,,,,,,,
Brazil,,,,,,,,,,,
Mexico,,,,,,,,,,,
Malaysia,India,,,,,,,,,,
Lithuania,,,,,,,,,,,
Korea,USA,,,,,,,,,,
USA,,,,,,,,,,,
USA,,,,,,,,,,,
USA,,,,,,,,,,,
Spain,,,,,,,,,,,
USA,,,,,,,,,,,
Croatia,,,,,,,,,,,
Malaysia,,,,,,,,,,,
Japan,,,,,,,,,,,
China,,,,,,,,,,,
Italy,,,,,,,,,,,
Canada,,,,,,,,,,,
USA,,,,,,,,,,,
Japan,USA,,,,,,,,,,
Korea,USA,,,,,,,,,,
China,,,,,,,,,,,
Malaysia,Pakistan,,,,,,,,,,
Italy,,,,,,,,,,,
China,,,,,,,,,,,
Denmark,,,,,,,,,,,
Denmark,,,,,,,,,,,
Malaysia,Japan,,,,,,,,,,
China,,,,,,,,,,,
USA,,,,,,,,,,,
Germany,,,,,,,,,,,
India,,,,,,,,,,,
India,,,,,,,,,,,
Malaysia,,,,,,,,,,,
Japan,,,,,,,,,,,
Iran,,,,,,,,,,,
Malaysia,,,,,,,,,,,
Italy,,,,,,,,,,,
Croatia,,,,,,,,,,,
Germany,,,,,,,,,,,
Korea,,,,,,,,,,,
Japan,,,,,,,,,,,
Canada,,,,,,,,,,,
Chile,Switzerland,,,,,,,,,,
USA,,,,,,,,,,,
China,,,,,,,,,,,
Mexico,Japan,,,,,,,,,,
Singapore,,,,,,,,,,,
Germany,,,,,,,,,,,
USA,,,,,,,,,,,
Japan,,,,,,,,,,,
UK,,,,,,,,,,,
USA,,,,,,,,,,,
Russia,USA,,,,,,,,,,
USA,,,,,,,,,,,
Japan,,,,,,,,,,,
China,USA,,,,,,,,,,
Australia,,,,,,,,,,,
Ireland,,,,,,,,,,,
Italy,,,,,,,,,,,
Serbia,,,,,,,,,,,
Germany,,,,,,,,,,,
Switzerland,,,,,,,,,,,
China,,,,,,,,,,,
USA,,,,,,,,,,,
Spain,,,,,,,,,,,
USA,,,,,,,,,,,
Denmark,Brunei,,,,,,,,,,
USA,,,,,,,,,,,
Serbia,,,,,,,,,,,
Brazil,,,,,,,,,,,
Malaysia,,,,,,,,,,,
Brazil,,,,,,,,,,,
China,,,,,,,,,,,
Australia,USA,,,,,,,,,,
China,,,,,,,,,,,
Germany,Spain,,,,,,,,,,
Spain,USA,,,,,,,,,,
Turkey,,,,,,,,,,,
Singapore,,,,,,,,,,,
Italy,,,,,,,,,,,
Korea,,,,,,,,,,,
Singapore,Saudi Arabia,,,,,,,,,,
The Netherlands,Germany,,,,,,,,,,
Greece,,,,,,,,,,,
Thailand,,,,,,,,,,,
USA,,,,,,,,,,,
Japan,,,,,,,,,,,
Italy,,,,,,,,,,,
Bangladesh,USA,,,,,,,,,,
Brazil,,,,,,,,,,,
USA,,,,,,,,,,,
USA,,,,,,,,,,,
Japan,,,,,,,,,,,
Hungary,,,,,,,,,,,
Poland,Italy,UK,,,,,,,,,
Germany,USA,,,,,,,,,,
USA,,,,,,,,,,,
UK,,,,,,,,,,,
Poland,,,,,,,,,,,
Taiwan,,,,,,,,,,,
Germany,,,,,,,,,,,
USA,,,,,,,,,,,
USA,,,,,,,,,,,
China,,,,,,,,,,,
Finland,,,,,,,,,,,
Austria,USA,Canada,,,,,,,,,
USA,,,,,,,,,,,
Thailand,,,,,,,,,,,
Venezuela,,,,,,,,,,,
USA,,,,,,,,,,,
USA,,,,,,,,,,,
Finland,,,,,,,,,,,
Germany,Canada,,,,,,,,,,
Brazil,,,,,,,,,,,
Hungary,,,,,,,,,,,
USA,,,,,,,,,,,
USA,,,,,,,,,,,
Belgium,Romania,,,,,,,,,,
UK,,,,,,,,,,,
China,,,,,,,,,,,
USA,,,,,,,,,,,
Brazil,Spain,Bulgaria,,,,,,,,,
Egypt,,,,,,,,,,,
Italy,,,,,,,,,,,
USA,,,,,,,,,,,
China,USA,,,,,,,,,,
Sweden,Mexico,,,,,,,,,,
Malaysia,,,,,,,,,,,
Spain,,,,,,,,,,,
France,,,,,,,,,,,
Taiwan,,,,,,,,,,,
China,,,,,,,,,,,
Thailand,,,,,,,,,,,
USA,,,,,,,,,,,
USA,,,,,,,,,,,
Indonesia,Japan,,,,,,,,,,
Romania,,,,,,,,,,,
Poland,,,,,,,,,,,
France,UK,,,,,,,,,,
China,,,,,,,,,,,
Finland,,,,,,,,,,,
Germany,Japan,USA,,,,,,,,,
Croatia,,,,,,,,,,,
China,UK,,,,,,,,,,
Egypt,Saudi Arabia,,,,,,,,,,
USA,,,,,,,,,,,
Germany,,,,,,,,,,,
Finland,,,,,,,,,,,
USA,,,,,,,,,,,
Canada,,,,,,,,,,,
Germany,USA,Canada,,,,,,,,,
USA,,,,,,,,,,,
Malaysia,,,,,,,,,,,
Bulgaria,,,,,,,,,,,
Italy,,,,,,,,,,,
Germany,USA,,,,,,,,,,
Hungary,,,,,,,,,,,
Canada,,,,,,,,,,,
China,Hungary,,,,,,,,,,
USA,,,,,,,,,,,
New Zealand,USA,,,,,,,,,,
China,,,,,,,,,,,
Japan,,,,,,,,,,,
Greece,,,,,,,,,,,
Germany,Bangladesh,,,,,,,,,,
Ireland,,,,,,,,,,,
Canada,,,,,,,,,,,
Germany,,,,,,,,,,,
USA,,,,,,,,,,,
USA,,,,,,,,,,,
Italy,Russia,,,,,,,,,,
Japan,,,,,,,,,,,
China,,,,,,,,,,,
Japan,,,,,,,,,,,
USA,,,,,,,,,,,
Australia,,,,,,,,,,,
Malaysia,Iraq,,,,,,,,,,
Mexico,,,,,,,,,,,
Spain,Mexico,,,,,,,,,,
Germany,,,,,,,,,,,
Brazil,Argentina,,,,,,,,,,
Germany,France,USA,,,,,,,,,
Korea,,,,,,,,,,,
Korea,,,,,,,,,,,
Germany,China,,,,,,,,,,
China,,,,,,,,,,,
China,,,,,,,,,,,
Spain,Turkey,,,,,,,,,,
Switzerland,,,,,,,,,,,
USA,,,,,,,,,,,
Australia,UK,,,,,,,,,,
Hong Kong,USA,,,,,,,,,,
Cuba,,,,,,,,,,,
USA,,,,,,,,,,,
USA,,,,,,,,,,,
Japan,,,,,,,,,,,
Australia,Saudi Arabia,,,,,,,,,,
USA,,,,,,,,,,,
Spain,,,,,,,,,,,
Canada,USA,,,,,,,,,,
China,,,,,,,,,,,
France,,,,,,,,,,,
USA,,,,,,,,,,,
Sweden,South Africa,France,Australia,Austria,Italy,UK,Poland,The Netherlands,Turkey,Portugal,Spain
Australia,,,,,,,,,,,
Australia,Singapore,,,,,,,,,,
Italy,,,,,,,,,,,
China,,,,,,,,,,,
The Netherlands,,,,,,,,,,,
China,,,,,,,,,,,
Switzerland,,,,,,,,,,,
Germany,China,,,,,,,,,,
Italy,,,,,,,,,,,
India,,,,,,,,,,,
Italy,,,,,,,,,,,
Australia,Singapore,Russia,,,,,,,,,
France,,,,,,,,,,,
Korea,,,,,,,,,,,
Malaysia,USA,,,,,,,,,,
Romania,,,,,,,,,,,
USA,,,,,,,,,,,
Estonia,,,,,,,,,,,
Greece,,,,,,,,,,,
Germany,,,,,,,,,,,
Taiwan,,,,,,,,,,,
Germany,,,,,,,,,,,
USA,,,,,,,,,,,
Italy,Belgium,,,,,,,,,,
Malaysia,,,,,,,,,,,
Japan,,,,,,,,,,,
Korea,,,,,,,,,,,
Japan,,,,,,,,,,,
Brazil,,,,,,,,,,,
Brazil,,,,,,,,,,,
Malaysia,Iraq,,,,,,,,,,
Portugal,,,,,,,,,,,
Turkey,,,,,,,,,,,
China,Japan,,,,,,,,,,
Italy,,,,,,,,,,,
China,,,,,,,,,,,
Japan,,,,,,,,,,,
Germany,USA,,,,,,,,,,
USA,,,,,,,,,,,
USA,,,,,,,,,,,
France,USA,,,,,,,,,,
Australia,UK,,,,,,,,,,
UK,,,,,,,,,,,
Spain,France,USA,,,,,,,,,
Poland,,,,,,,,,,,
USA,,,,,,,,,,,
Germany,Switzerland,,,,,,,,,,
Brazil,,,,,,,,,,,
Malaysia,,,,,,,,,,,
China,,,,,,,,,,,
Japan,,,,,,,,,,,
China,,,,,,,,,,,
Japan,,,,,,,,,,,
Saudi Arabia,,,,,,,,,,,
China,,,,,,,,,,,
Sweden,,,,,,,,,,,
Sweden,,,,,,,,,,,
Australia,,,,,,,,,,,
Korea,,,,,,,,,,,
Korea,,,,,,,,,,,
Malaysia,,,,,,,,,,,
Japan,,,,,,,,,,,
USA,,,,,,,,,,,
China,Korea,,,,,,,,,,
USA,,,,,,,,,,,
France,,,,,,,,,,,
China,,,,,,,,,,,
Romania,,,,,,,,,,,
Italy,,,,,,,,,,,
Thailand,,,,,,,,,,,
China,,,,,,,,,,,
China,,,,,,,,,,,
USA,,,,,,,,,,,
China,UK,,,,,,,,,,
Taiwan,,,,,,,,,,,
China,,,,,,,,,,,
China,,,,,,,,,,,
Turkey,,,,,,,,,,,
The Netherlands,,,,,,,,,,,
Malaysia,,,,,,,,,,,
Spain,,,,,,,,,,,
Germany,,,,,,,,,,,
Germany,USA,,,,,,,,,,
Spain,,,,,,,,,,,
USA,,,,,,,,,,,
USA,,,,,,,,,,,
USA,,,,,,,,,,,
France,USA,,,,,,,,,,
Canada,,,,,,,,,,,
Germany,,,,,,,,,,,
India,,,,,,,,,,,
India,,,,,,,,,,,
India,,,,,,,,,,,
USA,,,,,,,,,,,
Taiwan,,,,,,,,,,,
Taiwan,,,,,,,,,,,
China,,,,,,,,,,,
Hungary,,,,,,,,,,,
Canada,,,,,,,,,,,
China,,,,,,,,,,,
USA,,,,,,,,,,,
Spain,,,,,,,,,,,
Germany,,,,,,,,,,,
Malaysia,,,,,,,,,,,
South Africa,,,,,,,,,,,
China,,,,,,,,,,,
Serbia,,,,,,,,,,,
Malaysia,,,,,,,,,,,
Mexico,,,,,,,,,,,
China,,,,,,,,,,,
Cameroon,Romania,,,,,,,,,,
USA,,,,,,,,,,,
Korea,,,,,,,,,,,
Greece,,,,,,,,,,,
Japan,,,,,,,,,,,
USA,,,,,,,,,,,
Mexico,,,,,,,,,,,
USA,,,,,,,,,,,
France,USA,,,,,,,,,,
USA,,,,,,,,,,,
Finland,,,,,,,,,,,
Denmark,Sweden,,,,,,,,,,
China,,,,,,,,,,,
Malaysia,France,,,,,,,,,,
China,,,,,,,,,,,
Korea,,,,,,,,,,,
Mexico,,,,,,,,,,,
Egypt,,,,,,,,,,,
Switzerland,,,,,,,,,,,
Malaysia,,,,,,,,,,,
Italy,,,,,,,,,,,
China,,,,,,,,,,,
China,,,,,,,,,,,
Switzerland,,,,,,,,,,,
Brazil,,,,,,,,,,,
New Zealand,Germany,,,,,,,,,,
Spain,France,,,,,,,,,,
UK,,,,,,,,,,,
Japan,USA,,,,,,,,,,
Japan,,,,,,,,,,,
China,,,,,,,,,,,
China,,,,,,,,,,,
Poland,,,,,,,,,,,
Turkey,,,,,,,,,,,
Canada,,,,,,,,,,,
Saudi Arabia,,,,,,,,,,,
China,,,,,,,,,,,
Japan,,,,,,,,,,,
China,,,,,,,,,,,
Korea,,,,,,,,,,,
Chile,,,,,,,,,,,
USA,,,,,,,,,,,
Sweden,,,,,,,,,,,
Ireland,,,,,,,,,,,
USA,,,,,,,,,,,
USA,,,,,,,,,,,
USA,,,,,,,,,,,
USA,,,,,,,,,,,
Spain,,,,,,,,,,,
USA,,,,,,,,,,,
Japan,,,,,,,,,,,
Germany,,,,,,,,,,,
Hungary,,,,,,,,,,,
USA,,,,,,,,,,,
China,Canada,,,,,,,,,,
Malaysia,,,,,,,,,,,
China,,,,,,,,,,,
Czech Republic,,,,,,,,,,,
Korea,,,,,,,,,,,
The Netherlands,Canada,,,,,,,,,,
The Netherlands,Germany,USA,,,,,,,,,
China,,,,,,,,,,,
Turkey,,,,,,,,,,,
Turkey,,,,,,,,,,,
Turkey,,,,,,,,,,,
Turkey,,,,,,,,,,,
Turkey,,,,,,,,,,,
Turkey,,,,,,,,,,,
Turkey,,,,,,,,,,,
Turkey,,,,,,,,,,,
Iran,,,,,,,,,,,
Turkey,,,,,,,,,,,
Turkey,,,,,,,,,,,
Turkey,,,,,,,,,,,
Turkey,,,,,,,,,,,
Turkey,,,,,,,,,,,
Turkey,,,,,,,,,,,
China,,,,,,,,,,,
Taiwan,,,,,,,,,,,
Taiwan,,,,,,,,,,,
Canada,,,,,,,,,,,
USA,,,,,,,,,,,
Spain,,,,,,,,,,,
Taiwan,,,,,,,,,,,
China,,,,,,,,,,,
Slovenia,,,,,,,,,,,
Brazil,,,,,,,,,,,
Pakistan,,,,,,,,,,,
Poland,,,,,,,,,,,
The Netherlands,,,,,,,,,,,
Korea,,,,,,,,,,,
Japan,,,,,,,,,,,
USA,,,,,,,,,,,
USA,,,,,,,,,,,
China,USA,,,,,,,,,,
Burkina Faso,USA,,,,,,,,,,
USA,,,,,,,,,,,
USA,,,,,,,,,,,
Bosnia and Herzegovina,UK,,,,,,,,,,
China,India,USA,,,,,,,,,
Taiwan,,,,,,,,,,,
Spain,,,,,,,,,,,
Taiwan,,,,,,,,,,,
UK,,,,,,,,,,,
Portugal,USA,UK,,,,,,,,,
Germany,,,,,,,,,,,
The Netherlands,,,,,,,,,,,
Australia,USA,,,,,,,,,,
Hungary,,,,,,,,,,,
UK,,,,,,,,,,,
USA,,,,,,,,,,,
Taiwan,,,,,,,,,,,
Malaysia,,,,,,,,,,,
Spain,,,,,,,,,,,
France,,,,,,,,,,,
New Zealand,Norway,,,,,,,,,,
China,USA,,,,,,,,,,
Norway,,,,,,,,,,,
Thailand,,,,,,,,,,,
USA,,,,,,,,,,,
USA,,,,,,,,,,,
Korea,,,,,,,,,,,
Finland,,,,,,,,,,,
Egypt,,,,,,,,,,,
India,,,,,,,,,,,
India,,,,,,,,,,,
India,,,,,,,,,,,
Argentina,,,,,,,,,,,
India,,,,,,,,,,,
Thailand,,,,,,,,,,,
Finland,,,,,,,,,,,
China,,,,,,,,,,,
Croatia,,,,,,,,,,,
USA,,,,,,,,,,,
USA,,,,,,,,,,,
China,USA,,,,,,,,,,
USA,,,,,,,,,,,
China,,,,,,,,,,,
USA,,,,,,,,,,,
Spain,Mexico,,,,,,,,,,
USA,,,,,,,,,,,
Cameroon,South Africa,,,,,,,,,,
USA,,,,,,,,,,,
China,,,,,,,,,,,
Italy,,,,,,,,,,,
China,,,,,,,,,,,
Taiwan,,,,,,,,,,,
Korea,,,,,,,,,,,
Italy,,,,,,,,,,,
Korea,,,,,,,,,,,
China,,,,,,,,,,,
China,,,,,,,,,,,
Italy,,,,,,,,,,,
Taiwan,,,,,,,,,,,
Malaysia,,,,,,,,,,,
China,,,,,,,,,,,
Austria,,,,,,,,,,,
USA,Israel,,,,,,,,,,
Korea,,,,,,,,,,,
USA,,,,,,,,,,,
Spain,,,,,,,,,,,
Germany,,,,,,,,,,,
Japan,,,,,,,,,,,
France,,,,,,,,,,,
Hungary,,,,,,,,,,,
Greece,Tunisia,,,,,,,,,,
Denmark,China,,,,,,,,,,
Canada,,,,,,,,,,,
China,,,,,,,,,,,
Italy,,,,,,,,,,,
Japan,,,,,,,,,,,
Poland,,,,,,,,,,,
China,,,,,,,,,,,
Sudan,,,,,,,,,,,
Germany,,,,,,,,,,,
Belgium,,,,,,,,,,,
USA,,,,,,,,,,,
Finland,,,,,,,,,,,
Japan,,,,,,,,,,,
Argentina,,,,,,,,,,,
China,,,,,,,,,,,
Japan,,,,,,,,,,,
China,Canada,,,,,,,,,,
USA,,,,,,,,,,,
USA,,,,,,,,,,,
France,,,,,,,,,,,
Germany,,,,,,,,,,,
USA,,,,,,,,,,,
Australia,,,,,,,,,,,
Malaysia,Pakistan,,,,,,,,,,
Switzerland,,,,,,,,,,,
USA,,,,,,,,,,,
Spain,,,,,,,,,,,
Singapore,USA,,,,,,,,,,
USA,,,,,,,,,,,
Mexico,,,,,,,,,,,
USA,UK,,,,,,,,,,
Spain,,,,,,,,,,,
Germany,,,,,,,,,,,
USA,,,,,,,,,,,
Kuwait,,,,,,,,,,,
Greece,,,,,,,,,,,
Germany,Canada,,,,,,,,,,
Italy,,,,,,,,,,,
Malaysia,,,,,,,,,,,
China,,,,,,,,,,,
Belgium,Argentina,,,,,,,,,,
Japan,,,,,,,,,,,
Australia,,,,,,,,,,,
Australia,,,,,,,,,,,
USA,,,,,,,,,,,
France,,,,,,,,,,,
Bosnia and Herzegovina,Belgium,Slovenia,Croatia,,,,,,,,
Japan,,,,,,,,,,,
Japan,,,,,,,,,,,
China,,,,,,,,,,,
UK,,,,,,,,,,,
USA,,,,,,,,,,,
USA,,,,,,,,,,,
Japan,USA,,,,,,,,,,
Canada,,,,,,,,,,,
Finland,,,,,,,,,,,
India,,,,,,,,,,,
India,,,,,,,,,,,
Argentina,,,,,,,,,,,
USA,,,,,,,,,,,
USA,,,,,,,,,,,
Denmark,Hungary,,,,,,,,,,
USA,,,,,,,,,,,
Belgium,,,,,,,,,,,
China,,,,,,,,,,,
Poland,,,,,,,,,,,
Finland,Romania,,,,,,,,,,
Germany,,,,,,,,,,,
Japan,,,,,,,,,,,
Spain,,,,,,,,,,,
Taiwan,Canada,,,,,,,,,,
Korea,,,,,,,,,,,
Japan,,,,,,,,,,,
Spain,,,,,,,,,,,
Cameroon,Switzerland,,,,,,,,,,
UK,,,,,,,,,,,
China,USA,,,,,,,,,,
Germany,,,,,,,,,,,
USA,,,,,,,,,,,
Mexico,,,,,,,,,,,
China,,,,,,,,,,,
USA,,,,,,,,,,,
USA,,,,,,,,,,,
Thailand,Japan,,,,,,,,,,
Japan,,,,,,,,,,,
Germany,,,,,,,,,,,
USA,,,,,,,,,,,
Iran,,,,,,,,,,,
China,,,,,,,,,,,
Brazil,,,,,,,,,,,
Italy,,,,,,,,,,,
Italy,,,,,,,,,,,
China,,,,,,,,,,,
Israel,,,,,,,,,,,
USA,,,,,,,,,,,
Germany,,,,,,,,,,,
USA,,,,,,,,,,,
The Netherlands,,,,,,,,,,,
USA,,,,,,,,,,,
China,,,,,,,,,,,
Japan,,,,,,,,,,,
Germany,China,,,,,,,,,,
Korea,,,,,,,,,,,
Japan,,,,,,,,,,,
USA,,,,,,,,,,,
Mexico,,,,,,,,,,,
Japan,,,,,,,,,,,
Poland,,,,,,,,,,,
Morocco,Spain,,,,,,,,,,
Mexico,USA,,,,,,,,,,
Italy,,,,,,,,,,,
Taiwan,,,,,,,,,,,
Canada,,,,,,,,,,,
Brazil,,,,,,,,,,,
Hungary,,,,,,,,,,,
Germany,,,,,,,,,,,
France,USA,,,,,,,,,,
USA,,,,,,,,,,,
USA,,,,,,,,,,,
USA,,,,,,,,,,,
UK,,,,,,,,,,,
Canada,,,,,,,,,,,
New Zealand,Australia,,,,,,,,,,
USA,,,,,,,,,,,
China,,,,,,,,,,,
China,USA,,,,,,,,,,
USA,,,,,,,,,,,
Italy,,,,,,,,,,,
South Africa,Nigeria,,,,,,,,,,
Switzerland,,,,,,,,,,,
USA,,,,,,,,,,,
USA,,,,,,,,,,,
China,,,,,,,,,,,
Mexico,,,,,,,,,,,
USA,,,,,,,,,,,
USA,,,,,,,,,,,
USA,,,,,,,,,,,
Germany,Japan,USA,,,,,,,,,
Taiwan,,,,,,,,,,,
Germany,USA,,,,,,,,,,
Taiwan,,,,,,,,,,,
China,Switzerland,,,,,,,,,,
South Africa,,,,,,,,,,,
Italy,,,,,,,,,,,
USA,,,,,,,,,,,
China,,,,,,,,,,,
USA,,,,,,,,,,,
Thailand,,,,,,,,,,,
Spain,,,,,,,,,,,
Spain,USA,,,,,,,,,,
USA,,,,,,,,,,,
Singapore,,,,,,,,,,,
Japan,,,,,,,,,,,
USA,,,,,,,,,,,
France,,,,,,,,,,,
Cyprus,UK,,,,,,,,,,
The Netherlands,Slovenia,,,,,,,,,,
Germany,Austria,,,,,,,,,,
Spain,,,,,,,,,,,
Spain,,,,,,,,,,,
UK,,,,,,,,,,,
UK,,,,,,,,,,,
Korea,,,,,,,,,,,
Sweden,,,,,,,,,,,
Germany,,,,,,,,,,,
China,,,,,,,,,,,
Brazil,,,,,,,,,,,
Singapore,India,,,,,,,,,,
Romania,,,,,,,,,,,
Italy,,,,,,,,,,,
Malaysia,,,,,,,,,,,
Germany,,,,,,,,,,,
China,,,,,,,,,,,
Thailand,Australia,,,,,,,,,,
China,USA,,,,,,,,,,
China,,,,,,,,,,,
China,Italy,Brazil,,,,,,,,,
USA,,,,,,,,,,,
France,,,,,,,,,,,
Germany,Japan,,,,,,,,,,
Germany,USA,,,,,,,,,,
USA,,,,,,,,,,,
Finland,,,,,,,,,,,
Italy,,,,,,,,,,,
Taiwan,,,,,,,,,,,
USA,,,,,,,,,,,
Germany,Norway,,,,,,,,,,
China,,,,,,,,,,,
China,,,,,,,,,,,
The Netherlands,,,,,,,,,,,
Australia,,,,,,,,,,,
Taiwan,,,,,,,,,,,
USA,,,,,,,,,,,
USA,,,,,,,,,,,
Taiwan,,,,,,,,,,,
Korea,,,,,,,,,,,
Morocco,France,,,,,,,,,,
Canada,USA,,,,,,,,,,
Poland,,,,,,,,,,,
Japan,USA,,,,,,,,,,
Japan,Canada,,,,,,,,,,
Taiwan,,,,,,,,,,,
Italy,,,,,,,,,,,
India,,,,,,,,,,,
India,,,,,,,,,,,
Brazil,USA,,,,,,,,,,
Thailand,,,,,,,,,,,
Romania,,,,,,,,,,,
Spain,,,,,,,,,,,
Japan,,,,,,,,,,,
USA,,,,,,,,,,,
Malaysia,,,,,,,,,,,
Spain,,,,,,,,,,,
China,,,,,,,,,,,
Germany,,,,,,,,,,,
China,,,,,,,,,,,
USA,Canada,,,,,,,,,,
Australia,,,,,,,,,,,
China,,,,,,,,,,,
Korea,,,,,,,,,,,
USA,,,,,,,,,,,
China,,,,,,,,,,,
China,,,,,,,,,,,
Egypt,Saudi Arabia,,,,,,,,,,
Japan,,,,,,,,,,,
Japan,,,,,,,,,,,
Sweden,Bulgaria,,,,,,,,,,
China,,,,,,,,,,,
India,,,,,,,,,,,
China,,,,,,,,,,,
New Zealand,,,,,,,,,,,
Germany,,,,,,,,,,,
Finland,,,,,,,,,,,
Japan,,,,,,,,,,,
Germany,Korea,UK,,,,,,,,,
China,,,,,,,,,,,
Bulgaria,Romania,UK,,,,,,,,,
Iran,USA,,,,,,,,,,
France,,,,,,,,,,,
Cuba,,,,,,,,,,,
Egypt,Saudi Arabia,,,,,,,,,,
Australia,Austria,,,,,,,,,,
Malaysia,Italy,,,,,,,,,,
USA,,,,,,,,,,,
Japan,,,,,,,,,,,
Taiwan,,,,,,,,,,,
Malaysia,UK,,,,,,,,,,
Spain,,,,,,,,,,,
France,,,,,,,,,,,
Korea,,,,,,,,,,,
Taiwan,,,,,,,,,,,
USA,,,,,,,,,,,
China,,,,,,,,,,,
USA,,,,,,,,,,,
Japan,,,,,,,,,,,
Germany,,,,,,,,,,,
China,,,,,,,,,,,
China,UK,,,,,,,,,,
Japan,,,,,,,,,,,
Germany,,,,,,,,,,,
New Zealand,,,,,,,,,,,
India,,,,,,,,,,,
Australia,,,,,,,,,,,
Malaysia,,,,,,,,,,,
Luxembourg,,,,,,,,,,,
Vietnam,France,,,,,,,,,,
China,,,,,,,,,,,
Romania,,,,,,,,,,,
Spain,,,,,,,,,,,
China,UK,,,,,,,,,,
USA,,,,,,,,,,,
UK,,,,,,,,,,,
Brazil,,,,,,,,,,,
Mexico,Russia,,,,,,,,,,
China,,,,,,,,,,,
Switzerland,UK,,,,,,,,,,
Nigeria,USA,,,,,,,,,,
Canada,,,,,,,,,,,
China,USA,,,,,,,,,,
France,,,,,,,,,,,
Australia,Germany,Italy,,,,,,,,,
Japan,,,,,,,,,,,
Malaysia,,,,,,,,,,,
France,,,,,,,,,,,
Malaysia,,,,,,,,,,,
The Netherlands,Chile,Kenya,Belgium,,,,,,,,
Canada,,,,,,,,,,,
UK,USA,,,,,,,,,,
Spain,,,,,,,,,,,
Sweden,,,,,,,,,,,
Germany,,,,,,,,,,,
Norway,,,,,,,,,,,
Korea,,,,,,,,,,,
Canada,,,,,,,,,,,
USA,,,,,,,,,,,
Malaysia,,,,,,,,,,,
China,,,,,,,,,,,
Brazil,,,,,,,,,,,
USA,,,,,,,,,,,
China,,,,,,,,,,,
Japan,,,,,,,,,,,
New Zealand,Australia,,,,,,,,,,
Turkey,,,,,,,,,,,
Japan,,,,,,,,,,,
UK,USA,Taiwan,Germany,Japan,,,,,,,
Egypt,,,,,,,,,,,
China,Korea,,,,,,,,,,
Czech Republic,,,,,,,,,,,
China,,,,,,,,,,,
Korea,,,,,,,,,,,
Malaysia,,,,,,,,,,,
Kenya,UK,,,,,,,,,,
USA,,,,,,,,,,,
South Africa,,,,,,,,,,,
Italy,,,,,,,,,,,
USA,,,,,,,,,,,
USA,,,,,,,,,,,
Italy,,,,,,,,,,,
Germany,,,,,,,,,,,
USA,,,,,,,,,,,
Saudi Arabia,,,,,,,,,,,
China,,,,,,,,,,,
Serbia,,,,,,,,,,,
Taiwan,,,,,,,,,,,
Korea,,,,,,,,,,,
The Netherlands,Finland,,,,,,,,,,
Italy,,,,,,,,,,,
USA,,,,,,,,,,,
Korea,,,,,,,,,,,
Ireland,,,,,,,,,,,
Portugal,,,,,,,,,,,
Japan,,,,,,,,,,,
China,,,,,,,,,,,
Brazil,USA,,,,,,,,,,
Japan,,,,,,,,,,,
Finland,,,,,,,,,,,
Portugal,Spain,,,,,,,,,,
Germany,,,,,,,,,,,
Japan,,,,,,,,,,,
Taiwan,USA,,,,,,,,,,
Italy,,,,,,,,,,,
China,USA,,,,,,,,,,
The Netherlands,,,,,,,,,,,
China,USA,,,,,,,,,,
USA,,,,,,,,,,,
Sweden,,,,,,,,,,,
India,,,,,,,,,,,
USA,,,,,,,,,,,
China,USA,,,,,,,,,,
USA,,,,,,,,,,,
USA,,,,,,,,,,,
France,Canada,,,,,,,,,,
USA,,,,,,,,,,,
USA,,,,,,,,,,,
Korea,,,,,,,,,,,
Korea,,,,,,,,,,,
China,,,,,,,,,,,
China,,,,,,,,,,,
China,USA,,,,,,,,,,
Denmark,USA,,,,,,,,,,
China,,,,,,,,,,,
China,,,,,,,,,,,
China,,,,,,,,,,,
USA,,,,,,,,,,,
USA,,,,,,,,,,,
France,,,,,,,,,,,
USA,,,,,,,,,,,
Italy,,,,,,,,,,,
USA,,,,,,,,,,,
China,,,,,,,,,,,
USA,,,,,,,,,,,
USA,,,,,,,,,,,
Malaysia,,,,,,,,,,,
Mexico,,,,,,,,,,,
Australia,,,,,,,,,,,
USA,,,,,,,,,,,
USA,,,,,,,,,,,
USA,,,,,,,,,,,
Italy,,,,,,,,,,,
France,,,,,,,,,,,
USA,,,,,,,,,,,
UK,,,,,,,,,,,
USA,,,,,,,,,,,
USA,,,,,,,,,,,
China,,,,,,,,,,,
USA,,,,,,,,,,,
Mexico,,,,,,,,,,,
USA,,,,,,,,,,,
China,,,,,,,,,,,
USA,,,,,,,,,,,
Italy,,,,,,,,,,,
China,,,,,,,,,,,
USA,,,,,,,,,,,
Germany,,,,,,,,,,,
Germany,USA,,,,,,,,,,
France,Belgium,Italy,The Netherlands,Turkey,Czech Republic,China,,,,,
Italy,,,,,,,,,,,
Saudi Arabia,,,,,,,,,,,
Portugal,,,,,,,,,,,
Poland,,,,,,,,,,,
Germany,Bulgaria,,,,,,,,,,
UK,,,,,,,,,,,
USA,,,,,,,,,,,
USA,,,,,,,,,,,
Czech Republic,Slovakia,,,,,,,,,,
China,,,,,,,,,,,
Kuwait,,,,,,,,,,,
Italy,France,,,,,,,,,,
Italy,USA,,,,,,,,,,
Japan,,,,,,,,,,,
USA,,,,,,,,,,,
Singapore,USA,,,,,,,,,,
China,Japan,,,,,,,,,,
USA,,,,,,,,,,,
Saudi Arabia,,,,,,,,,,,
USA,,,,,,,,,,,
USA,,,,,,,,,,,
Germany,,,,,,,,,,,
Spain,Italy,,,,,,,,,,
Saudi Arabia,,,,,,,,,,,
Finland,,,,,,,,,,,
USA,,,,,,,,,,,
Canada,,,,,,,,,,,
Korea,,,,,,,,,,,
Belgium,,,,,,,,,,,
France,,,,,,,,,,,
Canada,,,,,,,,,,,
USA,,,,,,,,,,,
UK,,,,,,,,,,,
Canada,,,,,,,,,,,
Korea,,,,,,,,,,,
USA,,,,,,,,,,,
China,,,,,,,,,,,
Germany,Slovenia,Switzerland,Croatia,,,,,,,,
China,,,,,,,,,,,
Brazil,,,,,,,,,,,
China,,,,,,,,,,,
Turkey,,,,,,,,,,,
Belgium,,,,,,,,,,,
Australia,,,,,,,,,,,
Italy,,,,,,,,,,,
Denmark,Estonia,,,,,,,,,,
Taiwan,,,,,,,,,,,
USA,,,,,,,,,,,
UK,,,,,,,,,,,
Germany,,,,,,,,,,,
USA,,,,,,,,,,,
Japan,,,,,,,,,,,
Japan,,,,,,,,,,,
Spain,,,,,,,,,,,
China,,,,,,,,,,,
USA,,,,,,,,,,,
Canada,,,,,,,,,,,
Malaysia,,,,,,,,,,,
Brazil,,,,,,,,,,,
China,,,,,,,,,,,
USA,,,,,,,,,,,
Switzerland,,,,,,,,,,,
Japan,,,,,,,,,,,
Japan,,,,,,,,,,,
Malaysia,,,,,,,,,,,
Austria,,,,,,,,,,,
France,Saudi Arabia,Tunisia,,,,,,,,,
Spain,USA,,,,,,,,,,
USA,,,,,,,,,,,
USA,,,,,,,,,,,
UK,,,,,,,,,,,
USA,,,,,,,,,,,
Germany,Switzerland,,,,,,,,,,
China,Taiwan,,,,,,,,,,
Italy,,,,,,,,,,,
China,,,,,,,,,,,
China,,,,,,,,,,,
USA,,,,,,,,,,,
Germany,,,,,,,,,,,
USA,,,,,,,,,,,
Taiwan,,,,,,,,,,,
Spain,,,,,,,,,,,
USA,,,,,,,,,,,
Germany,,,,,,,,,,,
USA,,,,,,,,,,,
USA,,,,,,,,,,,
USA,,,,,,,,,,,
USA,,,,,,,,,,,
USA,,,,,,,,,,,
China,,,,,,,,,,,
USA,,,,,,,,,,,
Belgium,France,,,,,,,,,,
The Netherlands,,,,,,,,,,,
France,USA,,,,,,,,,,
Egypt,Saudi Arabia,,,,,,,,,,
Mexico,,,,,,,,,,,
USA,,,,,,,,,,,
USA,,,,,,,,,,,
Japan,,,,,,,,,,,
Spain,,,,,,,,,,,
USA,,,,,,,,,,,
Finland,,,,,,,,,,,
UK,,,,,,,,,,,
China,Singapore,,,,,,,,,,
Germany,,,,,,,,,,,
USA,,,,,,,,,,,
Italy,,,,,,,,,,,
Lebanon,France,,,,,,,,,,
China,,,,,,,,,,,
USA,,,,,,,,,,,
Spain,,,,,,,,,,,
Japan,,,,,,,,,,,
UK,,,,,,,,,,,
Poland,,,,,,,,,,,
Korea,USA,,,,,,,,,,
USA,,,,,,,,,,,
Japan,,,,,,,,,,,
USA,,,,,,,,,,,
USA,,,,,,,,,,,
USA,,,,,,,,,,,
USA,,,,,,,,,,,
USA,,,,,,,,,,,
USA,,,,,,,,,,,
Australia,Thailand,Canada,USA,,,,,,,,
Japan,,,,,,,,,,,
UK,,,,,,,,,,,
Taiwan,,,,,,,,,,,
Taiwan,USA,,,,,,,,,,
Taiwan,,,,,,,,,,,
USA,,,,,,,,,,,
Pakistan,UK,,,,,,,,,,
South Africa,,,,,,,,,,,
China,,,,,,,,,,,
China,,,,,,,,,,,
South Africa,,,,,,,,,,,
Korea,,,,,,,,,,,
Canada,,,,,,,,,,,
Austria,,,,,,,,,,,
China,,,,,,,,,,,
China,,,,,,,,,,,
USA,,,,,,,,,,,
Taiwan,,,,,,,,,,,
Taiwan,,,,,,,,,,,
Brazil,,,,,,,,,,,
USA,,,,,,,,,,,
Taiwan,USA,,,,,,,,,,
Korea,,,,,,,,,,,
Italy,,,,,,,,,,,
China,,,,,,,,,,,
USA,,,,,,,,,,,
Japan,,,,,,,,,,,
USA,,,,,,,,,,,
Korea,,,,,,,,,,,
Taiwan,,,,,,,,,,,
China,,,,,,,,,,,
USA,,,,,,,,,,,
Taiwan,,,,,,,,,,,
China,,,,,,,,,,,
Brazil,,,,,,,,,,,
USA,,,,,,,,,,,
Italy,UK,,,,,,,,,,
Taiwan,,,,,,,,,,,
USA,,,,,,,,,,,
UK,,,,,,,,,,,
Switzerland,,,,,,,,,,,
Taiwan,,,,,,,,,,,
Taiwan,,,,,,,,,,,
China,,,,,,,,,,,
Spain,,,,,,,,,,,
Taiwan,,,,,,,,,,,
China,,,,,,,,,,,
China,USA,,,,,,,,,,
Japan,,,,,,,,,,,
South Africa,,,,,,,,,,,
Belgium,,,,,,,,,,,
China,,,,,,,,,,,
Canada,,,,,,,,,,,
China,,,,,,,,,,,
Spain,,,,,,,,,,,
The Netherlands,China,,,,,,,,,,
UK,,,,,,,,,,,
Brazil,,,,,,,,,,,
Japan,USA,,,,,,,,,,
Hungary,,,,,,,,,,,
USA,,,,,,,,,,,
Italy,,,,,,,,,,,
France,,,,,,,,,,,
China,,,,,,,,,,,
Japan,,,,,,,,,,,
Australia,,,,,,,,,,,
Korea,,,,,,,,,,,
USA,,,,,,,,,,,
China,USA,,,,,,,,,,
Mexico,United Arab Emirates,USA,,,,,,,,,
China,,,,,,,,,,,
Saudi Arabia,,,,,,,,,,,
USA,,,,,,,,,,,
Indonesia,Japan,,,,,,,,,,
UK,,,,,,,,,,,
Germany,,,,,,,,,,,
China,,,,,,,,,,,
UK,,,,,,,,,,,
Canada,,,,,,,,,,,
Italy,,,,,,,,,,,
Italy,Japan,,,,,,,,,,
Japan,,,,,,,,,,,
Japan,,,,,,,,,,,
Thailand,,,,,,,,,,,
Brazil,,,,,,,,,,,
China,,,,,,,,,,,
Spain,,,,,,,,,,,
Spain,,,,,,,,,,,
China,Taiwan,,,,,,,,,,
Japan,,,,,,,,,,,
Taiwan,,,,,,,,,,,
Korea,USA,,,,,,,,,,
Spain,,,,,,,,,,,
Poland,UK,,,,,,,,,,
Germany,,,,,,,,,,,
Spain,,,,,,,,,,,
France,,,,,,,,,,,
China,,,,,,,,,,,
Belgium,,,,,,,,,,,
UK,,,,,,,,,,,
Turkey,,,,,,,,,,,
Malaysia,,,,,,,,,,,
Turkey,,,,,,,,,,,
Germany,,,,,,,,,,,
Mexico,,,,,,,,,,,
China,,,,,,,,,,,
Chile,,,,,,,,,,,
Japan,,,,,,,,,,,
China,,,,,,,,,,,
South Africa,,,,,,,,,,,
Taiwan,,,,,,,,,,,
USA,,,,,,,,,,,
Spain,,,,,,,,,,,
Norway,,,,,,,,,,,
Turkey,,,,,,,,,,,
Jordan,,,,,,,,,,,
Czech Republic,,,,,,,,,,,
Spain,Mexico,,,,,,,,,,
Sweden,,,,,,,,,,,
China,,,,,,,,,,,
Austria,,,,,,,,,,,
Japan,,,,,,,,,,,
France,,,,,,,,,,,
China,Japan,,,,,,,,,,
Australia,,,,,,,,,,,
France,Japan,,,,,,,,,,
Taiwan,,,,,,,,,,,
USA,,,,,,,,,,,
USA,,,,,,,,,,,
Korea,,,,,,,,,,,
Brazil,Spain,Argentina,,,,,,,,,
Poland,,,,,,,,,,,
Poland,,,,,,,,,,,
USA,,,,,,,,,,,
Brazil,,,,,,,,,,,
Canada,,,,,,,,,,,
New Zealand,,,,,,,,,,,
Sweden,,,,,,,,,,,
Taiwan,,,,,,,,,,,
USA,,,,,,,,,,,
USA,,,,,,,,,,,
Taiwan,,,,,,,,,,,
USA,,,,,,,,,,,
The Netherlands,,,,,,,,,,,
China,,,,,,,,,,,
Korea,USA,,,,,,,,,,
USA,Switzerland,UK,,,,,,,,,
Egypt,Germany,Saudi Arabia,,,,,,,,,
France,,,,,,,,,,,
Poland,,,,,,,,,,,
USA,,,,,,,,,,,
Greece,,,,,,,,,,,
Italy,,,,,,,,,,,
USA,,,,,,,,,,,
Germany,,,,,,,,,,,
Korea,,,,,,,,,,,
Brazil,,,,,,,,,,,
USA,,,,,,,,,,,
USA,,,,,,,,,,,
Korea,Singapore,UK,,,,,,,,,
China,,,,,,,,,,,
Taiwan,,,,,,,,,,,
Malaysia,,,,,,,,,,,
Japan,,,,,,,,,,,
Spain,Italy,,,,,,,,,,
Japan,,,,,,,,,,,
Spain,,,,,,,,,,,
Korea,Saudi Arabia,,,,,,,,,,
Ukraine,Germany,,,,,,,,,,
Germany,,,,,,,,,,,
USA,,,,,,,,,,,
Japan,USA,,,,,,,,,,
Taiwan,,,,,,,,,,,
Germany,South Africa,Switzerland,,,,,,,,,
China,,,,,,,,,,,
Australia,Austria,Spain,,,,,,,,,
Austria,,,,,,,,,,,
Cyprus,,,,,,,,,,,
Italy,,,,,,,,,,,
Austria,Kyrgyzstan,,,,,,,,,,
New Zealand,China,,,,,,,,,,
Japan,,,,,,,,,,,
Australia,,,,,,,,,,,
Denmark,,,,,,,,,,,
Malaysia,,,,,,,,,,,
China,,,,,,,,,,,
Taiwan,,,,,,,,,,,
Spain,,,,,,,,,,,
Malaysia,,,,,,,,,,,
Thailand,,,,,,,,,,,
China,,,,,,,,,,,
Germany,China,,,,,,,,,,
USA,,,,,,,,,,,
Brazil,,,,,,,,,,,
Switzerland,,,,,,,,,,,
China,Japan,,,,,,,,,,
China,USA,,,,,,,,,,
China,Japan,,,,,,,,,,
Serbia,,,,,,,,,,,
New Zealand,Canada,,,,,,,,,,
Belgium,,,,,,,,,,,
Malaysia,,,,,,,,,,,
China,,,,,,,,,,,
Belgium,,,,,,,,,,,
USA,,,,,,,,,,,
Singapore,Greece,,,,,,,,,,
Malaysia,,,,,,,,,,,
China,,,,,,,,,,,
Spain,,,,,,,,,,,
Germany,,,,,,,,,,,
India,,,,,,,,,,,
USA,,,,,,,,,,,
USA,,,,,,,,,,,
Spain,USA,,,,,,,,,,
Brazil,,,,,,,,,,,
Sweden,Italy,,,,,,,,,,
China,,,,,,,,,,,
Japan,,,,,,,,,,,
USA,UK,,,,,,,,,,
The Netherlands,,,,,,,,,,,
Brazil,,,,,,,,,,,
USA,,,,,,,,,,,
Philippines,,,,,,,,,,,
Taiwan,,,,,,,,,,,
USA,,,,,,,,,,,
USA,,,,,,,,,,,
China,USA,,,,,,,,,,
Japan,,,,,,,,,,,
China,,,,,,,,,,,
Australia,,,,,,,,,,,
Denmark,Estonia,,,,,,,,,,
USA,,,,,,,,,,,
South Africa,,,,,,,,,,,
China,,,,,,,,,,,
United Arab Emirates,,,,,,,,,,,
Portugal,,,,,,,,,,,
Italy,,,,,,,,,,,
Norway,,,,,,,,,,,
UK,,,,,,,,,,,
Poland,,,,,,,,,,,
France,Switzerland,,,,,,,,,,
Japan,,,,,,,,,,,
Japan,USA,,,,,,,,,,
USA,,,,,,,,,,,
Sweden,,,,,,,,,,,
Spain,,,,,,,,,,,
Sweden,,,,,,,,,,,
China,,,,,,,,,,,
China,,,,,,,,,,,
Jordan,,,,,,,,,,,
USA,Israel,,,,,,,,,,
USA,,,,,,,,,,,
Indonesia,Japan,,,,,,,,,,
China,,,,,,,,,,,
Japan,,,,,,,,,,,
USA,,,,,,,,,,,
USA,,,,,,,,,,,
Canada,,,,,,,,,,,
China,,,,,,,,,,,
USA,,,,,,,,,,,
Brazil,,,,,,,,,,,
New Zealand,France,,,,,,,,,,
South Africa,USA,,,,,,,,,,
Switzerland,,,,,,,,,,,
Czech Republic,,,,,,,,,,,
Brazil,,,,,,,,,,,
Croatia,,,,,,,,,,,
Burundi,China,,,,,,,,,,
Sweden,Austria,,,,,,,,,,
France,,,,,,,,,,,
China,,,,,,,,,,,
Spain,,,,,,,,,,,
Germany,,,,,,,,,,,
Hungary,,,,,,,,,,,
Tunisia,,,,,,,,,,,
Tunisia,,,,,,,,,,,
Germany,,,,,,,,,,,
Spain,,,,,,,,,,,
USA,,,,,,,,,,,
China,,,,,,,,,,,
Australia,Bangladesh,Canada,USA,,,,,,,,
Japan,,,,,,,,,,,
China,,,,,,,,,,,
Spain,,,,,,,,,,,
Malaysia,,,,,,,,,,,
USA,,,,,,,,,,,
Korea,,,,,,,,,,,
USA,,,,,,,,,,,
Pakistan,UK,,,,,,,,,,
Germany,Switzerland,,,,,,,,,,
Korea,Canada,,,,,,,,,,
USA,,,,,,,,,,,
India,,,,,,,,,,,
Japan,,,,,,,,,,,
Italy,,,,,,,,,,,
USA,,,,,,,,,,,
Poland,,,,,,,,,,,
Spain,,,,,,,,,,,
Thailand,Japan,,,,,,,,,,
Poland,France,USA,,,,,,,,,
Spain,,,,,,,,,,,
Spain,,,,,,,,,,,
USA,,,,,,,,,,,
Israel,USA,,,,,,,,,,
China,,,,,,,,,,,
Taiwan,,,,,,,,,,,
China,,,,,,,,,,,
Brazil,,,,,,,,,,,
Spain,,,,,,,,,,,
Taiwan,,,,,,,,,,,
Canada,,,,,,,,,,,
Italy,,,,,,,,,,,
China,,,,,,,,,,,
China,,,,,,,,,,,
China,,,,,,,,,,,
Slovenia,Czech Republic,Bosnia and Herzegovina,Germany,Finland,,,,,,,
Spain,,,,,,,,,,,
Sweden,,,,,,,,,,,
Korea,,,,,,,,,,,
China,,,,,,,,,,,
Taiwan,USA,,,,,,,,,,
Czech Republic,,,,,,,,,,,
Egypt,,,,,,,,,,,
Mexico,,,,,,,,,,,
Austria,,,,,,,,,,,
Ireland,USA,,,,,,,,,,
Australia,,,,,,,,,,,
China,USA,,,,,,,,,,
France,,,,,,,,,,,
New Zealand,,,,,,,,,,,
USA,,,,,,,,,,,
Italy,,,,,,,,,,,
USA,,,,,,,,,,,
Iraq,,,,,,,,,,,
China,,,,,,,,,,,
Israel,,,,,,,,,,,
Saudi Arabia,,,,,,,,,,,
Poland,,,,,,,,,,,
Canada,,,,,,,,,,,
Italy,,,,,,,,,,,
Finland,,,,,,,,,,,
Canada,,,,,,,,,,,
USA,,,,,,,,,,,
Japan,,,,,,,,,,,
Japan,,,,,,,,,,,
USA,,,,,,,,,,,
China,,,,,,,,,,,
Canada,,,,,,,,,,,
USA,,,,,,,,,,,
Germany,,,,,,,,,,,
USA,,,,,,,,,,,
USA,,,,,,,,,,,
Thailand,,,,,,,,,,,
Czech Republic,Portugal,Chile,,,,,,,,,
Germany,Libya,,,,,,,,,,
Taiwan,USA,,,,,,,,,,
Mexico,,,,,,,,,,,
Argentina,,,,,,,,,,,
Portugal,,,,,,,,,,,
New Zealand,,,,,,,,,,,
New Zealand,,,,,,,,,,,
China,,,,,,,,,,,
Australia,,,,,,,,,,,
Denmark,USA,,,,,,,,,,
India,Japan,,,,,,,,,,
USA,,,,,,,,,,,
USA,,,,,,,,,,,
France,,,,,,,,,,,
Korea,,,,,,,,,,,
China,,,,,,,,,,,
Finland,,,,,,,,,,,
Malaysia,,,,,,,,,,,
Romania,,,,,,,,,,,
New Zealand,Switzerland,USA,,,,,,,,,
Italy,,,,,,,,,,,
USA,,,,,,,,,,,
Sweden,,,,,,,,,,,
USA,,,,,,,,,,,
USA,,,,,,,,,,,
China,Canada,USA,,,,,,,,,
Japan,,,,,,,,,,,
China,Canada,USA,,,,,,,,,
Norway,,,,,,,,,,,
Egypt,USA,,,,,,,,,,
Germany,,,,,,,,,,,
China,,,,,,,,,,,
China,UK,,,,,,,,,,
China,,,,,,,,,,,
France,,,,,,,,,,,
Germany,,,,,,,,,,,
China,,,,,,,,,,,
France,,,,,,,,,,,
Korea,Japan,,,,,,,,,,
Finland,,,,,,,,,,,
Norway,,,,,,,,,,,
Mexico,,,,,,,,,,,
Germany,,,,,,,,,,,
Canada,,,,,,,,,,,
Cyprus,,,,,,,,,,,
USA,,,,,,,,,,,
Italy,,,,,,,,,,,
Australia,Germany,,,,,,,,,,
The Netherlands,UK,,,,,,,,,,
India,,,,,,,,,,,
USA,,,,,,,,,,,
India,,,,,,,,,,,
UK,,,,,,,,,,,
Australia,,,,,,,,,,,
USA,,,,,,,,,,,
Germany,Switzerland,UK,,,,,,,,,
China,,,,,,,,,,,
China,,,,,,,,,,,
China,,,,,,,,,,,
Germany,,,,,,,,,,,
USA,,,,,,,,,,,
Korea,,,,,,,,,,,
Portugal,,,,,,,,,,,
France,,,,,,,,,,,
China,,,,,,,,,,,
Ireland,Italy,,,,,,,,,,
Canada,,,,,,,,,,,
France,,,,,,,,,,,
Germany,Pakistan,,,,,,,,,,
Germany,,,,,,,,,,,
Canada,,,,,,,,,,,
USA,,,,,,,,,,,
China,,,,,,,,,,,
Chile,,,,,,,,,,,
China,,,,,,,,,,,
China,,,,,,,,,,,
China,,,,,,,,,,,
Saudi Arabia,,,,,,,,,,,
Germany,,,,,,,,,,,
Australia,USA,UK,,,,,,,,,
USA,,,,,,,,,,,
UK,,,,,,,,,,,
USA,,,,,,,,,,,
India,,,,,,,,,,,
Egypt,,,,,,,,,,,
UK,,,,,,,,,,,
USA,,,,,,,,,,,
Spain,,,,,,,,,,,
USA,,,,,,,,,,,
China,,,,,,,,,,,
Thailand,Japan,,,,,,,,,,
Japan,,,,,,,,,,,
Italy,,,,,,,,,,,
Greece,,,,,,,,,,,
USA,,,,,,,,,,,
The Netherlands,USA,,,,,,,,,,
The Netherlands,Germany,Ireland,,,,,,,,,
USA,,,,,,,,,,,
Italy,UK,,,,,,,,,,
France,Canada,,,,,,,,,,
Malaysia,,,,,,,,,,,
Spain,,,,,,,,,,,
USA,,,,,,,,,,,
Poland,,,,,,,,,,,
USA,,,,,,,,,,,
South Africa,Nigeria,USA,,,,,,,,,
Korea,,,,,,,,,,,
Mexico,USA,,,,,,,,,,
USA,,,,,,,,,,,
UK,,,,,,,,,,,
Korea,,,,,,,,,,,
China,,,,,,,,,,,
Denmark,Greece,,,,,,,,,,
Italy,Belgium,,,,,,,,,,
UK,,,,,,,,,,,
UK,,,,,,,,,,,
Italy,,,,,,,,,,,
China,,,,,,,,,,,
Germany,,,,,,,,,,,
Malaysia,,,,,,,,,,,
China,,,,,,,,,,,
Malaysia,,,,,,,,,,,
Czech Republic,,,,,,,,,,,
Kuwait,,,,,,,,,,,
Malaysia,,,,,,,,,,,
USA,,,,,,,,,,,
Sweden,,,,,,,,,,,
Malaysia,,,,,,,,,,,
UK,,,,,,,,,,,
USA,,,,,,,,,,,
USA,,,,,,,,,,,
China,,,,,,,,,,,
USA,,,,,,,,,,,
Canada,,,,,,,,,,,
USA,,,,,,,,,,,
Germany,Spain,,,,,,,,,,
Denmark,,,,,,,,,,,
Taiwan,,,,,,,,,,,
China,,,,,,,,,,,
China,,,,,,,,,,,
Poland,,,,,,,,,,,
Germany,,,,,,,,,,,
Malaysia,,,,,,,,,,,
Italy,,,,,,,,,,,
Japan,,,,,,,,,,,
China,,,,,,,,,,,
Austria,,,,,,,,,,,
Italy,,,,,,,,,,,
Chile,,,,,,,,,,,
USA,,,,,,,,,,,
Australia,,,,,,,,,,,
China,,,,,,,,,,,
Korea,Taiwan,,,,,,,,,,
USA,,,,,,,,,,,
China,,,,,,,,,,,
USA,,,,,,,,,,,
India,,,,,,,,,,,
USA,,,,,,,,,,,
Spain,,,,,,,,,,,
Germany,,,,,,,,,,,
India,,,,,,,,,,,
Serbia,,,,,,,,,,,
Germany,,,,,,,,,,,
Spain,Japan,USA,,,,,,,,,
Japan,,,,,,,,,,,
China,USA,,,,,,,,,,
Sweden,,,,,,,,,,,
USA,,,,,,,,,,,
New Zealand,Costa Rica,South Africa,France,Denmark,Norway,USA,The Netherlands,Canada,Korea,,
Canada,USA,,,,,,,,,,
USA,,,,,,,,,,,
USA,,,,,,,,,,,
India,,,,,,,,,,,
Thailand,,,,,,,,,,,
Poland,,,,,,,,,,,
USA,,,,,,,,,,,
France,,,,,,,,,,,
Taiwan,,,,,,,,,,,
Korea,,,,,,,,,,,
Taiwan,,,,,,,,,,,
Spain,,,,,,,,,,,
China,,,,,,,,,,,
UK,,,,,,,,,,,
Japan,USA,,,,,,,,,,
Germany,,,,,,,,,,,
China,,,,,,,,,,,
Portugal,Brazil,,,,,,,,,,
China,USA,,,,,,,,,,
USA,,,,,,,,,,,
Malaysia,Saudi Arabia,,,,,,,,,,
India,Canada,,,,,,,,,,
Ecuador,USA,,,,,,,,,,
China,USA,,,,,,,,,,
Australia,,,,,,,,,,,
USA,,,,,,,,,,,
South Africa,,,,,,,,,,,
Canada,,,,,,,,,,,
Poland,Taiwan,,,,,,,,,,
Korea,,,,,,,,,,,
Canada,,,,,,,,,,,
Mexico,,,,,,,,,,,
Slovenia,,,,,,,,,,,
Japan,,,,,,,,,,,
Germany,,,,,,,,,,,
Brazil,,,,,,,,,,,
Indonesia,Germany,,,,,,,,,,
Denmark,UK,,,,,,,,,,
Sweden,,,,,,,,,,,
Germany,,,,,,,,,,,
USA,,,,,,,,,,,
USA,,,,,,,,,,,
Japan,,,,,,,,,,,
Germany,,,,,,,,,,,
Sri Lanka,Thailand,,,,,,,,,,
Germany,,,,,,,,,,,
Korea,,,,,,,,,,,
France,,,,,,,,,,,
China,,,,,,,,,,,
Italy,,,,,,,,,,,
Brazil,,,,,,,,,,,
Kuwait,,,,,,,,,,,
The Netherlands,USA,,,,,,,,,,
Italy,,,,,,,,,,,
Austria,,,,,,,,,,,
UK,,,,,,,,,,,
Japan,,,,,,,,,,,
USA,,,,,,,,,,,
USA,,,,,,,,,,,
France,,,,,,,,,,,
Germany,Pakistan,,,,,,,,,,
China,,,,,,,,,,,
Japan,,,,,,,,,,,
Greece,Switzerland,,,,,,,,,,
USA,,,,,,,,,,,
France,,,,,,,,,,,
Mexico,,,,,,,,,,,
India,USA,,,,,,,,,,
Greece,UK,,,,,,,,,,
China,,,,,,,,,,,
Australia,China,,,,,,,,,,
Brazil,,,,,,,,,,,
South Africa,Nigeria,,,,,,,,,,
Brazil,,,,,,,,,,,
USA,,,,,,,,,,,
Italy,Croatia,,,,,,,,,,
USA,,,,,,,,,,,
China,,,,,,,,,,,
UK,,,,,,,,,,,
China,,,,,,,,,,,
China,USA,,,,,,,,,,
Japan,,,,,,,,,,,
Japan,,,,,,,,,,,
USA,,,,,,,,,,,
China,,,,,,,,,,,
Malaysia,,,,,,,,,,,
UK,,,,,,,,,,,
USA,,,,,,,,,,,
Australia,,,,,,,,,,,
China,,,,,,,,,,,
USA,,,,,,,,,,,
China,,,,,,,,,,,
Saudi Arabia,,,,,,,,,,,
Malaysia,France,Japan,,,,,,,,,
Portugal,,,,,,,,,,,
UK,,,,,,,,,,,
France,,,,,,,,,,,
Moldova,,,,,,,,,,,
Finland,,,,,,,,,,,
UK,,,,,,,,,,,
Italy,,,,,,,,,,,
USA,,,,,,,,,,,
Finland,,,,,,,,,,,
Croatia,,,,,,,,,,,
Iran,,,,,,,,,,,
China,,,,,,,,,,,
Germany,France,,,,,,,,,,
China,,,,,,,,,,,
Germany,,,,,,,,,,,
China,,,,,,,,,,,
China,,,,,,,,,,,
China,,,,,,,,,,,
China,,,,,,,,,,,
Germany,,,,,,,,,,,
China,,,,,,,,,,,
Italy,,,,,,,,,,,
China,Singapore,,,,,,,,,,
Germany,,,,,,,,,,,
Australia,,,,,,,,,,,
Cuba,,,,,,,,,,,
Taiwan,,,,,,,,,,,
USA,,,,,,,,,,,
Italy,USA,,,,,,,,,,
Italy,,,,,,,,,,,
USA,,,,,,,,,,,
Japan,,,,,,,,,,,
Taiwan,,,,,,,,,,,
USA,,,,,,,,,,,
USA,,,,,,,,,,,
Cuba,Mexico,,,,,,,,,,
Czech Republic,France,,,,,,,,,,
Korea,,,,,,,,,,,
Taiwan,,,,,,,,,,,
China,UK,,,,,,,,,,
Japan,,,,,,,,,,,
Colombia,Spain,,,,,,,,,,
Mexico,,,,,,,,,,,
Switzerland,,,,,,,,,,,
Portugal,Canada,UK,,,,,,,,,
Sweden,,,,,,,,,,,
UK,,,,,,,,,,,
USA,,,,,,,,,,,
USA,,,,,,,,,,,
Australia,,,,,,,,,,,
Ghana,Japan,Philippines,USA,,,,,,,,
The Netherlands,,,,,,,,,,,
China,,,,,,,,,,,
Taiwan,,,,,,,,,,,
Poland,,,,,,,,,,,
Jordan,Spain,,,,,,,,,,
China,,,,,,,,,,,
China,,,,,,,,,,,
USA,,,,,,,,,,,
Australia,,,,,,,,,,,
Taiwan,,,,,,,,,,,
UK,,,,,,,,,,,
USA,,,,,,,,,,,
USA,,,,,,,,,,,
Czech Republic,,,,,,,,,,,
Taiwan,,,,,,,,,,,
China,,,,,,,,,,,
Saudi Arabia,USA,,,,,,,,,,
Serbia,,,,,,,,,,,
USA,,,,,,,,,,,
USA,,,,,,,,,,,
Denmark,USA,,,,,,,,,,
China,,,,,,,,,,,
USA,,,,,,,,,,,
Spain,,,,,,,,,,,
Korea,,,,,,,,,,,
Spain,Japan,,,,,,,,,,
Turkey,,,,,,,,,,,
Spain,,,,,,,,,,,
China,USA,,,,,,,,,,
USA,,,,,,,,,,,
China,Mexico,,,,,,,,,,
Austria,,,,,,,,,,,
Romania,,,,,,,,,,,
Malaysia,France,Japan,,,,,,,,,
Germany,,,,,,,,,,,
Taiwan,,,,,,,,,,,
Mexico,,,,,,,,,,,
China,,,,,,,,,,,
Japan,,,,,,,,,,,
USA,,,,,,,,,,,
China,,,,,,,,,,,
France,,,,,,,,,,,
USA,,,,,,,,,,,
USA,,,,,,,,,,,
Canada,,,,,,,,,,,
Brazil,Japan,,,,,,,,,,
Germany,,,,,,,,,,,
Austria,,,,,,,,,,,
China,,,,,,,,,,,
USA,,,,,,,,,,,
Austria,,,,,,,,,,,
Germany,Israel,,,,,,,,,,
USA,,,,,,,,,,,
Switzerland,,,,,,,,,,,
China,,,,,,,,,,,
Poland,,,,,,,,,,,
South Africa,,,,,,,,,,,
USA,,,,,,,,,,,
USA,,,,,,,,,,,
China,USA,,,,,,,,,,
France,UK,,,,,,,,,,
Italy,,,,,,,,,,,
Egypt,Saudi Arabia,,,,,,,,,,
USA,,,,,,,,,,,
France,,,,,,,,,,,
Italy,,,,,,,,,,,
Austria,Botswana,Ethiopia,USA,,,,,,,,
Canada,,,,,,,,,,,
Brazil,,,,,,,,,,,
Australia,Korea,,,,,,,,,,
Taiwan,,,,,,,,,,,
China,,,,,,,,,,,
Malaysia,,,,,,,,,,,
Korea,,,,,,,,,,,
Taiwan,,,,,,,,,,,
USA,,,,,,,,,,,
Austria,,,,,,,,,,,
Japan,,,,,,,,,,,
China,Japan,,,,,,,,,,
China,,,,,,,,,,,
China,,,,,,,,,,,
Belgium,,,,,,,,,,,
Malaysia,,,,,,,,,,,
China,,,,,,,,,,,
China,Canada,,,,,,,,,,
The Netherlands,,,,,,,,,,,
Canada,,,,,,,,,,,
Denmark,France,USA,,,,,,,,,
China,,,,,,,,,,,
South Africa,,,,,,,,,,,
Denmark,,,,,,,,,,,
United Arab Emirates,,,,,,,,,,,
Germany,,,,,,,,,,,
USA,,,,,,,,,,,
Argentina,,,,,,,,,,,
Russia,USA,,,,,,,,,,
Taiwan,USA,,,,,,,,,,
Kuwait,,,,,,,,,,,
Korea,,,,,,,,,,,
Poland,,,,,,,,,,,
Indonesia,,,,,,,,,,,
Italy,,,,,,,,,,,
Australia,Germany,Italy,,,,,,,,,
China,,,,,,,,,,,
Spain,,,,,,,,,,,
Malaysia,,,,,,,,,,,
Taiwan,,,,,,,,,,,
Spain,,,,,,,,,,,
Poland,,,,,,,,,,,
Japan,,,,,,,,,,,
Korea,,,,,,,,,,,
Italy,,,,,,,,,,,
USA,,,,,,,,,,,
France,,,,,,,,,,,
Australia,,,,,,,,,,,
France,Canada,,,,,,,,,,
Brazil,,,,,,,,,,,
Malaysia,,,,,,,,,,,
Brazil,,,,,,,,,,,
China,,,,,,,,,,,
China,,,,,,,,,,,
Malaysia,,,,,,,,,,,
China,,,,,,,,,,,
Bulgaria,Austria,Vietnam,,,,,,,,,
USA,,,,,,,,,,,
Czech Republic,,,,,,,,,,,
Portugal,,,,,,,,,,,
China,,,,,,,,,,,
Denmark,,,,,,,,,,,
USA,,,,,,,,,,,
Sweden,Canada,,,,,,,,,,
Sweden,,,,,,,,,,,
Sweden,,,,,,,,,,,
Brazil,,,,,,,,,,,
Japan,,,,,,,,,,,
Mexico,,,,,,,,,,,
USA,,,,,,,,,,,
China,Korea,,,,,,,,,,
Italy,,,,,,,,,,,
China,Japan,,,,,,,,,,
UK,,,,,,,,,,,
Turkey,,,,,,,,,,,
Turkey,,,,,,,,,,,
Turkey,,,,,,,,,,,
Turkey,,,,,,,,,,,
Turkey,,,,,,,,,,,
Turkey,,,,,,,,,,,
Turkey,,,,,,,,,,,
Turkey,,,,,,,,,,,
Turkey,,,,,,,,,,,
Turkey,,,,,,,,,,,
Turkey,,,,,,,,,,,
Turkey,,,,,,,,,,,
Turkey,,,,,,,,,,,
Turkey,,,,,,,,,,,
Turkey,,,,,,,,,,,
Turkey,,,,,,,,,,,
Turkey,USA,,,,,,,,,,
Turkey,,,,,,,,,,,
Turkey,,,,,,,,,,,
Turkey,,,,,,,,,,,
Iran,,,,,,,,,,,
Turkey,,,,,,,,,,,
Turkey,USA,,,,,,,,,,
Korea,,,,,,,,,,,
Malaysia,,,,,,,,,,,
USA,,,,,,,,,,,
South Africa,,,,,,,,,,,
China,UK,,,,,,,,,,
Turkey,,,,,,,,,,,
Japan,,,,,,,,,,,
UK,,,,,,,,,,,
Australia,,,,,,,,,,,
Germany,,,,,,,,,,,
USA,,,,,,,,,,,
China,,,,,,,,,,,
USA,,,,,,,,,,,
Germany,,,,,,,,,,,
USA,,,,,,,,,,,
Germany,,,,,,,,,,,
UK,,,,,,,,,,,
Korea,,,,,,,,,,,
UK,,,,,,,,,,,
China,USA,,,,,,,,,,
USA,,,,,,,,,,,
China,,,,,,,,,,,
Switzerland,,,,,,,,,,,
Germany,,,,,,,,,,,
France,USA,,,,,,,,,,
China,,,,,,,,,,,
USA,,,,,,,,,,,
Germany,Switzerland,,,,,,,,,,
USA,,,,,,,,,,,
Mexico,,,,,,,,,,,
Germany,Spain,,,,,,,,,,
Brazil,,,,,,,,,,,
Austria,Norway,Italy,UK,Germany,Spain,,,,,,
Portugal,,,,,,,,,,,
USA,China,Panama,Canada,,,,,,,,
USA,,,,,,,,,,,
Canada,,,,,,,,,,,
Italy,,,,,,,,,,,
UK,,,,,,,,,,,
USA,,,,,,,,,,,
Peru,USA,,,,,,,,,,
China,,,,,,,,,,,
Brazil,,,,,,,,,,,
China,,,,,,,,,,,
Spain,,,,,,,,,,,
China,,,,,,,,,,,
USA,,,,,,,,,,,
China,,,,,,,,,,,
China,,,,,,,,,,,
Germany,Italy,,,,,,,,,,
The Netherlands,Germany,Austria,,,,,,,,,
Sweden,Mexico,,,,,,,,,,
South Africa,,,,,,,,,,,
Korea,,,,,,,,,,,
China,,,,,,,,,,,
Poland,,,,,,,,,,,
USA,,,,,,,,,,,
Sweden,,,,,,,,,,,
Japan,,,,,,,,,,,
The Netherlands,,,,,,,,,,,
Indonesia,Malaysia,,,,,,,,,,
Italy,,,,,,,,,,,
France,,,,,,,,,,,
USA,,,,,,,,,,,
China,,,,,,,,,,,
Spain,,,,,,,,,,,
USA,,,,,,,,,,,
UK,,,,,,,,,,,
USA,,,,,,,,,,,
USA,,,,,,,,,,,
Switzerland,,,,,,,,,,,
Germany,,,,,,,,,,,
Germany,,,,,,,,,,,
Mexico,France,,,,,,,,,,
USA,,,,,,,,,,,
Germany,,,,,,,,,,,
Taiwan,,,,,,,,,,,
Japan,,,,,,,,,,,
UK,,,,,,,,,,,
China,,,,,,,,,,,
China,,,,,,,,,,,
Italy,,,,,,,,,,,
Malaysia,,,,,,,,,,,
Korea,,,,,,,,,,,
Canada,,,,,,,,,,,
Spain,,,,,,,,,,,
Colombia,Spain,,,,,,,,,,
Korea,,,,,,,,,,,
Spain,,,,,,,,,,,
UK,,,,,,,,,,,
Korea,USA,,,,,,,,,,
Italy,,,,,,,,,,,
Portugal,,,,,,,,,,,
Japan,,,,,,,,,,,
France,,,,,,,,,,,
France,,,,,,,,,,,
Ireland,,,,,,,,,,,
Taiwan,,,,,,,,,,,
South Africa,,,,,,,,,,,
China,USA,,,,,,,,,,
China,,,,,,,,,,,
Italy,,,,,,,,,,,
Brazil,,,,,,,,,,,
Germany,Japan,,,,,,,,,,
Belgium,,,,,,,,,,,
Italy,UK,,,,,,,,,,
Poland,Korea,,,,,,,,,,
USA,,,,,,,,,,,
USA,,,,,,,,,,,
Australia,USA,,,,,,,,,,
UK,,,,,,,,,,,
Brazil,Italy,,,,,,,,,,
USA,,,,,,,,,,,
China,,,,,,,,,,,
Canada,,,,,,,,,,,
Spain,USA,,,,,,,,,,
China,,,,,,,,,,,
Germany,,,,,,,,,,,
Germany,,,,,,,,,,,
China,,,,,,,,,,,
Japan,,,,,,,,,,,
Bulgaria,Macedonia,,,,,,,,,,
Uruguay,,,,,,,,,,,
Czech Republic,,,,,,,,,,,
Jamaica,Canada,,,,,,,,,,
USA,,,,,,,,,,,
USA,,,,,,,,,,,
Brazil,,,,,,,,,,,
China,,,,,,,,,,,
Italy,USA,,,,,,,,,,
Colombia,,,,,,,,,,,
Serbia,,,,,,,,,,,
Austria,,,,,,,,,,,
Italy,,,,,,,,,,,
Algeria,France,,,,,,,,,,
China,,,,,,,,,,,
China,,,,,,,,,,,
Italy,,,,,,,,,,,
Malaysia,Iran,,,,,,,,,,
Japan,,,,,,,,,,,
India,,,,,,,,,,,
China,USA,,,,,,,,,,
China,USA,,,,,,,,,,
Japan,,,,,,,,,,,
Brazil,,,,,,,,,,,
Israel,,,,,,,,,,,
Germany,,,,,,,,,,,
France,,,,,,,,,,,
The Netherlands,,,,,,,,,,,
Australia,,,,,,,,,,,
Argentina,,,,,,,,,,,
The Netherlands,Japan,,,,,,,,,,
Saudi Arabia,,,,,,,,,,,
Mexico,,,,,,,,,,,
Korea,,,,,,,,,,,
Malaysia,,,,,,,,,,,
Mexico,USA,,,,,,,,,,
USA,,,,,,,,,,,
France,,,,,,,,,,,
Italy,,,,,,,,,,,
Spain,,,,,,,,,,,
USA,,,,,,,,,,,
USA,,,,,,,,,,,
USA,,,,,,,,,,,
Thailand,,,,,,,,,,,
Taiwan,,,,,,,,,,,
Sweden,,,,,,,,,,,
India,,,,,,,,,,,
China,,,,,,,,,,,
Brazil,,,,,,,,,,,
Korea,,,,,,,,,,,
China,,,,,,,,,,,
Germany,,,,,,,,,,,
China,,,,,,,,,,,
Ireland,,,,,,,,,,,
Denmark,Japan,,,,,,,,,,
Indonesia,Costa Rica,France,USA,,,,,,,,
Sweden,France,,,,,,,,,,
USA,,,,,,,,,,,
Australia,UK,USA,,,,,,,,,
USA,,,,,,,,,,,
USA,,,,,,,,,,,
South Africa,,,,,,,,,,,
China,,,,,,,,,,,
Taiwan,,,,,,,,,,,
Canada,,,,,,,,,,,
USA,,,,,,,,,,,
Indonesia,Japan,,,,,,,,,,
Germany,,,,,,,,,,,
Finland,,,,,,,,,,,
USA,,,,,,,,,,,
Spain,,,,,,,,,,,
Germany,,,,,,,,,,,
Ireland,,,,,,,,,,,
Italy,Peru,,,,,,,,,,
China,,,,,,,,,,,
USA,,,,,,,,,,,
Mexico,USA,,,,,,,,,,
USA,,,,,,,,,,,
Croatia,,,,,,,,,,,
China,,,,,,,,,,,
Italy,,,,,,,,,,,
Spain,,,,,,,,,,,
Australia,South Africa,,,,,,,,,,
Malaysia,,,,,,,,,,,
Canada,,,,,,,,,,,
USA,,,,,,,,,,,
Spain,,,,,,,,,,,
USA,,,,,,,,,,,
USA,,,,,,,,,,,
USA,,,,,,,,,,,
Qatar,,,,,,,,,,,
USA,,,,,,,,,,,
USA,,,,,,,,,,,
South Africa,,,,,,,,,,,
Spain,,,,,,,,,,,
Mexico,,,,,,,,,,,
USA,,,,,,,,,,,
South Africa,,,,,,,,,,,
USA,,,,,,,,,,,
USA,,,,,,,,,,,
South Africa,,,,,,,,,,,
UK,,,,,,,,,,,
South Africa,,,,,,,,,,,
Brazil,,,,,,,,,,,
China,Bangladesh,Canada,USA,,,,,,,,
Japan,,,,,,,,,,,
USA,,,,,,,,,,,
India,Japan,,,,,,,,,,
Sweden,,,,,,,,,,,
UK,,,,,,,,,,,
Japan,,,,,,,,,,,
China,,,,,,,,,,,
Germany,,,,,,,,,,,
Taiwan,,,,,,,,,,,
Germany,,,,,,,,,,,
China,,,,,,,,,,,
Germany,,,,,,,,,,,
Belgium,Kazakhstan,,,,,,,,,,
Japan,,,,,,,,,,,
South Africa,,,,,,,,,,,
Czech Republic,Slovakia,,,,,,,,,,
USA,,,,,,,,,,,
Japan,USA,,,,,,,,,,
Canada,USA,,,,,,,,,,
USA,,,,,,,,,,,
Israel,,,,,,,,,,,
USA,,,,,,,,,,,
USA,,,,,,,,,,,
USA,Canada,,,,,,,,,,
Australia,USA,,,,,,,,,,
Argentina,,,,,,,,,,,
Spain,,,,,,,,,,,
USA,,,,,,,,,,,
USA,,,,,,,,,,,
Denmark,Estonia,,,,,,,,,,
Mexico,,,,,,,,,,,
Denmark,Germany,Norway,USA,,,,,,,,
Germany,,,,,,,,,,,
USA,,,,,,,,,,,
Korea,,,,,,,,,,,
Australia,France,,,,,,,,,,
Korea,,,,,,,,,,,
Germany,,,,,,,,,,,
China,,,,,,,,,,,
Korea,,,,,,,,,,,
Australia,,,,,,,,,,,
China,Singapore,,,,,,,,,,
Korea,,,,,,,,,,,
Taiwan,USA,,,,,,,,,,
Belgium,,,,,,,,,,,
USA,,,,,,,,,,,
China,,,,,,,,,,,
USA,,,,,,,,,,,
France,,,,,,,,,,,
Switzerland,USA,,,,,,,,,,
USA,,,,,,,,,,,
Sweden,Brazil,,,,,,,,,,
Malaysia,Japan,,,,,,,,,,
USA,,,,,,,,,,,
France,,,,,,,,,,,
China,,,,,,,,,,,
Greece,,,,,,,,,,,
France,,,,,,,,,,,
Switzerland,,,,,,,,,,,
Denmark,France,,,,,,,,,,
Sweden,,,,,,,,,,,
China,,,,,,,,,,,
Saudi Arabia,USA,,,,,,,,,,
Canada,,,,,,,,,,,
USA,Hungary,UK,,,,,,,,,
USA,,,,,,,,,,,
USA,,,,,,,,,,,
USA,,,,,,,,,,,
China,,,,,,,,,,,
USA,Israel,,,,,,,,,,
Japan,,,,,,,,,,,
Sweden,,,,,,,,,,,
USA,,,,,,,,,,,
France,,,,,,,,,,,
Armenia,Germany,Switzerland,,,,,,,,,
France,,,,,,,,,,,
USA,,,,,,,,,,,
Japan,,,,,,,,,,,
Germany,Japan,,,,,,,,,,
USA,,,,,,,,,,,
Taiwan,,,,,,,,,,,
Malaysia,,,,,,,,,,,
China,,,,,,,,,,,
Chile,,,,,,,,,,,
Brazil,,,,,,,,,,,
Canada,,,,,,,,,,,
Belgium,,,,,,,,,,,
China,,,,,,,,,,,
Italy,,,,,,,,,,,
Germany,Austria,,,,,,,,,,
USA,,,,,,,,,,,
The Netherlands,,,,,,,,,,,
USA,,,,,,,,,,,
India,,,,,,,,,,,
Bulgaria,,,,,,,,,,,
Japan,,,,,,,,,,,
China,,,,,,,,,,,
Australia,,,,,,,,,,,
Thailand,,,,,,,,,,,
Japan,,,,,,,,,,,
Japan,USA,,,,,,,,,,
The Netherlands,Slovakia,,,,,,,,,,
USA,,,,,,,,,,,
USA,Canada,,,,,,,,,,
USA,,,,,,,,,,,
Japan,,,,,,,,,,,
Germany,Austria,,,,,,,,,,
Australia,,,,,,,,,,,
Spain,,,,,,,,,,,
Taiwan,,,,,,,,,,,
China,,,,,,,,,,,
Colombia,Canada,,,,,,,,,,
Italy,,,,,,,,,,,
Brazil,,,,,,,,,,,
USA,,,,,,,,,,,
Switzerland,,,,,,,,,,,
Australia,,,,,,,,,,,
Korea,,,,,,,,,,,
China,,,,,,,,,,,
South Africa,Nigeria,,,,,,,,,,
Canada,,,,,,,,,,,
USA,,,,,,,,,,,
France,,,,,,,,,,,
UK,,,,,,,,,,,
Spain,,,,,,,,,,,
Italy,,,,,,,,,,,
Japan,,,,,,,,,,,
Taiwan,,,,,,,,,,,
Spain,,,,,,,,,,,
Portugal,,,,,,,,,,,
Australia,,,,,,,,,,,
Malaysia,,,,,,,,,,,
Japan,,,,,,,,,,,
Germany,Canada,,,,,,,,,,
Korea,,,,,,,,,,,
India,China,USA,,,,,,,,,
Taiwan,,,,,,,,,,,
Spain,,,,,,,,,,,
Mexico,USA,,,,,,,,,,
USA,,,,,,,,,,,
Spain,,,,,,,,,,,
China,,,,,,,,,,,
Israel,,,,,,,,,,,
Thailand,,,,,,,,,,,
Spain,,,,,,,,,,,
Iran,,,,,,,,,,,
Czech Republic,,,,,,,,,,,
Brazil,,,,,,,,,,,
Costa Rica,,,,,,,,,,,
USA,,,,,,,,,,,
China,,,,,,,,,,,
Taiwan,,,,,,,,,,,
USA,,,,,,,,,,,
The Netherlands,Germany,Canada,,,,,,,,,
UK,,,,,,,,,,,
Korea,,,,,,,,,,,
Canada,,,,,,,,,,,
Portugal,Italy,,,,,,,,,,
China,,,,,,,,,,,
China,,,,,,,,,,,
China,,,,,,,,,,,
Israel,,,,,,,,,,,
Australia,Canada,,,,,,,,,,
USA,,,,,,,,,,,
USA,,,,,,,,,,,
Japan,,,,,,,,,,,
The Netherlands,,,,,,,,,,,
USA,,,,,,,,,,,
Korea,,,,,,,,,,,
Costa Rica,Brazil,Indonesia,UK,Spain,,,,,,,
UK,,,,,,,,,,,
USA,,,,,,,,,,,
Cuba,,,,,,,,,,,
Belgium,,,,,,,,,,,
Italy,,,,,,,,,,,
China,Canada,,,,,,,,,,
Poland,Germany,Belgium,France,,,,,,,,
Spain,,,,,,,,,,,
Canada,,,,,,,,,,,
China,,,,,,,,,,,
China,,,,,,,,,,,
China,,,,,,,,,,,
UK,,,,,,,,,,,
Spain,,,,,,,,,,,
Denmark,,,,,,,,,,,
Saudi Arabia,,,,,,,,,,,
Pakistan,,,,,,,,,,,
Japan,,,,,,,,,,,
Brazil,,,,,,,,,,,
Korea,,,,,,,,,,,
China,,,,,,,,,,,
Italy,,,,,,,,,,,
USA,,,,,,,,,,,
France,,,,,,,,,,,
Singapore,USA,,,,,,,,,,
Italy,,,,,,,,,,,
Italy,,,,,,,,,,,
UK,,,,,,,,,,,
USA,,,,,,,,,,,
Portugal,Spain,,,,,,,,,,
Taiwan,,,,,,,,,,,
USA,,,,,,,,,,,
Sweden,,,,,,,,,,,
USA,,,,,,,,,,,
China,,,,,,,,,,,
Egypt,Saudi Arabia,,,,,,,,,,
Iran,,,,,,,,,,,
Taiwan,,,,,,,,,,,
USA,,,,,,,,,,,
USA,,,,,,,,,,,
Malaysia,,,,,,,,,,,
Japan,,,,,,,,,,,
Canada,,,,,,,,,,,
Indonesia,Germany,,,,,,,,,,
China,,,,,,,,,,,
China,,,,,,,,,,,
China,,,,,,,,,,,
Germany,,,,,,,,,,,
USA,,,,,,,,,,,
Japan,,,,,,,,,,,
USA,,,,,,,,,,,
USA,,,,,,,,,,,
Portugal,,,,,,,,,,,
UK,,,,,,,,,,,
Australia,,,,,,,,,,,
Israel,,,,,,,,,,,
Japan,,,,,,,,,,,
USA,,,,,,,,,,,
Germany,,,,,,,,,,,
France,,,,,,,,,,,
USA,,,,,,,,,,,
Sweden,,,,,,,,,,,
Japan,,,,,,,,,,,
Australia,India,,,,,,,,,,
USA,,,,,,,,,,,
USA,,,,,,,,,,,
Korea,,,,,,,,,,,
Korea,,,,,,,,,,,
Spain,,,,,,,,,,,
Spain,,,,,,,,,,,
China,,,,,,,,,,,
Germany,Spain,,,,,,,,,,
China,,,,,,,,,,,
USA,,,,,,,,,,,
Poland,The Netherlands,Germany,,,,,,,,,
Brazil,,,,,,,,,,,
USA,,,,,,,,,,,
China,,,,,,,,,,,
China,,,,,,,,,,,
USA,,,,,,,,,,,
Germany,Slovenia,,,,,,,,,,
Greece,,,,,,,,,,,
Korea,,,,,,,,,,,
Denmark,,,,,,,,,,,
USA,,,,,,,,,,,
The Netherlands,,,,,,,,,,,
USA,,,,,,,,,,,
France,,,,,,,,,,,
Brazil,,,,,,,,,,,
Thailand,,,,,,,,,,,
China,,,,,,,,,,,
China,,,,,,,,,,,
Switzerland,,,,,,,,,,,
Egypt,,,,,,,,,,,
Brazil,,,,,,,,,,,
Spain,Italy,,,,,,,,,,
USA,,,,,,,,,,,
Japan,,,,,,,,,,,
Japan,,,,,,,,,,,
USA,,,,,,,,,,,
Canada,,,,,,,,,,,
USA,,,,,,,,,,,
Malaysia,,,,,,,,,,,
Spain,,,,,,,,,,,
China,,,,,,,,,,,
Cyprus,UK,,,,,,,,,,
Ireland,France,,,,,,,,,,
USA,Canada,,,,,,,,,,
Mexico,,,,,,,,,,,
Brazil,,,,,,,,,,,
USA,,,,,,,,,,,
USA,,,,,,,,,,,
USA,,,,,,,,,,,
Taiwan,,,,,,,,,,,
USA,,,,,,,,,,,
Australia,,,,,,,,,,,
Australia,,,,,,,,,,,
USA,,,,,,,,,,,
USA,,,,,,,,,,,
China,Russia,USA,,,,,,,,,
Mexico,,,,,,,,,,,
USA,,,,,,,,,,,
Spain,Mexico,,,,,,,,,,
USA,,,,,,,,,,,
Slovakia,,,,,,,,,,,
India,,,,,,,,,,,
Japan,,,,,,,,,,,
Malaysia,China,,,,,,,,,,
Japan,,,,,,,,,,,
Germany,,,,,,,,,,,
France,,,,,,,,,,,
New Zealand,,,,,,,,,,,
USA,,,,,,,,,,,
China,,,,,,,,,,,
China,,,,,,,,,,,
Canada,,,,,,,,,,,
France,Tunisia,,,,,,,,,,
Italy,,,,,,,,,,,
Canada,,,,,,,,,,,
USA,,,,,,,,,,,
Australia,France,,,,,,,,,,
France,,,,,,,,,,,
Belgium,France,,,,,,,,,,
USA,,,,,,,,,,,
Sweden,,,,,,,,,,,
Taiwan,,,,,,,,,,,
Norway,,,,,,,,,,,
USA,,,,,,,,,,,
France,USA,,,,,,,,,,
Germany,,,,,,,,,,,
China,USA,Korea,,,,,,,,,
Malaysia,USA,,,,,,,,,,
The Netherlands,Germany,USA,,,,,,,,,
UK,,,,,,,,,,,
Taiwan,,,,,,,,,,,
UK,,,,,,,,,,,
Indonesia,,,,,,,,,,,
Australia,,,,,,,,,,,
Canada,,,,,,,,,,,
Canada,,,,,,,,,,,
France,,,,,,,,,,,
Germany,,,,,,,,,,,
China,,,,,,,,,,,
France,,,,,,,,,,,
France,,,,,,,,,,,
Sweden,,,,,,,,,,,
Cameroon,Italy,USA,,,,,,,,,
USA,,,,,,,,,,,
Japan,,,,,,,,,,,
Spain,,,,,,,,,,,
South Africa,,,,,,,,,,,
Thailand,,,,,,,,,,,
China,,,,,,,,,,,
Sweden,,,,,,,,,,,
Spain,Italy,,,,,,,,,,
Israel,,,,,,,,,,,
USA,,,,,,,,,,,
Japan,,,,,,,,,,,
Germany,,,,,,,,,,,
Australia,,,,,,,,,,,
USA,,,,,,,,,,,
China,,,,,,,,,,,
Australia,India,,,,,,,,,,
France,,,,,,,,,,,
USA,,,,,,,,,,,
Japan,,,,,,,,,,,
China,,,,,,,,,,,
Japan,,,,,,,,,,,
Spain,,,,,,,,,,,
Australia,,,,,,,,,,,
Germany,,,,,,,,,,,
Ukraine,USA,,,,,,,,,,
Italy,USA,,,,,,,,,,
Japan,,,,,,,,,,,
China,USA,,,,,,,,,,
Germany,,,,,,,,,,,
New Zealand,USA,UK,,,,,,,,,
China,,,,,,,,,,,
Spain,,,,,,,,,,,
India,,,,,,,,,,,
India,,,,,,,,,,,
Poland,Italy,,,,,,,,,,
Australia,,,,,,,,,,,
Germany,Belgium,,,,,,,,,,
India,,,,,,,,,,,
Japan,,,,,,,,,,,
China,,,,,,,,,,,
USA,,,,,,,,,,,
Taiwan,,,,,,,,,,,
Norway,Israel,,,,,,,,,,
France,Taiwan,,,,,,,,,,
China,,,,,,,,,,,
USA,,,,,,,,,,,
USA,,,,,,,,,,,
China,Korea,,,,,,,,,,
France,,,,,,,,,,,
USA,,,,,,,,,,,
Denmark,Italy,,,,,,,,,,
China,,,,,,,,,,,
Japan,,,,,,,,,,,
Argentina,,,,,,,,,,,
USA,,,,,,,,,,,
USA,,,,,,,,,,,
Denmark,,,,,,,,,,,
Taiwan,,,,,,,,,,,
Italy,USA,,,,,,,,,,
France,,,,,,,,,,,
Denmark,,,,,,,,,,,
Hungary,Croatia,,,,,,,,,,
Iran,USA,,,,,,,,,,
USA,,,,,,,,,,,
Sweden,,,,,,,,,,,
Brazil,,,,,,,,,,,
Taiwan,,,,,,,,,,,
Japan,,,,,,,,,,,
Malaysia,,,,,,,,,,,
USA,,,,,,,,,,,
USA,,,,,,,,,,,
USA,,,,,,,,,,,
The Netherlands,Kenya,,,,,,,,,,
Malaysia,,,,,,,,,,,
Italy,,,,,,,,,,,
Singapore,Turkey,,,,,,,,,,
Sweden,Austria,,,,,,,,,,
China,,,,,,,,,,,
Belgium,,,,,,,,,,,
Portugal,Brazil,,,,,,,,,,
Japan,,,,,,,,,,,
Italy,,,,,,,,,,,
Egypt,Saudi Arabia,,,,,,,,,,
Korea,,,,,,,,,,,
Japan,,,,,,,,,,,
China,,,,,,,,,,,
China,,,,,,,,,,,
USA,,,,,,,,,,,
Mexico,Canada,,,,,,,,,,
China,Canada,,,,,,,,,,
Australia,,,,,,,,,,,
Austria,,,,,,,,,,,
Cameroon,Belgium,France,Germany,,,,,,,,
The Netherlands,Germany,,,,,,,,,,
China,,,,,,,,,,,
China,,,,,,,,,,,
China,,,,,,,,,,,
Serbia,,,,,,,,,,,
Denmark,,,,,,,,,,,
USA,,,,,,,,,,,
Switzerland,,,,,,,,,,,
Spain,,,,,,,,,,,
Taiwan,,,,,,,,,,,
Japan,,,,,,,,,,,
USA,,,,,,,,,,,
USA,,,,,,,,,,,
Egypt,USA,,,,,,,,,,
Romania,,,,,,,,,,,
China,USA,,,,,,,,,,
Germany,,,,,,,,,,,
Indonesia,Brazil,Mexico,USA,,,,,,,,
Korea,,,,,,,,,,,
Korea,USA,,,,,,,,,,
Vietnam,,,,,,,,,,,
Taiwan,,,,,,,,,,,
Korea,,,,,,,,,,,
Korea,,,,,,,,,,,
China,,,,,,,,,,,
Italy,UK,,,,,,,,,,
Italy,,,,,,,,,,,
Japan,,,,,,,,,,,
Canada,,,,,,,,,,,
Taiwan,,,,,,,,,,,
China,,,,,,,,,,,
Korea,,,,,,,,,,,
Australia,,,,,,,,,,,
Korea,,,,,,,,,,,
Brazil,USA,,,,,,,,,,
USA,,,,,,,,,,,
Australia,UK,USA,,,,,,,,,
Australia,,,,,,,,,,,
China,USA,,,,,,,,,,
Italy,,,,,,,,,,,
Switzerland,,,,,,,,,,,
USA,,,,,,,,,,,
USA,,,,,,,,,,,
Japan,,,,,,,,,,,
China,,,,,,,,,,,
Spain,,,,,,,,,,,
USA,,,,,,,,,,,
France,,,,,,,,,,,
China,,,,,,,,,,,
USA,,,,,,,,,,,
Japan,,,,,,,,,,,
Canada,,,,,,,,,,,
Malaysia,,,,,,,,,,,
Czech Republic,UK,,,,,,,,,,
Canada,,,,,,,,,,,
Malaysia,,,,,,,,,,,
Thailand,,,,,,,,,,,
Turkey,,,,,,,,,,,
China,,,,,,,,,,,
Taiwan,,,,,,,,,,,
UK,,,,,,,,,,,
The Netherlands,Belgium,,,,,,,,,,
China,,,,,,,,,,,
Mexico,USA,,,,,,,,,,
China,Japan,,,,,,,,,,
USA,,,,,,,,,,,
Switzerland,,,,,,,,,,,
Germany,,,,,,,,,,,
USA,,,,,,,,,,,
Mexico,,,,,,,,,,,
South Africa,UK,,,,,,,,,,
Italy,,,,,,,,,,,
USA,,,,,,,,,,,
Norway,,,,,,,,,,,
Japan,,,,,,,,,,,
New Zealand,USA,,,,,,,,,,
Australia,,,,,,,,,,,
UK,,,,,,,,,,,
Taiwan,,,,,,,,,,,
France,,,,,,,,,,,
USA,,,,,,,,,,,
China,,,,,,,,,,,
Brazil,,,,,,,,,,,
China,,,,,,,,,,,
China,,,,,,,,,,,
Germany,,,,,,,,,,,
USA,,,,,,,,,,,
Korea,,,,,,,,,,,
USA,,,,,,,,,,,
China,,,,,,,,,,,
USA,,,,,,,,,,,
France,,,,,,,,,,,
USA,,,,,,,,,,,
Italy,,,,,,,,,,,
Poland,Sweden,,,,,,,,,,
Italy,,,,,,,,,,,
Germany,,,,,,,,,,,
Australia,,,,,,,,,,,
Australia,UK,USA,,,,,,,,,
Brazil,,,,,,,,,,,
Brazil,,,,,,,,,,,
China,,,,,,,,,,,
The Netherlands,,,,,,,,,,,
Japan,,,,,,,,,,,
Italy,,,,,,,,,,,
USA,,,,,,,,,,,
Taiwan,,,,,,,,,,,
France,,,,,,,,,,,
Canada,,,,,,,,,,,
USA,,,,,,,,,,,
Korea,,,,,,,,,,,
Korea,,,,,,,,,,,
Korea,,,,,,,,,,,
Taiwan,,,,,,,,,,,
Macedonia,,,,,,,,,,,
Germany,,,,,,,,,,,
China,,,,,,,,,,,
Croatia,,,,,,,,,,,
Brazil,,,,,,,,,,,
China,,,,,,,,,,,
Germany,,,,,,,,,,,
Brazil,,,,,,,,,,,
China,,,,,,,,,,,
Spain,Romania,,,,,,,,,,
Korea,,,,,,,,,,,
USA,,,,,,,,,,,
New Zealand,Belgium,UK,USA,Guinea,Germany,,,,,,
Japan,,,,,,,,,,,
China,,,,,,,,,,,
Spain,,,,,,,,,,,
Denmark,UK,,,,,,,,,,
France,,,,,,,,,,,
Belgium,,,,,,,,,,,
USA,,,,,,,,,,,
Serbia,,,,,,,,,,,
USA,,,,,,,,,,,
Korea,,,,,,,,,,,
Poland,,,,,,,,,,,
China,,,,,,,,,,,
Canada,France,USA,Croatia,,,,,,,,
Mexico,,,,,,,,,,,
USA,,,,,,,,,,,
USA,,,,,,,,,,,
China,,,,,,,,,,,
Thailand,,,,,,,,,,,
Japan,,,,,,,,,,,
China,Spain,,,,,,,,,,
Switzerland,Japan,USA,,,,,,,,,
Portugal,,,,,,,,,,,
China,,,,,,,,,,,
USA,,,,,,,,,,,
Japan,,,,,,,,,,,
Germany,Italy,,,,,,,,,,
USA,,,,,,,,,,,
Malaysia,,,,,,,,,,,
Australia,,,,,,,,,,,
Spain,,,,,,,,,,,
Australia,,,,,,,,,,,
Mexico,,,,,,,,,,,
Denmark,,,,,,,,,,,
Mexico,,,,,,,,,,,
USA,,,,,,,,,,,
Italy,Croatia,,,,,,,,,,
Slovenia,,,,,,,,,,,
India,USA,,,,,,,,,,
Canada,,,,,,,,,,,
China,,,,,,,,,,,
USA,,,,,,,,,,,
Italy,,,,,,,,,,,
USA,,,,,,,,,,,
India,,,,,,,,,,,
USA,,,,,,,,,,,
India,,,,,,,,,,,
China,,,,,,,,,,,
China,,,,,,,,,,,
Hungary,,,,,,,,,,,
Australia,,,,,,,,,,,
Canada,USA,,,,,,,,,,
USA,,,,,,,,,,,
New Zealand,UK,,,,,,,,,,
Japan,,,,,,,,,,,
Sweden,,,,,,,,,,,
Australia,Canada,USA,,,,,,,,,
Australia,UK,Canada,USA,,,,,,,,
Canada,,,,,,,,,,,
Sweden,Germany,,,,,,,,,,
USA,,,,,,,,,,,
Mexico,,,,,,,,,,,
Japan,,,,,,,,,,,
Italy,,,,,,,,,,,
Taiwan,,,,,,,,,,,
UK,,,,,,,,,,,
South Africa,,,,,,,,,,,
USA,,,,,,,,,,,
China,,,,,,,,,,,
Germany,,,,,,,,,,,
UK,,,,,,,,,,,
Italy,USA,,,,,,,,,,
Spain,,,,,,,,,,,
USA,,,,,,,,,,,
Colombia,Mexico,,,,,,,,,,
Canada,,,,,,,,,,,
China,USA,,,,,,,,,,
China,,,,,,,,,,,
The Netherlands,Germany,Saudi Arabia,,,,,,,,,
USA,,,,,,,,,,,
Australia,Germany,Canada,,,,,,,,,
Cameroon,,,,,,,,,,,
China,,,,,,,,,,,
Australia,,,,,,,,,,,
Slovenia,,,,,,,,,,,
Singapore,Turkey,,,,,,,,,,
USA,,,,,,,,,,,
Mexico,,,,,,,,,,,
UK,,,,,,,,,,,
Moldova,Germany,USA,,,,,,,,,
Germany,Belgium,,,,,,,,,,
USA,,,,,,,,,,,
France,,,,,,,,,,,
Brazil,,,,,,,,,,,
USA,,,,,,,,,,,
USA,,,,,,,,,,,
Taiwan,,,,,,,,,,,
Malaysia,,,,,,,,,,,
Spain,Italy,,,,,,,,,,
Spain,,,,,,,,,,,
Brazil,,,,,,,,,,,
China,,,,,,,,,,,
USA,,,,,,,,,,,
China,,,,,,,,,,,
Australia,,,,,,,,,,,
China,,,,,,,,,,,
Argentina,,,,,,,,,,,
China,,,,,,,,,,,
Indonesia,Nicaragua,,,,,,,,,,
Poland,India,,,,,,,,,,
Italy,,,,,,,,,,,
Syria,Canada,,,,,,,,,,
UK,USA,,,,,,,,,,
Norway,,,,,,,,,,,
Italy,,,,,,,,,,,
China,,,,,,,,,,,
China,,,,,,,,,,,
Australia,,,,,,,,,,,
USA,,,,,,,,,,,
Czech Republic,,,,,,,,,,,
Japan,,,,,,,,,,,
USA,,,,,,,,,,,
Taiwan,,,,,,,,,,,
New Zealand,,,,,,,,,,,
Finland,,,,,,,,,,,
Korea,UK,,,,,,,,,,
China,,,,,,,,,,,
Korea,,,,,,,,,,,
Korea,,,,,,,,,,,
Korea,,,,,,,,,,,
Mexico,,,,,,,,,,,
Taiwan,,,,,,,,,,,
Japan,Canada,,,,,,,,,,
China,,,,,,,,,,,
Egypt,,,,,,,,,,,
USA,,,,,,,,,,,
Japan,USA,,,,,,,,,,
Romania,,,,,,,,,,,
USA,,,,,,,,,,,
China,,,,,,,,,,,
USA,,,,,,,,,,,
India,,,,,,,,,,,
Italy,,,,,,,,,,,
Singapore,Canada,,,,,,,,,,
Spain,Argentina,,,,,,,,,,
Germany,UK,,,,,,,,,,
USA,,,,,,,,,,,
Poland,,,,,,,,,,,
USA,,,,,,,,,,,
Japan,UK,,,,,,,,,,
Austria,Russia,,,,,,,,,,
Malaysia,,,,,,,,,,,
France,,,,,,,,,,,
China,,,,,,,,,,,
Mexico,,,,,,,,,,,
Germany,,,,,,,,,,,
Japan,,,,,,,,,,,
Cameroon,France,,,,,,,,,,
China,,,,,,,,,,,
Germany,,,,,,,,,,,
Poland,Spain,Japan,,,,,,,,,
Germany,,,,,,,,,,,
Finland,,,,,,,,,,,
Italy,,,,,,,,,,,
New Zealand,,,,,,,,,,,
USA,,,,,,,,,,,
USA,,,,,,,,,,,
Brazil,,,,,,,,,,,
Korea,,,,,,,,,,,
Korea,,,,,,,,,,,
China,USA,,,,,,,,,,
USA,,,,,,,,,,,
USA,,,,,,,,,,,
Canada,,,,,,,,,,,
Philippines,USA,,,,,,,,,,
Belgium,,,,,,,,,,,
Canada,,,,,,,,,,,
Mexico,,,,,,,,,,,
Australia,,,,,,,,,,,
Korea,USA,,,,,,,,,,
Italy,,,,,,,,,,,
Korea,,,,,,,,,,,
USA,,,,,,,,,,,
USA,,,,,,,,,,,
Brazil,,,,,,,,,,,
Denmark,Spain,France,,,,,,,,,
USA,,,,,,,,,,,
Turkey,,,,,,,,,,,
Singapore,,,,,,,,,,,
USA,,,,,,,,,,,
Thailand,Japan,,,,,,,,,,
Sweden,,,,,,,,,,,
USA,,,,,,,,,,,
USA,,,,,,,,,,,
UK,,,,,,,,,,,
Saudi Arabia,,,,,,,,,,,
Lithuania,,,,,,,,,,,
Estonia,,,,,,,,,,,
France,,,,,,,,,,,
USA,,,,,,,,,,,
India,,,,,,,,,,,
Japan,,,,,,,,,,,
China,,,,,,,,,,,
Spain,,,,,,,,,,,
Thailand,USA,,,,,,,,,,
Japan,,,,,,,,,,,
UK,,,,,,,,,,,
Denmark,Spain,USA,,,,,,,,,
Canada,,,,,,,,,,,
Australia,,,,,,,,,,,
Austria,,,,,,,,,,,
UK,,,,,,,,,,,
USA,,,,,,,,,,,
Australia,,,,,,,,,,,
Canada,,,,,,,,,,,
Canada,,,,,,,,,,,
Italy,,,,,,,,,,,
Denmark,,,,,,,,,,,
Germany,,,,,,,,,,,
Japan,,,,,,,,,,,
USA,,,,,,,,,,,
Germany,Switzerland,,,,,,,,,,
USA,,,,,,,,,,,
India,,,,,,,,,,,
Spain,,,,,,,,,,,
Finland,,,,,,,,,,,
USA,,,,,,,,,,,
USA,,,,,,,,,,,
New Zealand,,,,,,,,,,,
USA,,,,,,,,,,,
Singapore,,,,,,,,,,,
Taiwan,,,,,,,,,,,
China,,,,,,,,,,,
Italy,,,,,,,,,,,
Poland,,,,,,,,,,,
Germany,,,,,,,,,,,
Mexico,,,,,,,,,,,
Chile,Spain,,,,,,,,,,
China,Japan,,,,,,,,,,
Japan,,,,,,,,,,,
UK,,,,,,,,,,,
USA,,,,,,,,,,,
China,USA,,,,,,,,,,
France,,,,,,,,,,,
China,,,,,,,,,,,
Taiwan,Japan,,,,,,,,,,
Mexico,,,,,,,,,,,
Greece,UK,,,,,,,,,,
Germany,,,,,,,,,,,
USA,,,,,,,,,,,
Germany,,,,,,,,,,,
Saudi Arabia,,,,,,,,,,,
USA,,,,,,,,,,,
China,France,,,,,,,,,,
Canada,,,,,,,,,,,
Japan,,,,,,,,,,,
Australia,,,,,,,,,,,
USA,,,,,,,,,,,
India,Croatia,,,,,,,,,,
Thailand,,,,,,,,,,,
Morocco,Spain,,,,,,,,,,
Germany,UK,,,,,,,,,,
Taiwan,,,,,,,,,,,
Italy,,,,,,,,,,,
Turkey,,,,,,,,,,,
Israel,,,,,,,,,,,
Australia,,,,,,,,,,,
Turkey,,,,,,,,,,,
UK,,,,,,,,,,,
Korea,,,,,,,,,,,
Japan,,,,,,,,,,,
Switzerland,,,,,,,,,,,
USA,,,,,,,,,,,
USA,,,,,,,,,,,
Taiwan,USA,,,,,,,,,,
Japan,,,,,,,,,,,
USA,,,,,,,,,,,
Poland,,,,,,,,,,,
Egypt,Saudi Arabia,,,,,,,,,,
Switzerland,,,,,,,,,,,
Taiwan,,,,,,,,,,,
Switzerland,,,,,,,,,,,
South Africa,,,,,,,,,,,
Brazil,,,,,,,,,,,
Belgium,,,,,,,,,,,
Thailand,,,,,,,,,,,
China,,,,,,,,,,,
Australia,,,,,,,,,,,
Israel,USA,,,,,,,,,,
USA,,,,,,,,,,,
India,,,,,,,,,,,
USA,,,,,,,,,,,
Australia,,,,,,,,,,,
France,,,,,,,,,,,
UK,,,,,,,,,,,
Australia,,,,,,,,,,,
Japan,,,,,,,,,,,
Austria,,,,,,,,,,,
Switzerland,,,,,,,,,,,
Canada,,,,,,,,,,,
Kuwait,Saudi Arabia,,,,,,,,,,
Tunisia,,,,,,,,,,,
USA,,,,,,,,,,,
Switzerland,,,,,,,,,,,
