0,1,2,3
France,,,
Iran,,,
Brazil,,,
Poland,,,
Iran,,,
Croatia,,,
Poland,,,
Ireland,,,
China,France,Switzerland,Canada
China,France,Switzerland,Canada
China,Switzerland,,
USA,,,
Germany,,,
Iran,,,
Egypt,,,
Germany,,,
Ireland,,,
Egypt,,,
USA,,,
India,,,
Turkey,,,
Egypt,,,
Turkey,,,
Turkey,,,
Turkey,,,
Turkey,,,
Turkey,,,
China,Switzerland,,
Japan,,,
Austria,Finland,Slovakia,
Colombia,,,
Poland,,,
Poland,,,
Brazil,,,
USA,,,
USA,,,
China,,,
USA,,,
USA,,,
USA,,,
USA,,,
USA,,,
USA,,,
Austria,,,
Germany,,,
Germany,Austria,,
Serbia,,,
Greece,,,
Egypt,,,
Iran,,,
Austria,,,
Iran,,,
China,,,
USA,,,
USA,,,
USA,,,
USA,,,
USA,,,
USA,,,
USA,,,
China,Saudi Arabia,,
India,,,
Germany,,,
India,,,
USA,,,
Lithuania,,,
Morocco,France,,
USA,,,
USA,,,
USA,,,
USA,,,
USA,,,
USA,,,
USA,,,
USA,,,
UK,,,
Thailand,Austria,,
China,,,
Germany,Russia,,
Turkey,,,
India,,,
China,,,
Iran,,,
India,,,
Morocco,Italy,UK,USA
Italy,,,
Switzerland,,,
Argentina,,,
Japan,,,
USA,,,
UK,,,
Australia,USA,,
Argentina,,,
India,,,
Morocco,UK,USA,
USA,,,
Malaysia,,,
USA,,,
Ireland,,,
Morocco,,,
Turkey,,,
Egypt,,,
India,,,
India,,,
India,,,
Azerbaijan,,,
Turkey,,,
Turkey,,,
India,,,
China,,,
Egypt,,,
Slovakia,,,
France,USA,,
Japan,,,
China,,,
Morocco,Spain,,
Russia,,,
Poland,,,
Russia,USA,,
Algeria,,,
India,,,
Brazil,,,
Spain,Russia,Italy,
USA,,,
USA,,,
USA,,,
Poland,,,
USA,,,
Saudi Arabia,,,
Egypt,,,
India,,,
Brazil,,,
Germany,,,
India,,,
USA,,,
USA,,,
USA,,,
Sweden,Israel,,
USA,,,
India,,,
USA,,,
Czech Republic,France,Tunisia,
Austria,,,
Turkey,,,
Spain,France,,
Iran,,,
Brazil,,,
USA,,,
Sweden,Slovakia,,
Bulgaria,Greece,,
India,,,
Czech Republic,Slovakia,UK,
India,,,
France,USA,,
Slovakia,Hungary,,
The Netherlands,Israel,,
USA,,,
Japan,,,
India,,,
India,,,
Saudi Arabia,,,
India,,,
India,,,
Austria,,,
Italy,,,
Saudi Arabia,,,
Slovenia,,,
USA,,,
Norway,,,
Brazil,,,
China,,,
France,,,
Austria,,,
France,,,
India,,,
Poland,,,
USA,,,
Japan,,,
Switzerland,Japan,,
Sweden,,,
India,,,
Belgium,Japan,,
Belgium,,,
India,,,
Poland,,,
Japan,,,
China,,,
Italy,,,
Iran,,,
Turkey,,,
Turkey,,,
Turkey,,,
Czech Republic,Slovakia,,
Jamaica,,,
Switzerland,,,
Germany,Colombia,,
Portugal,,,
Germany,Belgium,Russia,
Czech Republic,Austria,Romania,
Belgium,France,,
UK,,,
Spain,,,
USA,,,
France,,,
France,,,
Switzerland,,,
Austria,,,
USA,,,
Austria,,,
USA,,,
USA,,,
China,,,
Italy,,,
Germany,Russia,,
Norway,,,
Canada,,,
Saudi Arabia,,,
Iran,,,
France,,,
Egypt,,,
Iran,,,
Germany,,,
Czech Republic,,,
Austria,USA,,
Iran,UK,,
Iran,,,
Brazil,,,
Russia,,,
India,,,
Turkey,,,
India,,,
Mexico,,,
Germany,France,,
Japan,,,
Switzerland,,,
UK,,,
Ukraine,Germany,,
Russia,,,
Turkey,,,
China,,,
Australia,USA,,
Iran,,,
Iran,,,
Sweden,,,
France,,,
Spain,,,
Austria,,,
Czech Republic,,,
India,,,
Brazil,USA,,
Israel,USA,,
Bulgaria,,,
Bulgaria,,,
USA,,,
Egypt,,,
USA,,,
USA,,,
Kyrgyzstan,USA,,
Israel,,,
Egypt,,,
India,USA,,
China,,,
Germany,,,
Germany,Slovakia,,
Poland,,,
Germany,,,
,,,
