0,1,2,3,4,5
USA,,,,,
Canada,,,,,
Canada,,,,,
Spain,,,,,
Spain,,,,,
Korea,USA,,,,
Australia,,,,,
China,,,,,
Austria,Slovakia,,,,
USA,,,,,
Serbia,,,,,
Korea,,,,,
Brazil,,,,,
Italy,France,Switzerland,,,
Poland,USA,,,,
Tunisia,,,,,
Egypt,USA,,,,
Russia,,,,,
China,,,,,
China,,,,,
Switzerland,,,,,
Croatia,,,,,
Russia,,,,,
Korea,,,,,
China,Canada,,,,
Indonesia,UK,,,,
Finland,,,,,
Brazil,,,,,
USA,,,,,
USA,,,,,
Germany,,,,,
Switzerland,,,,,
France,,,,,
Kuwait,,,,,
Japan,USA,,,,
Italy,,,,,
USA,,,,,
Japan,,,,,
China,,,,,
Czech Republic,,,,,
Japan,,,,,
Korea,,,,,
Taiwan,,,,,
Korea,,,,,
Taiwan,,,,,
Japan,,,,,
China,,,,,
USA,,,,,
Pakistan,,,,,
Japan,,,,,
Finland,,,,,
USA,,,,,
Sweden,,,,,
USA,,,,,
Korea,,,,,
USA,,,,,
USA,,,,,
Japan,,,,,
Belgium,,,,,
Finland,,,,,
Finland,,,,,
Portugal,,,,,
Belgium,,,,,
France,,,,,
Italy,,,,,
Austria,,,,,
Belgium,,,,,
France,,,,,
Portugal,,,,,
Germany,Belgium,,,,
Japan,,,,,
USA,,,,,
Kuwait,,,,,
USA,,,,,
Australia,UK,,,,
Germany,,,,,
Poland,,,,,
Estonia,,,,,
Taiwan,,,,,
USA,,,,,
Korea,,,,,
Cuba,Spain,,,,
Colombia,,,,,
Japan,,,,,
Spain,France,,,,
USA,,,,,
Canada,,,,,
Austria,Switzerland,,,,
Belgium,,,,,
Germany,,,,,
Brazil,,,,,
Germany,,,,,
Spain,,,,,
USA,,,,,
Italy,,,,,
Japan,,,,,
Poland,Spain,USA,,,
China,,,,,
Spain,,,,,
Slovakia,,,,,
Japan,,,,,
Canada,,,,,
USA,,,,,
USA,,,,,
Spain,,,,,
Portugal,USA,,,,
Italy,,,,,
Poland,,,,,
Finland,,,,,
China,,,,,
USA,,,,,
Cuba,Spain,,,,
Spain,,,,,
USA,,,,,
Italy,UK,,,,
Italy,,,,,
Italy,,,,,
USA,,,,,
Brazil,,,,,
USA,,,,,
Italy,,,,,
Turkey,Switzerland,USA,,,
China,,,,,
China,,,,,
China,,,,,
Mexico,,,,,
China,,,,,
Taiwan,,,,,
Russia,,,,,
China,,,,,
Brazil,,,,,
USA,,,,,
Spain,Mexico,,,,
USA,,,,,
India,,,,,
Taiwan,,,,,
Greece,,,,,
China,,,,,
Singapore,USA,,,,
Spain,,,,,
Spain,,,,,
China,,,,,
Malaysia,,,,,
USA,,,,,
Italy,,,,,
Argentina,,,,,
USA,,,,,
Japan,,,,,
Germany,China,,,,
Italy,UK,,,,
China,,,,,
Spain,,,,,
Spain,,,,,
USA,,,,,
Canada,,,,,
Lithuania,,,,,
Greece,,,,,
Sweden,,,,,
Canada,Jamaica,,,,
Korea,,,,,
Sweden,,,,,
South Africa,,,,,
New Zealand,,,,,
Spain,,,,,
USA,,,,,
Bahrain,,,,,
USA,,,,,
Taiwan,,,,,
Germany,,,,,
France,,,,,
Germany,,,,,
Japan,USA,,,,
USA,,,,,
France,,,,,
Ukraine,,,,,
Australia,Japan,,,,
China,,,,,
China,,,,,
Japan,,,,,
South Africa,,,,,
Australia,,,,,
USA,,,,,
Canada,USA,,,,
Spain,,,,,
France,,,,,
Germany,,,,,
USA,,,,,
Mexico,Spain,France,,,
Japan,,,,,
Russia,Switzerland,,,,
Spain,,,,,
Australia,,,,,
Taiwan,Japan,,,,
Spain,,,,,
Norway,,,,,
Turkey,,,,,
China,,,,,
Canada,USA,,,,
USA,,,,,
Czech Republic,,,,,
Portugal,,,,,
Turkey,,,,,
USA,,,,,
Canada,,,,,
Italy,,,,,
Germany,USA,,,,
Canada,,,,,
Poland,Italy,,,,
Italy,,,,,
Italy,,,,,
Korea,,,,,
Spain,,,,,
The Netherlands,,,,,
USA,,,,,
Thailand,,,,,
USA,,,,,
USA,,,,,
Spain,,,,,
Taiwan,,,,,
India,Korea,,,,
Mexico,France,,,,
China,,,,,
Singapore,,,,,
Sweden,,,,,
China,,,,,
China,,,,,
USA,,,,,
Malaysia,Japan,,,,
Japan,USA,,,,
USA,,,,,
Mexico,,,,,
Germany,,,,,
Thailand,,,,,
Switzerland,,,,,
South Africa,,,,,
Canada,,,,,
Serbia,,,,,
USA,,,,,
Germany,Belgium,,,,
Germany,UK,,,,
Japan,,,,,
Germany,,,,,
China,,,,,
USA,,,,,
USA,,,,,
Germany,,,,,
China,,,,,
UK,,,,,
Poland,Colombia,Spain,UK,,
France,,,,,
USA,,,,,
India,,,,,
Finland,,,,,
USA,,,,,
Spain,,,,,
USA,,,,,
China,,,,,
France,USA,,,,
Italy,,,,,
Austria,Slovenia,,,,
USA,,,,,
Australia,Canada,USA,,,
Italy,,,,,
UK,,,,,
China,USA,,,,
Lithuania,Austria,,,,
India,,,,,
USA,,,,,
Norway,,,,,
Poland,Korea,,,,
Italy,,,,,
USA,,,,,
Germany,Austria,,,,
Japan,,,,,
Japan,USA,,,,
Switzerland,,,,,
Chile,Argentina,,,,
Japan,,,,,
USA,,,,,
UK,,,,,
Italy,,,,,
Korea,,,,,
Spain,,,,,
Croatia,,,,,
Russia,,,,,
China,,,,,
The Netherlands,,,,,
Germany,,,,,
Armenia,Germany,,,,
Colombia,USA,,,,
USA,,,,,
Spain,,,,,
Australia,,,,,
Bahrain,,,,,
Turkey,,,,,
Turkey,,,,,
Saudi Arabia,,,,,
Turkey,,,,,
USA,,,,,
Germany,,,,,
China,,,,,
Portugal,Brazil,,,,
China,,,,,
Thailand,,,,,
USA,,,,,
USA,,,,,
Brazil,UK,,,,
Australia,,,,,
UK,,,,,
China,,,,,
USA,,,,,
USA,,,,,
Switzerland,,,,,
Germany,,,,,
France,,,,,
USA,,,,,
Thailand,,,,,
Switzerland,,,,,
Korea,,,,,
China,,,,,
Italy,,,,,
USA,,,,,
Germany,,,,,
Lithuania,Norway,Canada,,,
Korea,,,,,
USA,,,,,
USA,,,,,
Spain,,,,,
Japan,,,,,
USA,,,,,
The Netherlands,,,,,
Italy,,,,,
Italy,,,,,
Japan,,,,,
Pakistan,,,,,
China,,,,,
Italy,,,,,
Greece,,,,,
Belgium,,,,,
Russia,,,,,
Finland,Russia,,,,
Australia,,,,,
Germany,Austria,France,,,
UK,,,,,
Denmark,USA,,,,
Slovenia,Croatia,,,,
Italy,,,,,
Cameroon,,,,,
Italy,,,,,
USA,,,,,
Korea,,,,,
Spain,,,,,
Italy,,,,,
USA,,,,,
Korea,USA,,,,
Malaysia,Japan,,,,
UK,,,,,
Germany,,,,,
UK,,,,,
China,,,,,
Japan,,,,,
Iran,,,,,
USA,,,,,
Germany,Canada,,,,
Turkey,USA,,,,
Spain,,,,,
India,,,,,
Morocco,,,,,
South Africa,,,,,
Slovakia,,,,,
China,,,,,
Palestine,,,,,
USA,,,,,
Japan,,,,,
Switzerland,,,,,
Spain,,,,,
France,,,,,
Canada,,,,,
USA,,,,,
USA,Canada,,,,
Libya,,,,,
Germany,UK,,,,
France,Switzerland,UK,,,
Japan,,,,,
Korea,,,,,
China,,,,,
Spain,Switzerland,,,,
USA,,,,,
Italy,,,,,
Israel,,,,,
USA,,,,,
Spain,,,,,
Germany,Spain,,,,
Japan,,,,,
Sweden,,,,,
Spain,,,,,
USA,,,,,
USA,,,,,
Japan,,,,,
Denmark,Germany,,,,
Korea,Japan,,,,
Italy,,,,,
China,,,,,
UK,,,,,
Japan,,,,,
Egypt,Saudi Arabia,,,,
Italy,,,,,
Canada,USA,,,,
Spain,France,,,,
Turkey,,,,,
Poland,Greece,,,,
China,,,,,
USA,,,,,
Finland,,,,,
Tunisia,,,,,
USA,,,,,
Israel,,,,,
Austria,,,,,
Poland,USA,,,,
Germany,,,,,
South Africa,,,,,
Norway,,,,,
Denmark,,,,,
USA,,,,,
UK,,,,,
USA,,,,,
Germany,China,,,,
France,,,,,
Spain,,,,,
Japan,,,,,
Australia,,,,,
Canada,,,,,
Japan,,,,,
Germany,Italy,,,,
USA,,,,,
USA,,,,,
Korea,,,,,
China,,,,,
New Zealand,,,,,
China,,,,,
USA,,,,,
Spain,,,,,
Italy,,,,,
The Netherlands,France,,,,
Italy,,,,,
China,,,,,
UK,,,,,
Czech Republic,,,,,
Korea,,,,,
Japan,,,,,
Thailand,,,,,
USA,,,,,
China,,,,,
Indonesia,Korea,Japan,,,
USA,,,,,
France,,,,,
Belgium,,,,,
Italy,,,,,
Brazil,,,,,
USA,,,,,
USA,,,,,
Mexico,,,,,
USA,,,,,
South Africa,,,,,
The Netherlands,Sweden,,,,
Italy,Argentina,,,,
Japan,,,,,
France,,,,,
China,Japan,,,,
UK,,,,,
Spain,,,,,
UK,,,,,
Japan,,,,,
Spain,,,,,
Norway,,,,,
Taiwan,,,,,
France,,,,,
Australia,UK,USA,,,
Sweden,,,,,
Portugal,,,,,
Italy,,,,,
Korea,Japan,,,,
USA,,,,,
USA,,,,,
Japan,,,,,
Thailand,,,,,
Taiwan,,,,,
China,,,,,
Finland,,,,,
USA,,,,,
Algeria,,,,,
USA,,,,,
Spain,,,,,
Spain,,,,,
Italy,,,,,
Qatar,USA,,,,
USA,,,,,
UK,,,,,
USA,,,,,
Australia,,,,,
Malaysia,Singapore,Japan,,,
Brazil,,,,,
Korea,,,,,
New Zealand,,,,,
Serbia,,,,,
USA,,,,,
Romania,,,,,
USA,,,,,
Mexico,,,,,
France,,,,,
Sweden,,,,,
Germany,,,,,
Morocco,France,,,,
USA,,,,,
China,,,,,
Greece,,,,,
Canada,,,,,
India,,,,,
Taiwan,USA,,,,
USA,,,,,
UK,,,,,
Italy,,,,,
China,,,,,
Malaysia,,,,,
China,,,,,
France,,,,,
Chile,Belgium,,,,
China,,,,,
Tanzania,Kenya,,,,
Canada,,,,,
Cuba,Spain,,,,
Korea,,,,,
Japan,USA,,,,
Germany,,,,,
Denmark,Finland,,,,
USA,,,,,
Japan,,,,,
Japan,,,,,
Spain,,,,,
Japan,,,,,
Japan,,,,,
Canada,,,,,
USA,,,,,
USA,,,,,
Italy,,,,,
India,,,,,
Lithuania,Austria,,,,
USA,,,,,
China,,,,,
USA,,,,,
Germany,,,,,
USA,,,,,
Germany,,,,,
Korea,,,,,
USA,,,,,
USA,,,,,
Israel,,,,,
Italy,,,,,
Japan,,,,,
China,,,,,
Japan,,,,,
Japan,,,,,
Ireland,,,,,
Italy,,,,,
Brazil,Japan,USA,,,
Thailand,,,,,
Saudi Arabia,,,,,
China,,,,,
Greece,,,,,
Australia,USA,,,,
USA,,,,,
Spain,,,,,
USA,,,,,
USA,,,,,
Poland,,,,,
Taiwan,,,,,
France,,,,,
France,,,,,
Indonesia,The Netherlands,Japan,,,
Germany,,,,,
UK,,,,,
Sweden,Estonia,,,,
Finland,,,,,
Spain,,,,,
The Netherlands,,,,,
France,,,,,
USA,,,,,
Taiwan,Japan,,,,
Spain,,,,,
Finland,,,,,
USA,,,,,
Spain,USA,,,,
Italy,,,,,
Austria,Slovakia,,,,
Czech Republic,,,,,
USA,,,,,
USA,,,,,
Spain,,,,,
Thailand,,,,,
China,Canada,,,,
Italy,,,,,
The Netherlands,,,,,
Japan,,,,,
USA,,,,,
The Netherlands,,,,,
Taiwan,,,,,
China,,,,,
USA,,,,,
Spain,,,,,
China,,,,,
Serbia,,,,,
Austria,,,,,
Saudi Arabia,,,,,
USA,,,,,
USA,,,,,
Spain,,,,,
Australia,Algeria,France,,,
France,UK,,,,
Germany,Canada,,,,
China,Canada,,,,
Malaysia,,,,,
China,,,,,
Turkey,,,,,
Spain,Argentina,,,,
Canada,,,,,
Korea,,,,,
France,,,,,
USA,,,,,
Japan,,,,,
UK,,,,,
Mexico,Canada,,,,
USA,,,,,
UK,,,,,
Japan,Spain,Italy,,,
India,,,,,
Japan,,,,,
Spain,,,,,
Portugal,,,,,
France,USA,,,,
Germany,,,,,
Denmark,,,,,
Saudi Arabia,,,,,
Taiwan,,,,,
Italy,,,,,
Korea,,,,,
USA,,,,,
UK,,,,,
Spain,,,,,
Japan,,,,,
Greece,,,,,
Japan,,,,,
Poland,Czech Republic,Slovakia,,,
Switzerland,,,,,
Switzerland,,,,,
Japan,,,,,
USA,,,,,
USA,,,,,
USA,,,,,
Italy,,,,,
Taiwan,,,,,
France,,,,,
Germany,Belgium,,,,
USA,,,,,
USA,,,,,
Germany,Romania,,,,
USA,,,,,
Finland,USA,,,,
China,,,,,
Taiwan,,,,,
China,UK,,,,
France,USA,,,,
USA,,,,,
Italy,,,,,
Czech Republic,,,,,
China,,,,,
Belgium,,,,,
Malaysia,,,,,
Australia,UK,,,,
China,,,,,
Japan,,,,,
Italy,,,,,
Czech Republic,,,,,
Germany,,,,,
UK,,,,,
USA,,,,,
Slovenia,,,,,
France,,,,,
USA,,,,,
Japan,,,,,
China,USA,,,,
Cuba,Spain,,,,
Thailand,Japan,,,,
Spain,,,,,
Poland,,,,,
USA,,,,,
United Arab Emirates,,,,,
Mexico,,,,,
USA,,,,,
Canada,,,,,
Poland,Germany,Finland,,,
Austria,,,,,
Malaysia,,,,,
USA,,,,,
USA,,,,,
Venezuela,,,,,
Switzerland,,,,,
Italy,,,,,
Japan,USA,,,,
USA,,,,,
USA,,,,,
Spain,,,,,
Malaysia,,,,,
Malaysia,,,,,
Malaysia,,,,,
Malaysia,,,,,
France,,,,,
Malaysia,,,,,
Turkey,,,,,
China,,,,,
Azerbaijan,,,,,
USA,,,,,
USA,,,,,
France,,,,,
Korea,,,,,
China,,,,,
Korea,,,,,
South Africa,Argentina,,,,
Portugal,,,,,
Canada,,,,,
UK,,,,,
USA,,,,,
Spain,,,,,
Switzerland,,,,,
Italy,,,,,
Canada,,,,,
Cyprus,,,,,
China,,,,,
Czech Republic,,,,,
Canada,,,,,
Sweden,,,,,
UK,,,,,
China,,,,,
China,,,,,
Mexico,Canada,,,,
China,,,,,
USA,,,,,
Chile,,,,,
Germany,,,,,
Thailand,,,,,
USA,,,,,
Japan,,,,,
China,,,,,
Malaysia,,,,,
Taiwan,,,,,
China,,,,,
UK,,,,,
Italy,,,,,
Malaysia,Japan,,,,
USA,,,,,
Cyprus,,,,,
Mexico,USA,,,,
Cambodia,,,,,
USA,,,,,
Austria,,,,,
Finland,Austria,Belgium,,,
UK,,,,,
Argentina,,,,,
Germany,,,,,
Hungary,,,,,
Italy,,,,,
Greece,,,,,
Switzerland,,,,,
Germany,,,,,
China,,,,,
Japan,,,,,
USA,,,,,
USA,,,,,
Greece,,,,,
Czech Republic,,,,,
USA,,,,,
Cyprus,Greece,,,,
Malaysia,,,,,
Australia,,,,,
USA,,,,,
Germany,,,,,
Algeria,,,,,
Italy,,,,,
Mexico,,,,,
China,,,,,
Taiwan,,,,,
China,,,,,
Poland,,,,,
Spain,,,,,
UK,,,,,
Japan,,,,,
Poland,,,,,
Taiwan,,,,,
Australia,Singapore,,,,
Spain,,,,,
Spain,,,,,
China,,,,,
USA,,,,,
UK,,,,,
China,,,,,
France,,,,,
China,USA,,,,
USA,,,,,
Spain,,,,,
China,,,,,
China,Hong Kong,,,,
China,USA,,,,
Sweden,,,,,
USA,,,,,
Uganda,China,France,,,
India,,,,,
India,,,,,
Germany,,,,,
Belgium,,,,,
France,,,,,
Korea,,,,,
The Netherlands,,,,,
The Netherlands,,,,,
Canada,,,,,
France,,,,,
Sweden,USA,,,,
Portugal,,,,,
Portugal,,,,,
The Netherlands,,,,,
UK,,,,,
Belgium,,,,,
USA,,,,,
USA,,,,,
South Africa,USA,,,,
Denmark,South Africa,,,,
Germany,,,,,
Austria,,,,,
Taiwan,,,,,
USA,,,,,
Ireland,France,UK,,,
USA,,,,,
Taiwan,,,,,
Spain,,,,,
UK,,,,,
Germany,,,,,
Germany,Italy,,,,
China,,,,,
Korea,,,,,
Turkey,,,,,
Israel,,,,,
Germany,,,,,
Taiwan,,,,,
Spain,,,,,
India,,,,,
Greece,,,,,
USA,,,,,
China,,,,,
Spain,France,,,,
USA,,,,,
Greece,,,,,
Italy,France,,,,
China,,,,,
India,,,,,
Switzerland,,,,,
Korea,,,,,
India,,,,,
Japan,,,,,
Austria,,,,,
Singapore,,,,,
Germany,,,,,
Italy,UK,,,,
Lithuania,Austria,,,,
China,,,,,
USA,,,,,
The Netherlands,,,,,
Germany,,,,,
China,,,,,
Spain,,,,,
UK,,,,,
China,,,,,
China,,,,,
Malaysia,,,,,
Italy,,,,,
Mexico,France,,,,
Japan,,,,,
Canada,,,,,
Germany,,,,,
USA,,,,,
China,,,,,
Sweden,,,,,
USA,,,,,
Australia,,,,,
UK,,,,,
Portugal,,,,,
Spain,Belgium,France,,,
Spain,,,,,
USA,,,,,
USA,,,,,
Spain,,,,,
Mexico,,,,,
France,Japan,,,,
Greece,,,,,
Austria,,,,,
The Netherlands,Germany,China,,,
Serbia,,,,,
Portugal,Spain,,,,
China,,,,,
India,,,,,
Japan,,,,,
Italy,,,,,
Spain,,,,,
Italy,,,,,
China,,,,,
USA,,,,,
Denmark,Germany,Spain,UK,,
USA,,,,,
Taiwan,,,,,
Spain,,,,,
Serbia,,,,,
China,,,,,
USA,,,,,
Greece,,,,,
Turkey,,,,,
USA,,,,,
Portugal,Chile,,,,
Korea,,,,,
China,,,,,
USA,,,,,
Brazil,,,,,
India,,,,,
France,Denmark,Switzerland,Germany,Spain,Finland
USA,,,,,
Slovenia,Romania,,,,
USA,,,,,
Greece,,,,,
Italy,,,,,
Spain,,,,,
Russia,,,,,
Switzerland,,,,,
Germany,,,,,
Italy,,,,,
Portugal,,,,,
Thailand,,,,,
The Netherlands,,,,,
Taiwan,USA,,,,
China,France,Greece,USA,,
China,,,,,
USA,,,,,
Turkey,,,,,
Brazil,,,,,
France,,,,,
France,,,,,
Spain,,,,,
Spain,,,,,
Argentina,,,,,
Poland,,,,,
USA,,,,,
Germany,,,,,
Germany,,,,,
China,,,,,
USA,,,,,
Nigeria,,,,,
Spain,,,,,
Korea,,,,,
Ukraine,France,,,,
China,,,,,
Greece,,,,,
Spain,,,,,
Spain,,,,,
China,,,,,
USA,,,,,
Spain,,,,,
Spain,,,,,
Switzerland,,,,,
Poland,Greece,,,,
Jordan,,,,,
USA,,,,,
Poland,India,USA,,,
Australia,,,,,
Norway,USA,,,,
USA,,,,,
UK,,,,,
Australia,,,,,
USA,,,,,
South Africa,,,,,
USA,,,,,
Japan,,,,,
Denmark,Vietnam,,,,
Canada,USA,,,,
Italy,,,,,
USA,,,,,
Spain,,,,,
Spain,USA,,,,
Belgium,,,,,
Japan,,,,,
France,,,,,
Malaysia,Singapore,Japan,,,
Japan,,,,,
Italy,,,,,
Italy,,,,,
USA,,,,,
Norway,,,,,
Japan,,,,,
USA,,,,,
China,,,,,
USA,,,,,
Germany,,,,,
Mexico,,,,,
Czech Republic,,,,,
Japan,,,,,
Taiwan,,,,,
Spain,,,,,
USA,,,,,
India,,,,,
Korea,Japan,,,,
USA,,,,,
Norway,,,,,
Korea,,,,,
UK,,,,,
USA,,,,,
Australia,Japan,,,,
USA,,,,,
China,,,,,
Burkina Faso,Belgium,,,,
Italy,,,,,
Venezuela,,,,,
India,,,,,
The Netherlands,,,,,
Turkey,,,,,
Czech Republic,Slovakia,,,,
USA,,,,,
USA,,,,,
Japan,,,,,
Japan,USA,,,,
USA,,,,,
Malaysia,,,,,
Spain,,,,,
USA,,,,,
Korea,,,,,
Portugal,USA,,,,
China,,,,,
China,,,,,
Thailand,,,,,
Germany,,,,,
Japan,,,,,
USA,,,,,
Brazil,,,,,
Korea,,,,,
Brazil,,,,,
Taiwan,,,,,
China,,,,,
Mexico,Russia,,,,
China,,,,,
Japan,,,,,
Thailand,,,,,
Switzerland,,,,,
Mexico,,,,,
Spain,,,,,
China,,,,,
Italy,USA,,,,
Belgium,,,,,
Japan,,,,,
USA,,,,,
Brazil,,,,,
Taiwan,,,,,
New Zealand,,,,,
Canada,,,,,
India,,,,,
USA,,,,,
UK,,,,,
USA,,,,,
Taiwan,,,,,
Taiwan,USA,,,,
France,,,,,
Italy,UK,,,,
Germany,Switzerland,,,,
Japan,,,,,
Japan,,,,,
Italy,,,,,
Japan,,,,,
Greece,,,,,
Taiwan,,,,,
Germany,Spain,,,,
Portugal,,,,,
India,,,,,
China,,,,,
Germany,,,,,
Australia,USA,,,,
Estonia,France,,,,
Japan,,,,,
China,,,,,
Italy,,,,,
USA,,,,,
The Netherlands,UK,,,,
USA,,,,,
Romania,,,,,
Canada,,,,,
Japan,,,,,
Korea,USA,,,,
Canada,,,,,
Japan,,,,,
UK,,,,,
UK,,,,,
Spain,,,,,
USA,,,,,
Cameroon,Switzerland,,,,
Japan,,,,,
USA,,,,,
Italy,,,,,
USA,,,,,
Czech Republic,,,,,
Brazil,,,,,
Italy,,,,,
Italy,,,,,
Czech Republic,,,,,
The Netherlands,,,,,
France,,,,,
Taiwan,,,,,
India,,,,,
India,,,,,
USA,,,,,
Turkey,,,,,
Japan,,,,,
Italy,,,,,
Thailand,,,,,
Germany,,,,,
Bangladesh,,,,,
Brazil,,,,,
USA,,,,,
USA,,,,,
Germany,,,,,
Kuwait,,,,,
USA,,,,,
Italy,USA,,,,
Portugal,,,,,
Spain,UK,,,,
Singapore,,,,,
Taiwan,,,,,
China,,,,,
China,Japan,,,,
Czech Republic,,,,,
Italy,Macedonia,,,,
Malaysia,,,,,
India,,,,,
Canada,,,,,
Taiwan,,,,,
India,,,,,
USA,,,,,
France,,,,,
USA,,,,,
Korea,Vietnam,,,,
USA,,,,,
South Africa,,,,,
China,,,,,
Jordan,,,,,
Italy,,,,,
Australia,,,,,
Taiwan,,,,,
Germany,Canada,,,,
Iran,,,,,
Germany,,,,,
Canada,,,,,
Taiwan,,,,,
China,,,,,
Spain,,,,,
Australia,,,,,
Spain,,,,,
The Netherlands,Vietnam,France,,,
USA,,,,,
USA,,,,,
UK,,,,,
Malaysia,,,,,
Japan,,,,,
USA,,,,,
South Africa,,,,,
China,,,,,
USA,,,,,
USA,,,,,
USA,,,,,
Taiwan,,,,,
Spain,,,,,
USA,,,,,
China,,,,,
Iran,,,,,
Turkey,,,,,
Turkey,,,,,
Turkey,,,,,
Turkey,,,,,
USA,,,,,
Malaysia,France,Japan,,,
Greece,,,,,
Japan,,,,,
Australia,,,,,
The Netherlands,,,,,
Chile,France,,,,
Austria,,,,,
Canada,,,,,
USA,,,,,
USA,,,,,
Mexico,USA,,,,
Spain,,,,,
India,,,,,
Italy,,,,,
Malaysia,,,,,
Malaysia,,,,,
Malaysia,,,,,
Italy,,,,,
Spain,,,,,
Iran,France,USA,,,
China,USA,,,,
Korea,,,,,
Taiwan,,,,,
USA,Canada,,,,
China,,,,,
USA,,,,,
Finland,,,,,
Italy,,,,,
France,,,,,
Spain,,,,,
Korea,,,,,
Spain,,,,,
Japan,,,,,
Singapore,,,,,
Thailand,,,,,
Jordan,,,,,
China,,,,,
Italy,,,,,
Poland,Bulgaria,Greece,,,
Croatia,,,,,
India,,,,,
Korea,USA,,,,
China,,,,,
Germany,Vietnam,Canada,,,
India,,,,,
India,,,,,
Sweden,,,,,
France,,,,,
USA,,,,,
China,,,,,
Italy,,,,,
Canada,,,,,
Trinidad and Tobago,USA,,,,
Canada,,,,,
Japan,,,,,
Australia,,,,,
Japan,,,,,
Brazil,,,,,
Australia,,,,,
China,,,,,
Spain,France,UK,,,
United Arab Emirates,USA,,,,
China,,,,,
China,,,,,
Malaysia,,,,,
USA,,,,,
USA,,,,,
USA,,,,,
Taiwan,,,,,
Spain,,,,,
USA,,,,,
China,,,,,
UK,,,,,
Taiwan,,,,,
Japan,,,,,
Germany,,,,,
China,,,,,
China,,,,,
Japan,,,,,
Italy,,,,,
Argentina,,,,,
Portugal,,,,,
Serbia,,,,,
France,Romania,,,,
South Africa,,,,,
China,Austria,,,,
Italy,,,,,
USA,,,,,
China,,,,,
Poland,,,,,
Canada,,,,,
Italy,,,,,
USA,,,,,
Spain,,,,,
China,,,,,
Korea,Cambodia,,,,
Belgium,,,,,
Canada,,,,,
Czech Republic,,,,,
China,USA,,,,
China,USA,,,,
UK,,,,,
Taiwan,,,,,
Spain,,,,,
Spain,Italy,,,,
China,,,,,
China,,,,,
Japan,,,,,
Japan,,,,,
USA,,,,,
Australia,,,,,
Australia,UK,,,,
Brazil,,,,,
Japan,,,,,
Croatia,,,,,
Colombia,,,,,
France,,,,,
Austria,,,,,
Mexico,Spain,,,,
USA,,,,,
China,USA,,,,
Austria,Croatia,,,,
Taiwan,,,,,
New Zealand,UK,USA,,,
USA,,,,,
Nigeria,,,,,
Germany,,,,,
Italy,,,,,
Poland,,,,,
France,Canada,,,,
China,,,,,
Taiwan,,,,,
China,,,,,
Uzbekistan,Italy,,,,
Japan,,,,,
Italy,,,,,
France,,,,,
Czech Republic,,,,,
Germany,,,,,
Norway,USA,,,,
Spain,,,,,
Germany,,,,,
Greece,,,,,
Iran,,,,,
Japan,,,,,
China,,,,,
Mongolia,Germany,,,,
USA,,,,,
Germany,Switzerland,,,,
Germany,,,,,
Serbia,,,,,
Italy,,,,,
Germany,Spain,UK,,,
Slovenia,,,,,
Germany,,,,,
Korea,,,,,
Germany,,,,,
India,,,,,
India,,,,,
China,Austria,,,,
Spain,,,,,
Finland,,,,,
China,,,,,
Spain,,,,,
Belgium,,,,,
France,Japan,,,,
Italy,,,,,
Cyprus,,,,,
Australia,,,,,
Poland,,,,,
The Netherlands,Austria,,,,
Taiwan,,,,,
USA,,,,,
USA,,,,,
Italy,,,,,
Norway,,,,,
USA,,,,,
USA,UK,,,,
Israel,,,,,
Brazil,,,,,
Portugal,,,,,
Taiwan,,,,,
USA,,,,,
France,Tunisia,,,,
Spain,,,,,
Spain,,,,,
Brazil,,,,,
Taiwan,,,,,
Greece,Romania,,,,
Italy,,,,,
Italy,USA,,,,
USA,,,,,
USA,,,,,
Korea,,,,,
Korea,,,,,
Japan,,,,,
Korea,,,,,
Korea,,,,,
Switzerland,,,,,
France,Switzerland,,,,
Norway,,,,,
Belgium,,,,,
Japan,,,,,
South Africa,,,,,
Japan,,,,,
USA,,,,,
Sweden,,,,,
Belgium,,,,,
Germany,,,,,
Italy,Switzerland,,,,
Czech Republic,,,,,
Korea,,,,,
Japan,,,,,
Australia,,,,,
Australia,,,,,
Taiwan,,,,,
Taiwan,,,,,
China,,,,,
China,,,,,
Germany,,,,,
The Netherlands,,,,,
Korea,,,,,
China,,,,,
China,,,,,
Taiwan,,,,,
China,,,,,
China,,,,,
USA,,,,,
Switzerland,,,,,
Spain,Uruguay,,,,
China,,,,,
Italy,,,,,
Taiwan,USA,,,,
South Africa,,,,,
USA,,,,,
China,,,,,
USA,,,,,
USA,,,,,
France,Switzerland,,,,
Japan,,,,,
Lithuania,,,,,
Japan,,,,,
Poland,,,,,
Taiwan,,,,,
Austria,,,,,
Czech Republic,,,,,
Taiwan,,,,,
Portugal,,,,,
China,,,,,
Chile,,,,,
Korea,,,,,
Italy,,,,,
Bahrain,,,,,
Spain,,,,,
Spain,,,,,
Spain,,,,,
Korea,,,,,
Japan,,,,,
Pakistan,,,,,
Mexico,,,,,
Japan,,,,,
USA,,,,,
Australia,,,,,
Taiwan,,,,,
Spain,,,,,
Spain,,,,,
China,,,,,
Canada,,,,,
Saudi Arabia,,,,,
China,,,,,
Switzerland,,,,,
USA,,,,,
Belgium,,,,,
Spain,,,,,
Belgium,,,,,
Korea,,,,,
USA,,,,,
China,,,,,
Turkey,,,,,
UK,,,,,
China,,,,,
China,Singapore,,,,
Korea,,,,,
Japan,,,,,
Greece,,,,,
Lithuania,,,,,
Taiwan,,,,,
Japan,,,,,
Italy,,,,,
Korea,,,,,
Japan,,,,,
The Netherlands,,,,,
Romania,,,,,
South Africa,,,,,
Italy,,,,,
Sudan,Germany,Switzerland,,,
China,,,,,
China,Canada,,,,
Australia,,,,,
USA,,,,,
Greece,,,,,
Switzerland,,,,,
Canada,,,,,
India,,,,,
Germany,,,,,
Malaysia,,,,,
Turkey,,,,,
China,,,,,
Italy,,,,,
Greece,,,,,
Ireland,,,,,
USA,,,,,
Switzerland,,,,,
Turkey,,,,,
Italy,,,,,
Switzerland,,,,,
France,,,,,
France,USA,,,,
Korea,,,,,
Germany,,,,,
Portugal,,,,,
Brazil,,,,,
Canada,,,,,
USA,,,,,
USA,,,,,
USA,,,,,
Israel,,,,,
USA,,,,,
Argentina,,,,,
Japan,,,,,
South Africa,,,,,
Germany,,,,,
Israel,Canada,,,,
Spain,,,,,
Spain,Belgium,,,,
USA,UK,,,,
Germany,UK,,,,
Japan,USA,,,,
Spain,,,,,
Canada,,,,,
China,,,,,
Spain,,,,,
USA,,,,,
China,,,,,
China,,,,,
Japan,,,,,
South Africa,,,,,
China,USA,,,,
Portugal,,,,,
Italy,,,,,
Korea,,,,,
China,,,,,
India,,,,,
India,Korea,,,,
China,,,,,
China,,,,,
Taiwan,,,,,
Taiwan,,,,,
Italy,,,,,
USA,,,,,
Australia,The Netherlands,Korea,,,
Chile,,,,,
Germany,,,,,
Egypt,,,,,
Switzerland,,,,,
Greece,,,,,
Japan,,,,,
Spain,,,,,
Spain,,,,,
Taiwan,,,,,
Chile,Argentina,,,,
Australia,UK,Philippines,USA,,
China,,,,,
USA,,,,,
Ukraine,Canada,,,,
Italy,,,,,
Venezuela,,,,,
Iran,,,,,
Saudi Arabia,,,,,
USA,,,,,
Finland,,,,,
India,,,,,
Korea,India,,,,
Taiwan,,,,,
USA,,,,,
USA,,,,,
China,,,,,
Thailand,,,,,
Mexico,,,,,
China,,,,,
Italy,,,,,
Italy,,,,,
Greece,,,,,
China,France,USA,,,
Mexico,,,,,
Malaysia,,,,,
Poland,USA,,,,
Malaysia,,,,,
Italy,,,,,
China,,,,,
USA,,,,,
USA,,,,,
Korea,,,,,
Spain,,,,,
Germany,,,,,
Belgium,,,,,
Taiwan,,,,,
Sweden,,,,,
Czech Republic,,,,,
Vietnam,,,,,
China,,,,,
China,,,,,
China,USA,,,,
Thailand,Austria,,,,
Mexico,Spain,,,,
USA,,,,,
The Netherlands,Spain,,,,
Switzerland,,,,,
Italy,,,,,
The Netherlands,Germany,,,,
China,,,,,
USA,,,,,
Turkey,,,,,
Australia,,,,,
Japan,,,,,
United Arab Emirates,USA,,,,
Czech Republic,Slovakia,,,,
Brazil,,,,,
Italy,,,,,
Italy,,,,,
Italy,,,,,
Russia,,,,,
Spain,,,,,
Taiwan,,,,,
China,,,,,
Korea,,,,,
USA,,,,,
Spain,,,,,
Italy,,,,,
China,,,,,
Egypt,,,,,
China,,,,,
Italy,USA,,,,
Israel,,,,,
China,,,,,
USA,,,,,
China,,,,,
China,,,,,
Malaysia,,,,,
Russia,,,,,
Mexico,,,,,
Italy,,,,,
China,,,,,
Thailand,,,,,
USA,,,,,
USA,,,,,
Turkey,,,,,
USA,,,,,
Italy,,,,,
Japan,,,,,
China,,,,,
India,,,,,
Italy,,,,,
Uganda,UK,,,,
Australia,,,,,
UK,,,,,
Japan,,,,,
UK,,,,,
Spain,,,,,
Germany,,,,,
Japan,,,,,
Japan,,,,,
USA,,,,,
Germany,,,,,
China,,,,,
Cameroon,,,,,
Japan,,,,,
Germany,Italy,,,,
UK,,,,,
Romania,,,,,
Serbia,,,,,
Poland,Germany,,,,
Spain,,,,,
Italy,Switzerland,USA,,,
China,,,,,
China,,,,,
Austria,,,,,
UK,,,,,
Korea,,,,,
Germany,,,,,
The Netherlands,,,,,
China,,,,,
Belgium,,,,,
Germany,,,,,
Italy,,,,,
China,,,,,
USA,,,,,
USA,,,,,
Germany,,,,,
Germany,,,,,
USA,,,,,
Spain,,,,,
Germany,,,,,
France,,,,,
USA,,,,,
Taiwan,,,,,
France,,,,,
Algeria,,,,,
France,,,,,
France,,,,,
China,,,,,
Poland,Germany,,,,
Finland,,,,,
Russia,,,,,
Singapore,USA,,,,
Spain,,,,,
Switzerland,,,,,
Germany,,,,,
Korea,,,,,
Mexico,,,,,
Brazil,,,,,
China,,,,,
The Netherlands,Italy,,,,
Portugal,,,,,
Japan,,,,,
Russia,,,,,
UK,Canada,,,,
Tunisia,,,,,
Finland,,,,,
China,,,,,
China,,,,,
USA,,,,,
USA,,,,,
USA,,,,,
Taiwan,,,,,
Estonia,,,,,
China,,,,,
USA,,,,,
China,,,,,
Japan,,,,,
China,,,,,
USA,,,,,
Sweden,Switzerland,,,,
Serbia,,,,,
France,UK,,,,
Denmark,Kazakhstan,,,,
Austria,,,,,
Austria,,,,,
Cameroon,South Africa,,,,
Austria,,,,,
Austria,,,,,
Germany,Austria,,,,
Austria,,,,,
Austria,Slovakia,,,,
Slovakia,,,,,
Austria,,,,,
Italy,,,,,
Austria,,,,,
Austria,,,,,
Bosnia and Herzegovina,,,,,
Germany,Austria,,,,
Austria,,,,,
Korea,,,,,
Czech Republic,Slovakia,,,,
Belgium,,,,,
Germany,Austria,Slovakia,,,
Czech Republic,Slovakia,,,,
Slovakia,,,,,
Slovakia,,,,,
Germany,China,Austria,,,
Austria,,,,,
Austria,,,,,
Austria,,,,,
Austria,,,,,
Austria,,,,,
Austria,,,,,
Austria,,,,,
Germany,,,,,
Thailand,Austria,,,,
Italy,,,,,
Austria,,,,,
Czech Republic,,,,,
Czech Republic,,,,,
Austria,,,,,
Austria,,,,,
Austria,,,,,
Austria,,,,,
Austria,,,,,
Austria,,,,,
Austria,,,,,
Austria,Switzerland,,,,
Austria,,,,,
Austria,,,,,
Austria,,,,,
Austria,,,,,
Austria,,,,,
Austria,,,,,
Austria,,,,,
Slovakia,,,,,
Italy,,,,,
Austria,,,,,
Austria,,,,,
Austria,,,,,
Germany,Austria,,,,
Austria,,,,,
Austria,,,,,
Austria,,,,,
Austria,,,,,
Austria,,,,,
Austria,,,,,
Austria,,,,,
Austria,,,,,
Austria,,,,,
Austria,,,,,
Austria,,,,,
Austria,,,,,
Austria,,,,,
Austria,,,,,
Austria,,,,,
Austria,USA,,,,
Australia,,,,,
Austria,,,,,
Japan,,,,,
The Netherlands,Austria,,,,
Austria,Switzerland,,,,
Austria,,,,,
Austria,,,,,
Austria,,,,,
Austria,France,,,,
Austria,,,,,
Austria,,,,,
Germany,,,,,
Germany,,,,,
Austria,,,,,
Austria,,,,,
Germany,Austria,,,,
Germany,Austria,,,,
Austria,,,,,
Austria,,,,,
Austria,,,,,
The Netherlands,Germany,Switzerland,,,
South Africa,,,,,
Germany,Austria,,,,
Austria,Switzerland,,,,
Austria,,,,,
Austria,,,,,
Austria,,,,,
France,,,,,
Germany,,,,,
Finland,,,,,
Germany,,,,,
Switzerland,,,,,
Korea,,,,,
Italy,,,,,
Sweden,,,,,
Japan,,,,,
Greece,,,,,
Italy,,,,,
Italy,,,,,
Germany,,,,,
USA,,,,,
The Netherlands,China,Canada,,,
China,,,,,
Taiwan,,,,,
Japan,,,,,
USA,,,,,
China,,,,,
USA,,,,,
China,,,,,
Turkey,,,,,
Serbia,,,,,
USA,,,,,
Brazil,UK,,,,
Canada,,,,,
Argentina,Switzerland,,,,
Italy,,,,,
Korea,,,,,
USA,,,,,
Ireland,Italy,,,,
India,,,,,
India,,,,,
Portugal,,,,,
USA,,,,,
Serbia,,,,,
Taiwan,,,,,
China,,,,,
Jordan,,,,,
Lithuania,,,,,
Canada,,,,,
Sweden,UK,,,,
Iran,,,,,
Mexico,,,,,
Egypt,,,,,
Portugal,,,,,
Italy,,,,,
India,,,,,
Canada,,,,,
Canada,,,,,
New Zealand,China,Japan,,,
India,,,,,
USA,,,,,
USA,,,,,
Canada,,,,,
Japan,,,,,
Greece,,,,,
USA,,,,,
Poland,,,,,
Bahrain,,,,,
Turkey,,,,,
Turkey,,,,,
Taiwan,,,,,
Turkey,,,,,
Turkey,,,,,
The Netherlands,,,,,
France,,,,,
USA,,,,,
USA,,,,,
USA,,,,,
USA,,,,,
China,Japan,,,,
Canada,UK,,,,
Switzerland,,,,,
China,,,,,
Korea,,,,,
Taiwan,,,,,
The Netherlands,,,,,
USA,,,,,
China,,,,,
Thailand,,,,,
Thailand,,,,,
Czech Republic,,,,,
China,,,,,
Italy,,,,,
China,,,,,
Thailand,,,,,
Korea,,,,,
Korea,,,,,
Spain,,,,,
Italy,,,,,
The Netherlands,Germany,,,,
Canada,,,,,
Canada,,,,,
USA,,,,,
USA,,,,,
Germany,,,,,
Italy,,,,,
Belgium,,,,,
The Netherlands,,,,,
Denmark,,,,,
Japan,,,,,
Korea,,,,,
Germany,Norway,,,,
Belgium,,,,,
Belgium,,,,,
USA,UK,,,,
Japan,,,,,
Japan,,,,,
Taiwan,,,,,
France,,,,,
Japan,,,,,
Belgium,,,,,
Belgium,,,,,
USA,,,,,
Italy,,,,,
USA,,,,,
Romania,,,,,
USA,,,,,
Taiwan,,,,,
United Arab Emirates,USA,,,,
Italy,,,,,
Pakistan,,,,,
Lithuania,,,,,
China,,,,,
Japan,,,,,
China,,,,,
USA,,,,,
Greece,,,,,
China,,,,,
USA,,,,,
Malaysia,UK,,,,
Japan,,,,,
Italy,,,,,
China,,,,,
Spain,,,,,
USA,,,,,
Belgium,,,,,
Thailand,UK,,,,
Mexico,USA,,,,
USA,,,,,
Germany,,,,,
USA,,,,,
Brazil,,,,,
Colombia,,,,,
Malaysia,France,,,,
Sweden,Czech Republic,,,,
Poland,,,,,
USA,,,,,
USA,,,,,
Hungary,,,,,
Finland,,,,,
Iran,,,,,
Russia,,,,,
Russia,,,,,
Germany,,,,,
Denmark,,,,,
Poland,Taiwan,,,,
China,,,,,
Denmark,,,,,
Germany,,,,,
China,,,,,
China,,,,,
USA,,,,,
Germany,Serbia,,,,
USA,,,,,
Australia,,,,,
Serbia,,,,,
China,,,,,
The Netherlands,,,,,
Brazil,,,,,
Turkey,,,,,
Germany,,,,,
Germany,,,,,
Japan,Nepal,,,,
USA,Romania,,,,
Ukraine,Norway,,,,
USA,,,,,
Spain,,,,,
Spain,,,,,
India,,,,,
Egypt,,,,,
Italy,,,,,
Poland,Czech Republic,Slovakia,,,
UK,,,,,
USA,,,,,
USA,,,,,
Egypt,,,,,
Korea,,,,,
Poland,Czech Republic,,,,
Taiwan,,,,,
China,France,,,,
USA,,,,,
China,,,,,
Estonia,France,,,,
USA,,,,,
USA,,,,,
Italy,,,,,
Iran,,,,,
Czech Republic,,,,,
China,,,,,
Germany,,,,,
Poland,Germany,,,,
Bangladesh,,,,,
Czech Republic,Japan,,,,
Taiwan,USA,,,,
Poland,Italy,,,,
Chile,,,,,
USA,,,,,
Japan,,,,,
New Zealand,,,,,
Poland,,,,,
China,USA,,,,
Germany,,,,,
USA,,,,,
Italy,,,,,
Italy,,,,,
USA,,,,,
Japan,,,,,
Norway,Russia,USA,,,
UK,,,,,
Spain,,,,,
Germany,,,,,
Brazil,,,,,
The Netherlands,,,,,
USA,,,,,
Korea,,,,,
China,USA,,,,
France,,,,,
Poland,,,,,
Argentina,,,,,
USA,,,,,
China,,,,,
Saudi Arabia,,,,,
Iran,,,,,
India,,,,,
India,,,,,
Germany,,,,,
USA,,,,,
USA,,,,,
Spain,,,,,
China,,,,,
Italy,,,,,
Germany,UK,,,,
Spain,,,,,
Spain,Argentina,,,,
New Zealand,,,,,
Germany,,,,,
China,Taiwan,,,,
Spain,Japan,,,,
Russia,,,,,
USA,,,,,
Mexico,,,,,
Canada,,,,,
Spain,,,,,
Singapore,,,,,
Turkey,,,,,
Korea,,,,,
Turkey,,,,,
The Netherlands,,,,,
Brazil,,,,,
Malaysia,,,,,
Italy,,,,,
Korea,USA,,,,
Germany,,,,,
USA,,,,,
Taiwan,,,,,
Germany,Switzerland,,,,
France,UK,,,,
China,,,,,
Korea,USA,,,,
Poland,,,,,
USA,,,,,
France,,,,,
China,,,,,
Italy,,,,,
Canada,USA,,,,
Croatia,,,,,
China,,,,,
China,,,,,
Czech Republic,,,,,
Slovenia,,,,,
Greece,USA,,,,
Greece,,,,,
France,USA,,,,
Venezuela,,,,,
Spain,Italy,,,,
Spain,,,,,
Thailand,,,,,
USA,,,,,
Italy,,,,,
Italy,,,,,
USA,,,,,
Italy,,,,,
USA,,,,,
China,,,,,
Iran,,,,,
China,,,,,
Belgium,,,,,
China,,,,,
Romania,,,,,
China,,,,,
Greece,,,,,
Taiwan,,,,,
New Zealand,,,,,
Greece,,,,,
USA,,,,,
Taiwan,,,,,
Australia,Taiwan,,,,
China,,,,,
UK,,,,,
Malaysia,,,,,
USA,,,,,
Spain,,,,,
Spain,,,,,
Austria,,,,,
China,USA,,,,
Spain,,,,,
Czech Republic,,,,,
China,,,,,
Argentina,,,,,
Poland,,,,,
Germany,,,,,
The Netherlands,,,,,
China,,,,,
Germany,,,,,
China,,,,,
USA,,,,,
Thailand,,,,,
China,,,,,
Greece,,,,,
China,,,,,
Serbia,,,,,
Poland,,,,,
Belgium,,,,,
Finland,,,,,
China,Japan,,,,
Italy,USA,,,,
China,,,,,
USA,,,,,
Italy,,,,,
USA,,,,,
Estonia,,,,,
Canada,,,,,
USA,,,,,
Taiwan,,,,,
Kuwait,,,,,
China,,,,,
Italy,,,,,
Italy,,,,,
China,,,,,
Sweden,USA,,,,
Australia,Canada,,,,
China,,,,,
UK,,,,,
China,,,,,
Turkey,,,,,
China,,,,,
China,,,,,
Japan,,,,,
Poland,,,,,
Australia,,,,,
Canada,,,,,
Japan,,,,,
Thailand,,,,,
USA,,,,,
USA,,,,,
Italy,,,,,
China,,,,,
Egypt,,,,,
China,Canada,,,,
Mexico,,,,,
India,,,,,
USA,,,,,
USA,,,,,
Turkey,USA,,,,
France,,,,,
USA,,,,,
China,,,,,
Germany,,,,,
Poland,France,,,,
USA,,,,,
USA,,,,,
Korea,,,,,
India,,,,,
Germany,,,,,
Greece,,,,,
UK,,,,,
USA,,,,,
USA,,,,,
Israel,,,,,
India,USA,,,,
Finland,USA,,,,
China,USA,,,,
Poland,,,,,
China,,,,,
Brazil,,,,,
India,,,,,
China,,,,,
China,,,,,
USA,,,,,
USA,,,,,
Greece,,,,,
Germany,,,,,
Germany,Spain,,,,
Italy,,,,,
Germany,,,,,
Chile,,,,,
Mexico,,,,,
Germany,Romania,,,,
India,,,,,
USA,,,,,
USA,,,,,
USA,,,,,
Spain,Chile,Argentina,,,
USA,,,,,
Switzerland,,,,,
China,,,,,
USA,,,,,
China,,,,,
China,,,,,
Taiwan,,,,,
Mexico,France,UK,,,
Australia,,,,,
China,,,,,
China,,,,,
USA,,,,,
China,,,,,
France,Tunisia,,,,
Italy,,,,,
Italy,,,,,
Malaysia,,,,,
Turkey,USA,,,,
Slovakia,,,,,
Italy,,,,,
Belgium,,,,,
France,,,,,
China,,,,,
Italy,,,,,
Turkey,Canada,,,,
Italy,,,,,
Malaysia,,,,,
Germany,Mexico,Canada,,,
USA,,,,,
Romania,,,,,
Italy,,,,,
USA,,,,,
Iran,,,,,
The Netherlands,,,,,
USA,,,,,
Japan,,,,,
Spain,,,,,
China,,,,,
Japan,,,,,
USA,,,,,
Brazil,,,,,
Portugal,Spain,,,,
Japan,,,,,
India,,,,,
Saudi Arabia,,,,,
India,,,,,
USA,,,,,
Malaysia,,,,,
Malaysia,,,,,
Austria,,,,,
China,,,,,
Romania,,,,,
Korea,,,,,
China,,,,,
Germany,,,,,
India,,,,,
Spain,UK,,,,
China,,,,,
Germany,,,,,
Italy,,,,,
Spain,Belgium,,,,
China,,,,,
Korea,USA,,,,
USA,,,,,
France,,,,,
USA,,,,,
USA,,,,,
USA,,,,,
Germany,,,,,
Turkey,,,,,
Korea,India,,,,
USA,,,,,
Portugal,Austria,,,,
USA,,,,,
Japan,,,,,
USA,,,,,
Switzerland,,,,,
Chile,,,,,
Spain,,,,,
Turkey,,,,,
UK,,,,,
Norway,,,,,
India,,,,,
Serbia,,,,,
Korea,,,,,
Australia,,,,,
Japan,,,,,
Korea,,,,,
Italy,,,,,
China,,,,,
South Africa,,,,,
Norway,Belgium,,,,
China,,,,,
Korea,,,,,
Spain,,,,,
Spain,,,,,
Spain,,,,,
Italy,,,,,
Canada,,,,,
Germany,,,,,
The Netherlands,Serbia,,,,
Malaysia,,,,,
Thailand,,,,,
,,,,,
Brazil,,,,,
UK,,,,,
France,,,,,
Canada,,,,,
Singapore,,,,,
Canada,,,,,
Belgium,,,,,
China,USA,,,,
Greece,,,,,
Italy,,,,,
Germany,,,,,
Hong Kong,,,,,
Morocco,Portugal,Spain,,,
Malaysia,,,,,
China,UK,,,,
China,,,,,
Slovenia,,,,,
India,,,,,
Brazil,,,,,
