0,1,2
Spain,,
Croatia,,
Uzbekistan,,
Slovenia,USA,
Slovenia,USA,
Poland,,
Spain,Cuba,Argentina
Spain,Cuba,Argentina
China,,
Hungary,,
USA,Romania,
Canada,,
Uzbekistan,Cuba,Argentina
Denmark,,
UK,,
Croatia,USA,
Uzbekistan,Argentina,
India,,
India,,
Jordan,,
Japan,,
Jordan,,
Poland,,
Czech Republic,Slovakia,
Poland,,
Saudi Arabia,,
Turkey,,
Turkey,,
Turkey,,
Turkey,,
Turkey,,
Turkey,,
Turkey,,
Turkey,,
Turkey,,
Turkey,,
Turkey,,
Turkey,,
Turkey,USA,
Turkey,,
Turkey,,
USA,,
Belgium,,
Argentina,,
Spain,Cuba,Argentina
Poland,France,
Israel,,
Iran,,
China,,
Algeria,,
Jordan,,
China,,
Iran,,
Turkey,,
China,,
Czech Republic,,
China,,
USA,,
Japan,,
Japan,,
China,Japan,
Germany,Japan,
Germany,Russia,
China,,
Germany,,
India,,
USA,,
Cameroon,USA,
Nigeria,,
USA,,
USA,,
USA,,
Bangladesh,,
India,,
Venezuela,UK,
Turkey,,
Algeria,,
China,,
France,,
Turkey,,
Egypt,Austria,
China,,
South Africa,USA,
Iran,,
Iran,,
Austria,,
Egypt,,
Austria,,
Austria,USA,
USA,,
Japan,,
Spain,,
Spain,,
Spain,UK,
Japan,,
USA,,
USA,,
India,,
India,,
Tunisia,,
China,,
Germany,,
USA,,
China,,
The Netherlands,Portugal,
Russia,,
Thailand,Australia,
Germany,,
Japan,,
Slovakia,,
France,,
India,,
Turkey,,
Germany,Turkey,
Turkey,,
Turkey,,
India,,
Turkey,,
Turkey,,
India,,
Turkey,,
India,,
Japan,,
Bulgaria,,
Spain,,
Colombia,,
Saudi Arabia,,
Morocco,Germany,
Spain,,
Bulgaria,,
USA,,
China,,
Greece,,
Czech Republic,Germany,USA
Poland,,
Mexico,,
Tunisia,,
Poland,,
Poland,USA,
China,,
Morocco,,
Poland,,
Japan,,
Argentina,,
Algeria,France,
Malaysia,,
China,USA,
Egypt,,
Saudi Arabia,,
Saudi Arabia,,
Saudi Arabia,,
Jordan,,
India,,
Germany,Austria,
Czech Republic,,
Czech Republic,,
Poland,,
Australia,,
Australia,,
Australia,Germany,
Australia,,
Australia,,
Australia,,
Australia,USA,
New Zealand,,
Australia,,
Australia,USA,
New Zealand,,
Australia,,
Australia,,
USA,,
Lithuania,,
Thailand,Portugal,
Japan,,
Japan,,
Germany,Russia,
USA,,
USA,,
Switzerland,,
Spain,,
Spain,,
Spain,,
Spain,,
Spain,,
Portugal,Spain,
Spain,,
Spain,,
UK,,
Spain,,
Germany,,
Turkey,,
Turkey,,
Turkey,,
Malaysia,,
Turkey,,
Saudi Arabia,,
Turkey,,
Montenegro,,
Czech Republic,USA,
Poland,,
USA,,
France,,
Russia,USA,
Hungary,,
Czech Republic,Slovakia,
Turkey,,
Germany,,
Czech Republic,Austria,Slovakia
Turkey,,
USA,,
USA,,
Hungary,,
USA,,
USA,,
Saudi Arabia,,
Germany,,
Germany,,
Spain,,
Spain,,
Spain,,
Morocco,,
Morocco,,
Morocco,,
India,,
Hungary,,
Hungary,,
Hungary,,
Hungary,,
USA,,
Japan,,
New Zealand,,
New Zealand,,
New Zealand,,
Austria,,
Armenia,The Netherlands,France
India,Austria,
India,,
Czech Republic,,
USA,,
Russia,,
Germany,,
Italy,,
Czech Republic,,
USA,,
USA,,
Israel,,
Czech Republic,,
Czech Republic,Slovakia,
Italy,USA,
USA,,
India,,
Austria,,
Germany,,
USA,,
USA,,
Cameroon,,
Nigeria,,
USA,,
USA,,
USA,,
USA,,
Poland,,
Russia,,
USA,,
USA,,
USA,,
USA,,
United Arab Emirates,,
USA,,
Poland,,
USA,,
Russia,,
USA,,
USA,,
Japan,,
China,,
Spain,,
The Netherlands,Portugal,
Japan,USA,
Iran,,
Iran,,
China,,
Iran,,
Iran,,
Poland,,
Iran,,
Morocco,,
Morocco,,
Morocco,,
India,,
Morocco,,
Iran,,
Saudi Arabia,,
Saudi Arabia,,
Saudi Arabia,,
Saudi Arabia,USA,
Saudi Arabia,USA,
Iran,,
China,,
Morocco,,
Morocco,,
Slovakia,,
Iran,,
Iran,,
Australia,,
Italy,,
USA,,
Sweden,India,Slovakia
Iran,,
Turkey,,
Austria,Slovakia,
Germany,,
USA,,
Morocco,France,
UK,,
Germany,,
Russia,,
