0,1,2,3,4
Thailand,,,,
Czech Republic,,,,
India,,,,
Thailand,Austria,,,
USA,,,,
India,,,,
Kenya,,,,
Nigeria,,,,
India,,,,
Japan,,,,
India,USA,,,
Mexico,,,,
Romania,,,,
Poland,,,,
USA,,,,
Japan,,,,
Japan,,,,
Japan,,,,
Japan,,,,
Japan,,,,
The Netherlands,,,,
Belgium,Sweden,Austria,France,
Austria,,,,
Japan,,,,
Austria,,,,
Austria,,,,
Japan,,,,
Japan,,,,
Japan,,,,
Taiwan,,,,
Taiwan,,,,
Belgium,,,,
Japan,,,,
USA,,,,
USA,,,,
Japan,,,,
Japan,,,,
Sweden,,,,
Korea,,,,
China,USA,,,
Italy,,,,
Korea,Japan,,,
Japan,,,,
China,,,,
Mexico,,,,
Poland,,,,
Portugal,USA,,,
Spain,,,,
Chile,,,,
Germany,,,,
Japan,Canada,,,
USA,,,,
USA,,,,
China,,,,
Czech Republic,Slovakia,,,
USA,,,,
Taiwan,,,,
Poland,Germany,,,
Australia,,,,
China,,,,
China,,,,
Switzerland,,,,
USA,,,,
UK,USA,,,
Turkey,,,,
Saudi Arabia,,,,
Brazil,,,,
Turkey,,,,
Turkey,,,,
USA,,,,
Greece,,,,
Japan,,,,
USA,,,,
Australia,China,,,
China,,,,
Korea,USA,,,
USA,,,,
Spain,,,,
USA,,,,
Canada,,,,
China,Japan,,,
Turkey,,,,
Turkey,,,,
Turkey,,,,
Italy,,,,
China,,,,
China,Japan,,,
China,USA,,,
Taiwan,,,,
Mexico,,,,
France,,,,
Portugal,,,,
Croatia,,,,
France,,,,
Spain,,,,
USA,,,,
Italy,,,,
USA,,,,
Romania,,,,
USA,,,,
Germany,,,,
China,,,,
China,Hong Kong,USA,,
New Zealand,South Africa,,,
Belgium,Romania,,,
Pakistan,UK,,,
Austria,,,,
Mexico,Venezuela,USA,,
Taiwan,,,,
France,,,,
USA,,,,
China,,,,
Turkey,,,,
Italy,Russia,,,
Italy,,,,
Mexico,,,,
Lithuania,,,,
Slovenia,,,,
China,,,,
Germany,,,,
China,,,,
China,,,,
Turkey,,,,
India,,,,
Thailand,,,,
India,,,,
China,,,,
China,,,,
China,Japan,,,
The Netherlands,Romania,,,
Czech Republic,,,,
Spain,,,,
Taiwan,,,,
UK,,,,
Poland,,,,
Russia,,,,
China,,,,
China,,,,
Japan,,,,
Portugal,Brazil,,,
Germany,,,,
Australia,Denmark,,,
India,,,,
Denmark,,,,
Denmark,,,,
Turkey,,,,
Iran,,,,
Pakistan,,,,
Italy,,,,
Serbia,,,,
USA,,,,
Germany,,,,
Italy,,,,
France,,,,
India,,,,
Mexico,Venezuela,USA,,
China,,,,
Germany,,,,
Czech Republic,,,,
Czech Republic,,,,
Taiwan,,,,
China,,,,
Morocco,France,,,
,,,,
Czech Republic,Austria,,,
USA,,,,
Turkey,Japan,,,
USA,,,,
Turkey,,,,
Korea,,,,
Malaysia,,,,
Malaysia,,,,
China,,,,
China,,,,
Italy,,,,
Korea,,,,
Australia,China,,,
Serbia,,,,
Korea,,,,
Turkey,,,,
Portugal,,,,
Germany,,,,
Canada,,,,
Switzerland,,,,
Korea,,,,
China,Canada,,,
China,,,,
China,,,,
Romania,,,,
India,USA,,,
Saudi Arabia,,,,
USA,,,,
Italy,USA,,,
Germany,Hungary,,,
Serbia,,,,
Jordan,,,,
Austria,,,,
Turkey,,,,
Greece,,,,
Korea,,,,
Morocco,France,,,
France,,,,
USA,,,,
Canada,,,,
USA,,,,
USA,,,,
Mexico,,,,
Spain,,,,
India,,,,
Italy,Russia,,,
Switzerland,,,,
India,,,,
China,,,,
Germany,,,,
Slovenia,,,,
China,,,,
Finland,,,,
USA,,,,
Israel,,,,
Canada,,,,
Korea,,,,
Switzerland,USA,,,
Germany,,,,
Germany,,,,
Switzerland,,,,
Germany,USA,,,
Belgium,South Africa,,,
Spain,,,,
Italy,,,,
Turkey,,,,
China,,,,
China,,,,
Spain,,,,
USA,,,,
The Netherlands,,,,
Spain,,,,
China,,,,
Italy,,,,
Turkey,,,,
Indonesia,Sweden,,,
India,,,,
Taiwan,,,,
China,,,,
Israel,,,,
France,,,,
Korea,,,,
China,,,,
UK,,,,
Brazil,,,,
Denmark,Vietnam,,,
Germany,,,,
USA,,,,
Poland,Czech Republic,,,
Korea,,,,
USA,,,,
Germany,Japan,USA,,
USA,,,,
Saudi Arabia,,,,
Romania,,,,
China,,,,
China,,,,
Japan,,,,
Taiwan,,,,
Germany,Bulgaria,Macedonia,,
China,Belgium,,,
Switzerland,,,,
Japan,,,,
Serbia,Switzerland,,,
India,,,,
Brazil,,,,
France,,,,
Austria,,,,
Belgium,,,,
China,,,,
Turkey,,,,
Germany,Cuba,,,
Mexico,,,,
Finland,,,,
Czech Republic,Spain,,,
Poland,,,,
USA,,,,
Japan,,,,
Mexico,,,,
Croatia,,,,
Turkey,,,,
Saudi Arabia,,,,
USA,,,,
Spain,,,,
Italy,,,,
Sweden,,,,
Germany,,,,
Czech Republic,,,,
Italy,,,,
France,Iran,Belgium,,
Spain,Italy,,,
USA,,,,
Turkey,,,,
Germany,,,,
China,,,,
Italy,,,,
Japan,,,,
India,,,,
China,,,,
Korea,,,,
Portugal,,,,
Japan,,,,
China,,,,
Norway,,,,
France,,,,
China,,,,
China,,,,
Thailand,USA,,,
United Arab Emirates,Germany,Jordan,,
UK,,,,
Thailand,,,,
China,USA,,,
Italy,,,,
China,,,,
Slovenia,,,,
Korea,,,,
Czech Republic,,,,
Czech Republic,USA,,,
France,Pakistan,Cameroon,Switzerland,Germany
Argentina,,,,
USA,,,,
Spain,,,,
Turkey,,,,
Italy,,,,
Colombia,,,,
China,,,,
Pakistan,,,,
China,,,,
China,,,,
Switzerland,,,,
Czech Republic,,,,
Brazil,,,,
Korea,,,,
Switzerland,,,,
China,,,,
China,,,,
Mexico,Spain,,,
Korea,,,,
Germany,Iran,,,
Spain,,,,
Algeria,France,,,
USA,,,,
Australia,France,,,
Italy,,,,
Germany,,,,
Japan,,,,
USA,,,,
India,,,,
The Netherlands,Greece,,,
Brazil,,,,
India,,,,
Taiwan,,,,
Serbia,,,,
Finland,,,,
Austria,,,,
China,,,,
China,,,,
Japan,,,,
Switzerland,,,,
Germany,,,,
Czech Republic,,,,
Brazil,,,,
Romania,,,,
Greece,,,,
USA,,,,
USA,,,,
USA,,,,
USA,,,,
USA,,,,
USA,,,,
USA,,,,
USA,,,,
USA,,,,
Taiwan,,,,
Cameroon,,,,
,,,,
USA,,,,
USA,,,,
Jordan,,,,
Greece,,,,
Slovakia,,,,
Saudi Arabia,,,,
Czech Republic,Slovakia,,,
Korea,,,,
USA,,,,
Finland,,,,
Canada,,,,
Turkey,,,,
Taiwan,,,,
Czech Republic,,,,
China,,,,
Thailand,Portugal,,,
Korea,China,,,
Germany,,,,
China,,,,
China,,,,
Italy,,,,
Greece,,,,
Taiwan,,,,
China,,,,
Japan,,,,
Czech Republic,,,,
Spain,,,,
China,,,,
USA,,,,
China,Singapore,,,
France,,,,
Spain,,,,
China,,,,
China,,,,
Spain,,,,
India,,,,
Iran,USA,,,
India,,,,
India,,,,
Iran,USA,,,
Iran,USA,,,
Morocco,France,,,
Morocco,,,,
Morocco,France,,,
Poland,,,,
Poland,,,,
Morocco,,,,
Morocco,,,,
Morocco,,,,
Morocco,,,,
Morocco,France,,,
Morocco,France,,,
Macedonia,,,,
Macedonia,,,,
Saudi Arabia,,,,
China,,,,
China,,,,
Czech Republic,,,,
Korea,Norway,,,
Korea,,,,
China,,,,
China,,,,
Saudi Arabia,,,,
India,,,,
Bulgaria,,,,
Lithuania,Austria,,,
Morocco,,,,
Iran,USA,,,
China,,,,
Czech Republic,,,,
China,,,,
China,,,,
China,,,,
Portugal,,,,
China,USA,,,
Korea,,,,
China,,,,
Korea,,,,
China,,,,
USA,,,,
Korea,,,,
China,,,,
Brazil,,,,
Iran,,,,
Romania,,,,
China,,,,
Chile,Argentina,,,
Saudi Arabia,,,,
Czech Republic,,,,
Portugal,Chile,,,
Thailand,,,,
USA,,,,
France,Kenya,Greece,,
Montenegro,Greece,UK,,
Croatia,,,,
Greece,,,,
China,,,,
Brazil,,,,
Switzerland,,,,
China,,,,
China,,,,
China,,,,
China,,,,
Greece,,,,
USA,,,,
Romania,,,,
The Netherlands,Romania,,,
France,,,,
Taiwan,,,,
China,,,,
China,,,,
China,,,,
Thailand,,,,
China,,,,
Japan,,,,
China,,,,
Switzerland,,,,
Korea,,,,
Italy,,,,
China,,,,
Germany,,,,
China,,,,
Taiwan,,,,
Korea,,,,
Taiwan,,,,
France,,,,
Canada,,,,
Italy,,,,
France,,,,
Thailand,Portugal,USA,,
Romania,,,,
Switzerland,,,,
Japan,,,,
China,,,,
China,USA,,,
China,,,,
Ireland,,,,
Greece,,,,
China,,,,
China,,,,
Greece,,,,
Germany,,,,
China,,,,
Thailand,Korea,,,
Turkey,,,,
Turkey,,,,
China,,,,
India,,,,
Poland,,,,
Palestine,,,,
USA,,,,
USA,,,,
India,,,,
Japan,,,,
Nigeria,,,,
India,,,,
USA,,,,
Iran,,,,
Thailand,,,,
Poland,Germany,,,
Poland,,,,
Morocco,,,,
France,,,,
USA,,,,
China,,,,
China,,,,
China,,,,
Spain,,,,
Russia,,,,
Germany,,,,
Poland,,,,
Germany,Cuba,,,
Serbia,,,,
Korea,Japan,,,
China,,,,
Greece,,,,
China,,,,
Serbia,,,,
Germany,,,,
Czech Republic,,,,
China,,,,
China,,,,
China,,,,
Japan,,,,
China,,,,
United Arab Emirates,Germany,Jordan,,
Canada,,,,
China,,,,
Serbia,,,,
Serbia,,,,
Turkey,,,,
Brazil,Spain,,,
Algeria,France,,,
Brazil,,,,
China,,,,
USA,,,,
China,,,,
Romania,,,,
Belgium,,,,
Australia,Guinea,,,
USA,,,,
China,,,,
China,,,,
China,,,,
Turkey,,,,
India,,,,
Chile,,,,
China,,,,
China,,,,
China,,,,
Czech Republic,USA,,,
Iran,,,,
China,USA,,,
Germany,,,,
Bosnia and Herzegovina,Croatia,,,
China,,,,
China,,,,
Italy,,,,
Thailand,,,,
Thailand,,,,
Italy,,,,
Turkey,,,,
China,,,,
Slovenia,,,,
Pakistan,UK,,,
Belgium,,,,
China,,,,
Thailand,,,,
Spain,Finland,Romania,,
Spain,,,,
China,Japan,,,
Algeria,France,,,
Slovakia,,,,
China,,,,
China,,,,
Belgium,,,,
Mexico,,,,
China,,,,
Pakistan,,,,
Australia,Guinea,,,
Japan,,,,
Japan,,,,
China,,,,
Romania,,,,
Belgium,,,,
China,,,,
China,,,,
China,,,,
Italy,,,,
China,,,,
Denmark,,,,
Denmark,,,,
Romania,,,,
Czech Republic,Slovakia,,,
Japan,,,,
Korea,,,,
Spain,,,,
Austria,,,,
China,,,,
Serbia,,,,
China,,,,
Poland,Czech Republic,,,
USA,,,,
USA,,,,
Japan,,,,
Saudi Arabia,,,,
Poland,,,,
Czech Republic,Finland,,,
Serbia,,,,
