0,1
Switzerland,
Switzerland,
Switzerland,
Bulgaria,
Bulgaria,
USA,
USA,
South Africa,
Turkey,
Turkey,
South Africa,
Greece,
Turkey,
USA,
Switzerland,
Poland,
USA,
USA,
USA,
USA,
Russia,
Russia,
USA,
USA,
Morocco,
Germany,
Switzerland,
Switzerland,
Mexico,
Mexico,
Mexico,
Mexico,
USA,
USA,
Australia,
Brazil,
USA,
Germany,UK
Germany,
Russia,
Russia,
Russia,
Russia,
Russia,
Switzerland,
Russia,
Switzerland,
Austria,
Switzerland,
China,
Russia,
Switzerland,
USA,
Poland,
Slovakia,
Germany,
USA,
Russia,Canada
India,
Morocco,France
Morocco,France
Morocco,France
Morocco,
Morocco,
China,
Spain,
Czech Republic,
Azerbaijan,Turkey
USA,
Turkey,
Turkey,UK
Turkey,
Turkey,USA
Turkey,
India,Belgium
Portugal,
Russia,
France,
Switzerland,
Spain,
Switzerland,
Switzerland,
Switzerland,
Ukraine,
India,
Switzerland,
USA,
Russia,
Russia,
France,
Spain,
Turkey,
Turkey,USA
Turkey,
Turkey,USA
Turkey,
Turkey,
Turkey,
Turkey,
Poland,
Slovakia,
Slovakia,
Hungary,USA
China,USA
Korea,USA
Russia,
Australia,
Spain,USA
Switzerland,
USA,
USA,
UK,
