0,1,2
Saudi Arabia,,
Egypt,Saudi Arabia,
Portugal,,
Korea,,
Japan,,
Switzerland,,
China,,
Malaysia,,
China,,
China,USA,
Turkey,,
Turkey,,
Croatia,,
Saudi Arabia,,
Spain,,
China,USA,
China,,
Canada,,
Saudi Arabia,,
India,,
Canada,,
China,,
Algeria,,
Turkey,,
China,,
Iran,,
Russia,,
Algeria,,
India,,
Turkey,,
Turkey,,
Malaysia,,
Turkey,,
Turkey,,
Turkey,,
Turkey,,
Turkey,,
USA,,
USA,,
China,USA,
Brazil,USA,
Germany,,
Egypt,,
China,,
Morocco,,
Slovakia,,
Czech Republic,Finland,Slovakia
Australia,,
China,,
China,Switzerland,
France,USA,
Egypt,,
USA,,
Sweden,Latvia,
Brazil,,
France,,
Ukraine,,
Tunisia,,
Malaysia,,
Russia,,
China,,
Armenia,,
Egypt,,
Montenegro,Spain,
Singapore,,
Egypt,,
Algeria,,
India,,
India,,
Germany,,
Canada,,
Algeria,,
Ukraine,Germany,
India,,
Austria,,
Brazil,,
China,,
China,,
Malaysia,,
Germany,USA,
India,Austria,
USA,,
Cuba,,
Poland,USA,
India,,
Canada,,
China,USA,
China,,
USA,,
Korea,,
Cuba,,
Egypt,,
Argentina,,
Poland,,
Thailand,,
Greece,,
Turkey,,
Turkey,,
Japan,,
Turkey,,
Turkey,,
Turkey,,
Bahrain,,
Azerbaijan,Turkey,
Turkey,,
Turkey,,
Turkey,,
South Africa,,
Iran,,
Egypt,,
Egypt,,
China,,
USA,,
USA,,
Lithuania,,
USA,,
Germany,India,Serbia
Germany,,
Germany,Japan,
Malaysia,,
Egypt,Saudi Arabia,
Sweden,Slovakia,
Saudi Arabia,,
UK,USA,
Switzerland,,
Saudi Arabia,,
Slovakia,,
Italy,,
France,,
Austria,,
Turkey,,
Russia,,
Japan,,
Japan,,
Belgium,Hungary,
Greece,,
Russia,,
Russia,,
Russia,,
Korea,,
UK,,
Italy,,
France,,
Spain,,
Austria,,
USA,,
UK,,
Denmark,,
Canada,,
Portugal,,
Poland,,
Austria,,
Greece,,
Greece,,
Greece,,
Germany,,
Germany,,
Morocco,,
Morocco,,
Poland,,
China,,
Germany,USA,
South Africa,,
Poland,,
India,,
Canada,,
Poland,,
Poland,,
USA,,
Poland,,
Russia,,
Russia,,
Russia,,
Saudi Arabia,,
Saudi Arabia,,
Taiwan,,
Austria,,
Croatia,,
Romania,,
Romania,,
Romania,,
Romania,,
New Zealand,,
New Zealand,,
China,,
China,,
Japan,,
Germany,,
Germany,Cuba,
China,,
Egypt,,
Argentina,,
China,,
Egypt,USA,
India,,
Canada,,
South Africa,,
India,USA,
Tunisia,,
Algeria,,
Mongolia,Germany,
Austria,,
Austria,,
China,,
India,,
Poland,,
China,Japan,
China,Japan,
India,,
Japan,,
Belgium,USA,
India,,
Iran,,
Uzbekistan,Argentina,
Germany,France,Russia
Germany,,
USA,,
Greece,,
Morocco,,
Egypt,Saudi Arabia,USA
Bulgaria,,
Bulgaria,,
Bulgaria,,
,,
Germany,,
Denmark,Argentina,
UK,,
Argentina,USA,
Italy,,
Sweden,,
Turkey,,
Turkey,,
Turkey,,
Turkey,,
South Africa,,
Turkey,,
South Africa,,
South Africa,,
Turkey,,
Turkey,,
Turkey,,
Azerbaijan,,
Azerbaijan,,
Bahrain,,
USA,Croatia,
Iran,,
Italy,,
Romania,,
,,
,,
China,,
China,,
Malaysia,,
,,
Poland,,
United Arab Emirates,,
United Arab Emirates,,
United Arab Emirates,,
Spain,,
Spain,,
Spain,,
Spain,,
Spain,,
Spain,,
Spain,,
Norway,,
China,,
Saudi Arabia,,
Morocco,France,
Ukraine,,
India,,
Russia,,
Canada,,
Austria,,
Austria,,
Austria,,
Austria,,
Poland,Norway,
Poland,,
Norway,Italy,
Russia,,
Spain,Argentina,
Spain,,
Denmark,,
Austria,,
Austria,,
Austria,,
Germany,,
Germany,,
USA,,
China,,
Austria,,
China,,
China,,
China,,
China,,
China,,
Czech Republic,,
Saudi Arabia,,
Saudi Arabia,,
Saudi Arabia,,
Saudi Arabia,,
Morocco,,
Germany,,
China,Spain,Switzerland
France,Russia,
Switzerland,,
Saudi Arabia,,
USA,,
Austria,,
USA,,
Italy,USA,
Switzerland,,
Egypt,,
China,,
China,,
Spain,,
China,,
Poland,,
Japan,,
China,Japan,Canada
Japan,,
Japan,,
China,,
Canada,,
Australia,,
China,,
Germany,,
Poland,,
China,,
China,,
China,USA,
Switzerland,,
USA,,
USA,,
USA,,
Slovakia,,
Spain,,
Ireland,,
USA,,
Germany,Slovakia,
China,Switzerland,Canada
Germany,,
