0,1,2,3,4,5,6,7,8,9,10,11,12,13
Italy,,,,,,,,,,,,,
Spain,,,,,,,,,,,,,
Belgium,,,,,,,,,,,,,
Singapore,,,,,,,,,,,,,
Japan,,,,,,,,,,,,,
China,,,,,,,,,,,,,
China,,,,,,,,,,,,,
Italy,,,,,,,,,,,,,
Japan,,,,,,,,,,,,,
China,,,,,,,,,,,,,
Japan,,,,,,,,,,,,,
Japan,,,,,,,,,,,,,
Japan,,,,,,,,,,,,,
UK,,,,,,,,,,,,,
Japan,,,,,,,,,,,,,
China,,,,,,,,,,,,,
Portugal,UK,,,,,,,,,,,,
China,,,,,,,,,,,,,
Belgium,,,,,,,,,,,,,
Italy,,,,,,,,,,,,,
Taiwan,,,,,,,,,,,,,
China,,,,,,,,,,,,,
Japan,,,,,,,,,,,,,
Spain,,,,,,,,,,,,,
China,,,,,,,,,,,,,
China,,,,,,,,,,,,,
Austria,,,,,,,,,,,,,
New Zealand,,,,,,,,,,,,,
China,,,,,,,,,,,,,
China,Canada,,,,,,,,,,,,
China,Iran,,,,,,,,,,,,
China,,,,,,,,,,,,,
China,,,,,,,,,,,,,
Iran,,,,,,,,,,,,,
China,,,,,,,,,,,,,
Mexico,,,,,,,,,,,,,
China,,,,,,,,,,,,,
China,,,,,,,,,,,,,
China,,,,,,,,,,,,,
China,,,,,,,,,,,,,
China,,,,,,,,,,,,,
China,,,,,,,,,,,,,
China,,,,,,,,,,,,,
China,,,,,,,,,,,,,
China,,,,,,,,,,,,,
China,,,,,,,,,,,,,
China,,,,,,,,,,,,,
China,,,,,,,,,,,,,
China,,,,,,,,,,,,,
Slovenia,,,,,,,,,,,,,
Slovenia,,,,,,,,,,,,,
China,,,,,,,,,,,,,
China,,,,,,,,,,,,,
China,,,,,,,,,,,,,
Iran,,,,,,,,,,,,,
Iran,,,,,,,,,,,,,
China,,,,,,,,,,,,,
China,,,,,,,,,,,,,
China,,,,,,,,,,,,,
China,,,,,,,,,,,,,
China,,,,,,,,,,,,,
China,,,,,,,,,,,,,
China,,,,,,,,,,,,,
USA,,,,,,,,,,,,,
Portugal,,,,,,,,,,,,,
USA,,,,,,,,,,,,,
Canada,,,,,,,,,,,,,
Denmark,,,,,,,,,,,,,
Finland,Russia,,,,,,,,,,,,
Spain,,,,,,,,,,,,,
USA,,,,,,,,,,,,,
Japan,USA,,,,,,,,,,,,
Sweden,,,,,,,,,,,,,
Belgium,,,,,,,,,,,,,
Italy,,,,,,,,,,,,,
Italy,Iraq,USA,,,,,,,,,,,
Israel,,,,,,,,,,,,,
Japan,,,,,,,,,,,,,
Korea,,,,,,,,,,,,,
Japan,,,,,,,,,,,,,
Spain,,,,,,,,,,,,,
USA,,,,,,,,,,,,,
Spain,,,,,,,,,,,,,
France,,,,,,,,,,,,,
USA,,,,,,,,,,,,,
Portugal,Brazil,,,,,,,,,,,,
Thailand,Japan,,,,,,,,,,,,
Spain,,,,,,,,,,,,,
Canada,,,,,,,,,,,,,
India,,,,,,,,,,,,,
Italy,,,,,,,,,,,,,
China,,,,,,,,,,,,,
Taiwan,,,,,,,,,,,,,
Sweden,Germany,,,,,,,,,,,,
Germany,China,USA,UK,,,,,,,,,,
The Netherlands,,,,,,,,,,,,,
The Netherlands,India,Japan,Nepal,,,,,,,,,,
Germany,,,,,,,,,,,,,
Japan,,,,,,,,,,,,,
Spain,,,,,,,,,,,,,
China,,,,,,,,,,,,,
The Netherlands,Germany,Austria,,,,,,,,,,,
China,USA,,,,,,,,,,,,
Spain,,,,,,,,,,,,,
Thailand,France,,,,,,,,,,,,
Germany,,,,,,,,,,,,,
Malaysia,,,,,,,,,,,,,
Sweden,,,,,,,,,,,,,
Singapore,Japan,,,,,,,,,,,,
Australia,,,,,,,,,,,,,
China,Japan,,,,,,,,,,,,
Spain,France,,,,,,,,,,,,
The Netherlands,Switzerland,,,,,,,,,,,,
Thailand,,,,,,,,,,,,,
Japan,,,,,,,,,,,,,
USA,,,,,,,,,,,,,
Czech Republic,,,,,,,,,,,,,
Malaysia,,,,,,,,,,,,,
China,,,,,,,,,,,,,
Algeria,,,,,,,,,,,,,
Czech Republic,Slovakia,,,,,,,,,,,,
Vietnam,Taiwan,,,,,,,,,,,,
Taiwan,,,,,,,,,,,,,
Japan,,,,,,,,,,,,,
Germany,China,,,,,,,,,,,,
Slovenia,,,,,,,,,,,,,
China,,,,,,,,,,,,,
Spain,,,,,,,,,,,,,
China,,,,,,,,,,,,,
Canada,,,,,,,,,,,,,
Japan,,,,,,,,,,,,,
Brazil,Colombia,Indonesia,Norway,USA,,,,,,,,,
Japan,,,,,,,,,,,,,
Australia,,,,,,,,,,,,,
USA,,,,,,,,,,,,,
China,Canada,,,,,,,,,,,,
UK,,,,,,,,,,,,,
Poland,Canada,,,,,,,,,,,,
Switzerland,,,,,,,,,,,,,
Malaysia,,,,,,,,,,,,,
Australia,India,,,,,,,,,,,,
USA,,,,,,,,,,,,,
Spain,,,,,,,,,,,,,
UK,,,,,,,,,,,,,
Spain,,,,,,,,,,,,,
USA,,,,,,,,,,,,,
USA,,,,,,,,,,,,,
Japan,,,,,,,,,,,,,
China,,,,,,,,,,,,,
USA,,,,,,,,,,,,,
USA,UK,,,,,,,,,,,,
USA,,,,,,,,,,,,,
Canada,,,,,,,,,,,,,
Macedonia,,,,,,,,,,,,,
Macedonia,,,,,,,,,,,,,
India,,,,,,,,,,,,,
Germany,,,,,,,,,,,,,
China,USA,,,,,,,,,,,,
Germany,China,Croatia,,,,,,,,,,,
USA,,,,,,,,,,,,,
Mexico,,,,,,,,,,,,,
Japan,,,,,,,,,,,,,
Egypt,,,,,,,,,,,,,
UK,,,,,,,,,,,,,
Japan,,,,,,,,,,,,,
Spain,,,,,,,,,,,,,
Argentina,,,,,,,,,,,,,
Austria,Serbia,,,,,,,,,,,,
China,USA,,,,,,,,,,,,
China,Canada,,,,,,,,,,,,
Canada,,,,,,,,,,,,,
USA,,,,,,,,,,,,,
Ireland,UK,USA,,,,,,,,,,,
USA,,,,,,,,,,,,,
USA,,,,,,,,,,,,,
China,USA,,,,,,,,,,,,
Japan,USA,,,,,,,,,,,,
USA,,,,,,,,,,,,,
Taiwan,,,,,,,,,,,,,
France,UK,,,,,,,,,,,,
France,,,,,,,,,,,,,
Belgium,,,,,,,,,,,,,
France,,,,,,,,,,,,,
Germany,,,,,,,,,,,,,
Norway,,,,,,,,,,,,,
Germany,China,,,,,,,,,,,,
USA,,,,,,,,,,,,,
Australia,,,,,,,,,,,,,
USA,,,,,,,,,,,,,
Thailand,,,,,,,,,,,,,
China,,,,,,,,,,,,,
USA,,,,,,,,,,,,,
China,,,,,,,,,,,,,
USA,,,,,,,,,,,,,
USA,,,,,,,,,,,,,
Singapore,,,,,,,,,,,,,
Romania,,,,,,,,,,,,,
Iran,,,,,,,,,,,,,
Brazil,,,,,,,,,,,,,
Australia,,,,,,,,,,,,,
Italy,,,,,,,,,,,,,
Czech Republic,,,,,,,,,,,,,
USA,,,,,,,,,,,,,
Singapore,USA,,,,,,,,,,,,
Japan,UK,,,,,,,,,,,,
Portugal,,,,,,,,,,,,,
Mexico,,,,,,,,,,,,,
USA,,,,,,,,,,,,,
France,,,,,,,,,,,,,
Taiwan,,,,,,,,,,,,,
USA,,,,,,,,,,,,,
USA,,,,,,,,,,,,,
Taiwan,,,,,,,,,,,,,
China,,,,,,,,,,,,,
China,,,,,,,,,,,,,
USA,,,,,,,,,,,,,
India,,,,,,,,,,,,,
Egypt,Saudi Arabia,,,,,,,,,,,,
USA,,,,,,,,,,,,,
Australia,,,,,,,,,,,,,
USA,,,,,,,,,,,,,
Korea,Japan,,,,,,,,,,,,
Egypt,Spain,Saudi Arabia,,,,,,,,,,,
China,,,,,,,,,,,,,
Australia,,,,,,,,,,,,,
Norway,Italy,,,,,,,,,,,,
Germany,,,,,,,,,,,,,
Germany,,,,,,,,,,,,,
France,Israel,,,,,,,,,,,,
USA,,,,,,,,,,,,,
China,,,,,,,,,,,,,
New Zealand,Germany,Finland,,,,,,,,,,,
Canada,,,,,,,,,,,,,
France,,,,,,,,,,,,,
China,,,,,,,,,,,,,
Malaysia,,,,,,,,,,,,,
The Netherlands,Sweden,,,,,,,,,,,,
Russia,,,,,,,,,,,,,
China,,,,,,,,,,,,,
China,,,,,,,,,,,,,
Germany,,,,,,,,,,,,,
Germany,,,,,,,,,,,,,
Canada,,,,,,,,,,,,,
Japan,,,,,,,,,,,,,
Thailand,,,,,,,,,,,,,
Portugal,,,,,,,,,,,,,
Japan,USA,,,,,,,,,,,,
USA,,,,,,,,,,,,,
USA,,,,,,,,,,,,,
Japan,,,,,,,,,,,,,
Indonesia,,,,,,,,,,,,,
USA,,,,,,,,,,,,,
Japan,,,,,,,,,,,,,
France,,,,,,,,,,,,,
USA,,,,,,,,,,,,,
Taiwan,,,,,,,,,,,,,
Italy,UK,,,,,,,,,,,,
USA,,,,,,,,,,,,,
China,,,,,,,,,,,,,
USA,,,,,,,,,,,,,
China,,,,,,,,,,,,,
Sweden,Norway,,,,,,,,,,,,
Portugal,,,,,,,,,,,,,
Korea,,,,,,,,,,,,,
Spain,,,,,,,,,,,,,
Sweden,Czech Republic,,,,,,,,,,,,
Taiwan,,,,,,,,,,,,,
Portugal,,,,,,,,,,,,,
Italy,USA,,,,,,,,,,,,
USA,,,,,,,,,,,,,
Canada,,,,,,,,,,,,,
Taiwan,,,,,,,,,,,,,
USA,,,,,,,,,,,,,
USA,,,,,,,,,,,,,
USA,,,,,,,,,,,,,
USA,,,,,,,,,,,,,
USA,,,,,,,,,,,,,
USA,,,,,,,,,,,,,
Australia,UK,,,,,,,,,,,,
USA,,,,,,,,,,,,,
USA,,,,,,,,,,,,,
Australia,,,,,,,,,,,,,
Spain,,,,,,,,,,,,,
USA,,,,,,,,,,,,,
Guinea,,,,,,,,,,,,,
Germany,USA,,,,,,,,,,,,
USA,,,,,,,,,,,,,
Sweden,,,,,,,,,,,,,
USA,,,,,,,,,,,,,
Denmark,,,,,,,,,,,,,
The Netherlands,Japan,,,,,,,,,,,,
Austria,USA,,,,,,,,,,,,
Japan,,,,,,,,,,,,,
Germany,China,,,,,,,,,,,,
USA,,,,,,,,,,,,,
Korea,,,,,,,,,,,,,
Sweden,,,,,,,,,,,,,
USA,,,,,,,,,,,,,
Denmark,,,,,,,,,,,,,
Romania,,,,,,,,,,,,,
USA,,,,,,,,,,,,,
Croatia,,,,,,,,,,,,,
Brazil,,,,,,,,,,,,,
Malaysia,,,,,,,,,,,,,
Brazil,,,,,,,,,,,,,
Italy,,,,,,,,,,,,,
Italy,France,,,,,,,,,,,,
Spain,,,,,,,,,,,,,
Australia,,,,,,,,,,,,,
Spain,,,,,,,,,,,,,
China,,,,,,,,,,,,,
China,,,,,,,,,,,,,
China,,,,,,,,,,,,,
Taiwan,,,,,,,,,,,,,
New Zealand,USA,,,,,,,,,,,,
China,,,,,,,,,,,,,
Spain,,,,,,,,,,,,,
Spain,,,,,,,,,,,,,
Spain,,,,,,,,,,,,,
Italy,,,,,,,,,,,,,
Ireland,Canada,,,,,,,,,,,,
Switzerland,,,,,,,,,,,,,
Italy,,,,,,,,,,,,,
Poland,Canada,,,,,,,,,,,,
Belgium,,,,,,,,,,,,,
USA,,,,,,,,,,,,,
Spain,,,,,,,,,,,,,
Spain,UK,,,,,,,,,,,,
USA,,,,,,,,,,,,,
Japan,,,,,,,,,,,,,
Canada,,,,,,,,,,,,,
Russia,,,,,,,,,,,,,
USA,,,,,,,,,,,,,
Australia,,,,,,,,,,,,,
Germany,Russia,,,,,,,,,,,,
UK,,,,,,,,,,,,,
India,,,,,,,,,,,,,
Japan,,,,,,,,,,,,,
Denmark,China,,,,,,,,,,,,
Australia,,,,,,,,,,,,,
Korea,,,,,,,,,,,,,
France,,,,,,,,,,,,,
China,,,,,,,,,,,,,
New Zealand,China,,,,,,,,,,,,
China,,,,,,,,,,,,,
Cuba,,,,,,,,,,,,,
China,,,,,,,,,,,,,
USA,,,,,,,,,,,,,
Germany,Austria,,,,,,,,,,,,
USA,,,,,,,,,,,,,
USA,,,,,,,,,,,,,
Greece,,,,,,,,,,,,,
China,,,,,,,,,,,,,
Japan,,,,,,,,,,,,,
Spain,,,,,,,,,,,,,
Czech Republic,,,,,,,,,,,,,
Germany,,,,,,,,,,,,,
Taiwan,,,,,,,,,,,,,
Switzerland,,,,,,,,,,,,,
USA,,,,,,,,,,,,,
Malaysia,,,,,,,,,,,,,
Japan,,,,,,,,,,,,,
Czech Republic,,,,,,,,,,,,,
Thailand,,,,,,,,,,,,,
Taiwan,,,,,,,,,,,,,
China,,,,,,,,,,,,,
Slovakia,,,,,,,,,,,,,
Germany,Bulgaria,Macedonia,,,,,,,,,,,
China,,,,,,,,,,,,,
Spain,,,,,,,,,,,,,
Spain,,,,,,,,,,,,,
China,,,,,,,,,,,,,
USA,,,,,,,,,,,,,
United Arab Emirates,,,,,,,,,,,,,
Germany,China,,,,,,,,,,,,
Australia,,,,,,,,,,,,,
Taiwan,,,,,,,,,,,,,
China,,,,,,,,,,,,,
Japan,,,,,,,,,,,,,
Spain,,,,,,,,,,,,,
Australia,Singapore,Canada,,,,,,,,,,,
Germany,,,,,,,,,,,,,
China,,,,,,,,,,,,,
USA,,,,,,,,,,,,,
The Netherlands,Italy,,,,,,,,,,,,
Canada,,,,,,,,,,,,,
USA,,,,,,,,,,,,,
China,,,,,,,,,,,,,
UK,,,,,,,,,,,,,
USA,,,,,,,,,,,,,
Canada,,,,,,,,,,,,,
USA,,,,,,,,,,,,,
Malaysia,USA,,,,,,,,,,,,
Germany,,,,,,,,,,,,,
Japan,,,,,,,,,,,,,
Taiwan,,,,,,,,,,,,,
USA,,,,,,,,,,,,,
USA,,,,,,,,,,,,,
Australia,Korea,,,,,,,,,,,,
USA,,,,,,,,,,,,,
Japan,,,,,,,,,,,,,
South Africa,,,,,,,,,,,,,
Serbia,,,,,,,,,,,,,
France,Tunisia,,,,,,,,,,,,
China,Japan,,,,,,,,,,,,
Denmark,,,,,,,,,,,,,
UK,,,,,,,,,,,,,
Brazil,,,,,,,,,,,,,
Germany,,,,,,,,,,,,,
Canada,,,,,,,,,,,,,
Taiwan,,,,,,,,,,,,,
Spain,,,,,,,,,,,,,
UK,,,,,,,,,,,,,
Spain,,,,,,,,,,,,,
Slovenia,,,,,,,,,,,,,
Spain,,,,,,,,,,,,,
India,,,,,,,,,,,,,
Austria,,,,,,,,,,,,,
India,,,,,,,,,,,,,
USA,,,,,,,,,,,,,
Canada,,,,,,,,,,,,,
Czech Republic,France,,,,,,,,,,,,
Palestine,,,,,,,,,,,,,
USA,,,,,,,,,,,,,
USA,,,,,,,,,,,,,
Japan,,,,,,,,,,,,,
Taiwan,,,,,,,,,,,,,
France,,,,,,,,,,,,,
China,,,,,,,,,,,,,
USA,Canada,,,,,,,,,,,,
China,,,,,,,,,,,,,
Poland,,,,,,,,,,,,,
France,,,,,,,,,,,,,
Japan,,,,,,,,,,,,,
Taiwan,,,,,,,,,,,,,
USA,,,,,,,,,,,,,
UK,,,,,,,,,,,,,
Italy,,,,,,,,,,,,,
Turkey,,,,,,,,,,,,,
Germany,,,,,,,,,,,,,
Spain,,,,,,,,,,,,,
Spain,,,,,,,,,,,,,
USA,,,,,,,,,,,,,
China,,,,,,,,,,,,,
Japan,,,,,,,,,,,,,
South Africa,Pakistan,,,,,,,,,,,,
South Africa,,,,,,,,,,,,,
South Africa,Pakistan,,,,,,,,,,,,
South Africa,,,,,,,,,,,,,
South Africa,,,,,,,,,,,,,
South Africa,,,,,,,,,,,,,
South Africa,Pakistan,,,,,,,,,,,,
South Africa,,,,,,,,,,,,,
South Africa,,,,,,,,,,,,,
South Africa,,,,,,,,,,,,,
Saudi Arabia,Pakistan,,,,,,,,,,,,
South Africa,,,,,,,,,,,,,
South Africa,,,,,,,,,,,,,
South Africa,,,,,,,,,,,,,
Germany,South Africa,,,,,,,,,,,,
South Africa,,,,,,,,,,,,,
South Africa,,,,,,,,,,,,,
USA,,,,,,,,,,,,,
Turkey,,,,,,,,,,,,,
Pakistan,,,,,,,,,,,,,
Turkey,,,,,,,,,,,,,
India,,,,,,,,,,,,,
Turkey,,,,,,,,,,,,,
Turkey,,,,,,,,,,,,,
Iran,,,,,,,,,,,,,
China,,,,,,,,,,,,,
Turkey,,,,,,,,,,,,,
Taiwan,,,,,,,,,,,,,
Turkey,,,,,,,,,,,,,
Turkey,,,,,,,,,,,,,
South Africa,,,,,,,,,,,,,
Saudi Arabia,,,,,,,,,,,,,
Pakistan,,,,,,,,,,,,,
Germany,,,,,,,,,,,,,
Japan,,,,,,,,,,,,,
Germany,,,,,,,,,,,,,
USA,,,,,,,,,,,,,
China,,,,,,,,,,,,,
Korea,,,,,,,,,,,,,
Thailand,USA,,,,,,,,,,,,
Italy,,,,,,,,,,,,,
USA,,,,,,,,,,,,,
Cyprus,,,,,,,,,,,,,
Germany,,,,,,,,,,,,,
USA,,,,,,,,,,,,,
Russia,,,,,,,,,,,,,
Spain,,,,,,,,,,,,,
Korea,,,,,,,,,,,,,
New Zealand,,,,,,,,,,,,,
Brazil,,,,,,,,,,,,,
Japan,USA,,,,,,,,,,,,
China,,,,,,,,,,,,,
China,,,,,,,,,,,,,
China,,,,,,,,,,,,,
Austria,,,,,,,,,,,,,
USA,,,,,,,,,,,,,
China,,,,,,,,,,,,,
USA,,,,,,,,,,,,,
Thailand,,,,,,,,,,,,,
USA,,,,,,,,,,,,,
Switzerland,,,,,,,,,,,,,
New Zealand,,,,,,,,,,,,,
USA,,,,,,,,,,,,,
Czech Republic,,,,,,,,,,,,,
China,,,,,,,,,,,,,
China,,,,,,,,,,,,,
Italy,,,,,,,,,,,,,
Spain,,,,,,,,,,,,,
Japan,,,,,,,,,,,,,
Korea,,,,,,,,,,,,,
Malaysia,,,,,,,,,,,,,
Finland,,,,,,,,,,,,,
Italy,,,,,,,,,,,,,
Japan,,,,,,,,,,,,,
Germany,China,,,,,,,,,,,,
USA,,,,,,,,,,,,,
Singapore,China,,,,,,,,,,,,
Japan,,,,,,,,,,,,,
USA,,,,,,,,,,,,,
China,,,,,,,,,,,,,
Czech Republic,Slovakia,,,,,,,,,,,,
Canada,,,,,,,,,,,,,
China,,,,,,,,,,,,,
China,,,,,,,,,,,,,
Italy,Canada,,,,,,,,,,,,
USA,,,,,,,,,,,,,
Czech Republic,,,,,,,,,,,,,
USA,,,,,,,,,,,,,
USA,,,,,,,,,,,,,
Germany,,,,,,,,,,,,,
Mexico,Canada,,,,,,,,,,,,
USA,,,,,,,,,,,,,
China,,,,,,,,,,,,,
USA,,,,,,,,,,,,,
France,,,,,,,,,,,,,
Japan,,,,,,,,,,,,,
Israel,,,,,,,,,,,,,
USA,,,,,,,,,,,,,
Malaysia,,,,,,,,,,,,,
Taiwan,,,,,,,,,,,,,
USA,,,,,,,,,,,,,
Korea,,,,,,,,,,,,,
Spain,,,,,,,,,,,,,
Norway,,,,,,,,,,,,,
India,,,,,,,,,,,,,
Brazil,,,,,,,,,,,,,
Indonesia,,,,,,,,,,,,,
USA,,,,,,,,,,,,,
Spain,,,,,,,,,,,,,
Spain,,,,,,,,,,,,,
Denmark,Sweden,,,,,,,,,,,,
Italy,,,,,,,,,,,,,
Sudan,Malaysia,Australia,USA,,,,,,,,,,
China,,,,,,,,,,,,,
China,,,,,,,,,,,,,
China,,,,,,,,,,,,,
France,,,,,,,,,,,,,
Italy,USA,,,,,,,,,,,,
Malaysia,,,,,,,,,,,,,
China,,,,,,,,,,,,,
Poland,China,,,,,,,,,,,,
Germany,Hungary,,,,,,,,,,,,
Italy,Croatia,,,,,,,,,,,,
Japan,,,,,,,,,,,,,
USA,,,,,,,,,,,,,
Australia,,,,,,,,,,,,,
France,USA,Canada,,,,,,,,,,,
Canada,,,,,,,,,,,,,
Australia,Mozambique,,,,,,,,,,,,
Kenya,USA,,,,,,,,,,,,
Canada,,,,,,,,,,,,,
Finland,,,,,,,,,,,,,
Korea,Japan,,,,,,,,,,,,
USA,,,,,,,,,,,,,
Germany,,,,,,,,,,,,,
USA,,,,,,,,,,,,,
Brazil,,,,,,,,,,,,,
Slovenia,Kosovo,Macedonia,,,,,,,,,,,
Turkey,Canada,,,,,,,,,,,,
USA,,,,,,,,,,,,,
Japan,,,,,,,,,,,,,
USA,,,,,,,,,,,,,
USA,,,,,,,,,,,,,
Taiwan,,,,,,,,,,,,,
France,,,,,,,,,,,,,
Spain,,,,,,,,,,,,,
Mexico,,,,,,,,,,,,,
USA,,,,,,,,,,,,,
China,USA,,,,,,,,,,,,
China,,,,,,,,,,,,,
Algeria,France,,,,,,,,,,,,
China,,,,,,,,,,,,,
USA,,,,,,,,,,,,,
China,,,,,,,,,,,,,
Portugal,,,,,,,,,,,,,
Germany,Spain,,,,,,,,,,,,
UK,,,,,,,,,,,,,
China,,,,,,,,,,,,,
Poland,,,,,,,,,,,,,
Korea,,,,,,,,,,,,,
USA,,,,,,,,,,,,,
USA,,,,,,,,,,,,,
USA,,,,,,,,,,,,,
Denmark,,,,,,,,,,,,,
Korea,,,,,,,,,,,,,
USA,,,,,,,,,,,,,
Portugal,Spain,,,,,,,,,,,,
UK,,,,,,,,,,,,,
Canada,,,,,,,,,,,,,
China,,,,,,,,,,,,,
Switzerland,,,,,,,,,,,,,
China,,,,,,,,,,,,,
USA,,,,,,,,,,,,,
China,,,,,,,,,,,,,
USA,,,,,,,,,,,,,
Poland,,,,,,,,,,,,,
Spain,,,,,,,,,,,,,
Japan,,,,,,,,,,,,,
China,,,,,,,,,,,,,
China,,,,,,,,,,,,,
Greece,,,,,,,,,,,,,
USA,,,,,,,,,,,,,
Malaysia,,,,,,,,,,,,,
China,,,,,,,,,,,,,
Japan,,,,,,,,,,,,,
Korea,,,,,,,,,,,,,
China,,,,,,,,,,,,,
Japan,,,,,,,,,,,,,
Japan,,,,,,,,,,,,,
Japan,,,,,,,,,,,,,
China,,,,,,,,,,,,,
USA,Canada,,,,,,,,,,,,
Japan,,,,,,,,,,,,,
Japan,,,,,,,,,,,,,
Colombia,France,,,,,,,,,,,,
Japan,UK,,,,,,,,,,,,
USA,,,,,,,,,,,,,
South Africa,USA,,,,,,,,,,,,
China,,,,,,,,,,,,,
Italy,,,,,,,,,,,,,
Canada,,,,,,,,,,,,,
Taiwan,,,,,,,,,,,,,
Russia,,,,,,,,,,,,,
Malaysia,,,,,,,,,,,,,
Austria,,,,,,,,,,,,,
USA,,,,,,,,,,,,,
Lithuania,,,,,,,,,,,,,
USA,,,,,,,,,,,,,
USA,,,,,,,,,,,,,
USA,,,,,,,,,,,,,
Germany,,,,,,,,,,,,,
Switzerland,,,,,,,,,,,,,
Taiwan,,,,,,,,,,,,,
China,,,,,,,,,,,,,
Japan,,,,,,,,,,,,,
Poland,,,,,,,,,,,,,
USA,,,,,,,,,,,,,
Brazil,Spain,,,,,,,,,,,,
China,USA,,,,,,,,,,,,
Mexico,,,,,,,,,,,,,
UK,,,,,,,,,,,,,
USA,,,,,,,,,,,,,
China,,,,,,,,,,,,,
Germany,,,,,,,,,,,,,
China,,,,,,,,,,,,,
Canada,,,,,,,,,,,,,
China,USA,,,,,,,,,,,,
USA,,,,,,,,,,,,,
Mexico,,,,,,,,,,,,,
France,,,,,,,,,,,,,
Germany,Saudi Arabia,,,,,,,,,,,,
The Netherlands,Germany,China,,,,,,,,,,,
China,,,,,,,,,,,,,
Australia,Czech Republic,Slovakia,,,,,,,,,,,
USA,,,,,,,,,,,,,
Malaysia,,,,,,,,,,,,,
Spain,,,,,,,,,,,,,
Taiwan,,,,,,,,,,,,,
France,Israel,,,,,,,,,,,,
USA,,,,,,,,,,,,,
USA,,,,,,,,,,,,,
Japan,,,,,,,,,,,,,
Taiwan,,,,,,,,,,,,,
Taiwan,,,,,,,,,,,,,
Thailand,Japan,,,,,,,,,,,,
France,,,,,,,,,,,,,
USA,,,,,,,,,,,,,
Denmark,,,,,,,,,,,,,
Italy,,,,,,,,,,,,,
Mexico,,,,,,,,,,,,,
China,,,,,,,,,,,,,
Italy,,,,,,,,,,,,,
China,,,,,,,,,,,,,
Denmark,UK,,,,,,,,,,,,
Malaysia,,,,,,,,,,,,,
Korea,,,,,,,,,,,,,
USA,,,,,,,,,,,,,
Malaysia,,,,,,,,,,,,,
China,,,,,,,,,,,,,
USA,,,,,,,,,,,,,
Sweden,Brazil,,,,,,,,,,,,
UK,,,,,,,,,,,,,
Italy,,,,,,,,,,,,,
UK,,,,,,,,,,,,,
USA,,,,,,,,,,,,,
Greece,,,,,,,,,,,,,
Brazil,,,,,,,,,,,,,
Korea,USA,,,,,,,,,,,,
China,Japan,,,,,,,,,,,,
Canada,,,,,,,,,,,,,
Korea,,,,,,,,,,,,,
Mexico,,,,,,,,,,,,,
Japan,,,,,,,,,,,,,
India,,,,,,,,,,,,,
Austria,,,,,,,,,,,,,
USA,UK,,,,,,,,,,,,
Japan,,,,,,,,,,,,,
USA,,,,,,,,,,,,,
Malaysia,,,,,,,,,,,,,
China,USA,,,,,,,,,,,,
Korea,,,,,,,,,,,,,
China,,,,,,,,,,,,,
USA,,,,,,,,,,,,,
India,USA,,,,,,,,,,,,
China,,,,,,,,,,,,,
China,USA,,,,,,,,,,,,
China,,,,,,,,,,,,,
Taiwan,,,,,,,,,,,,,
Italy,,,,,,,,,,,,,
Portugal,,,,,,,,,,,,,
Sweden,,,,,,,,,,,,,
Uruguay,,,,,,,,,,,,,
Canada,,,,,,,,,,,,,
Germany,Spain,,,,,,,,,,,,
Australia,,,,,,,,,,,,,
China,,,,,,,,,,,,,
China,,,,,,,,,,,,,
UK,,,,,,,,,,,,,
Spain,Mexico,,,,,,,,,,,,
Taiwan,,,,,,,,,,,,,
Denmark,,,,,,,,,,,,,
Malaysia,,,,,,,,,,,,,
USA,,,,,,,,,,,,,
China,,,,,,,,,,,,,
USA,,,,,,,,,,,,,
Norway,,,,,,,,,,,,,
USA,,,,,,,,,,,,,
China,,,,,,,,,,,,,
Malaysia,,,,,,,,,,,,,
China,,,,,,,,,,,,,
South Africa,,,,,,,,,,,,,
USA,,,,,,,,,,,,,
China,,,,,,,,,,,,,
USA,,,,,,,,,,,,,
France,,,,,,,,,,,,,
Malaysia,,,,,,,,,,,,,
Burkina Faso,Austria,,,,,,,,,,,,
Taiwan,,,,,,,,,,,,,
USA,,,,,,,,,,,,,
USA,,,,,,,,,,,,,
Italy,,,,,,,,,,,,,
Germany,,,,,,,,,,,,,
Denmark,,,,,,,,,,,,,
Switzerland,,,,,,,,,,,,,
Japan,,,,,,,,,,,,,
China,,,,,,,,,,,,,
China,,,,,,,,,,,,,
India,UK,,,,,,,,,,,,
Korea,,,,,,,,,,,,,
China,,,,,,,,,,,,,
Iran,,,,,,,,,,,,,
Germany,USA,,,,,,,,,,,,
Canada,,,,,,,,,,,,,
France,,,,,,,,,,,,,
Iran,,,,,,,,,,,,,
The Netherlands,UK,,,,,,,,,,,,
China,,,,,,,,,,,,,
USA,,,,,,,,,,,,,
Japan,,,,,,,,,,,,,
Japan,,,,,,,,,,,,,
Taiwan,,,,,,,,,,,,,
Belgium,France,,,,,,,,,,,,
Brazil,,,,,,,,,,,,,
Korea,,,,,,,,,,,,,
Brazil,,,,,,,,,,,,,
Japan,,,,,,,,,,,,,
Korea,,,,,,,,,,,,,
Canada,,,,,,,,,,,,,
USA,,,,,,,,,,,,,
UK,,,,,,,,,,,,,
China,,,,,,,,,,,,,
Belgium,Switzerland,,,,,,,,,,,,
USA,,,,,,,,,,,,,
The Netherlands,Switzerland,,,,,,,,,,,,
France,Switzerland,,,,,,,,,,,,
Japan,,,,,,,,,,,,,
Brazil,,,,,,,,,,,,,
France,,,,,,,,,,,,,
Germany,,,,,,,,,,,,,
Spain,USA,,,,,,,,,,,,
Spain,,,,,,,,,,,,,
Brazil,,,,,,,,,,,,,
USA,,,,,,,,,,,,,
Argentina,,,,,,,,,,,,,
Taiwan,,,,,,,,,,,,,
China,,,,,,,,,,,,,
France,,,,,,,,,,,,,
Spain,,,,,,,,,,,,,
Turkey,,,,,,,,,,,,,
UK,,,,,,,,,,,,,
China,,,,,,,,,,,,,
Germany,Jordan,,,,,,,,,,,,
Austria,,,,,,,,,,,,,
Sweden,,,,,,,,,,,,,
Brazil,,,,,,,,,,,,,
China,,,,,,,,,,,,,
China,,,,,,,,,,,,,
China,,,,,,,,,,,,,
Denmark,,,,,,,,,,,,,
Australia,,,,,,,,,,,,,
Germany,Romania,,,,,,,,,,,,
UK,,,,,,,,,,,,,
Canada,USA,,,,,,,,,,,,
Costa Rica,USA,Canada,,,,,,,,,,,
China,,,,,,,,,,,,,
Finland,,,,,,,,,,,,,
Canada,,,,,,,,,,,,,
Israel,,,,,,,,,,,,,
UK,,,,,,,,,,,,,
Portugal,Latvia,France,USA,,,,,,,,,,
Japan,,,,,,,,,,,,,
Russia,,,,,,,,,,,,,
South Africa,,,,,,,,,,,,,
China,,,,,,,,,,,,,
The Netherlands,Serbia,,,,,,,,,,,,
Japan,,,,,,,,,,,,,
Switzerland,,,,,,,,,,,,,
China,,,,,,,,,,,,,
USA,,,,,,,,,,,,,
Canada,,,,,,,,,,,,,
Finland,USA,,,,,,,,,,,,
The Netherlands,,,,,,,,,,,,,
Indonesia,Japan,,,,,,,,,,,,
UK,,,,,,,,,,,,,
Spain,UK,,,,,,,,,,,,
USA,,,,,,,,,,,,,
Italy,,,,,,,,,,,,,
India,,,,,,,,,,,,,
China,,,,,,,,,,,,,
USA,,,,,,,,,,,,,
Malaysia,,,,,,,,,,,,,
Saudi Arabia,,,,,,,,,,,,,
China,,,,,,,,,,,,,
China,,,,,,,,,,,,,
USA,,,,,,,,,,,,,
Germany,Spain,,,,,,,,,,,,
India,,,,,,,,,,,,,
USA,,,,,,,,,,,,,
USA,,,,,,,,,,,,,
Japan,,,,,,,,,,,,,
South Africa,Nigeria,,,,,,,,,,,,
Sweden,,,,,,,,,,,,,
USA,,,,,,,,,,,,,
Korea,,,,,,,,,,,,,
USA,,,,,,,,,,,,,
France,,,,,,,,,,,,,
Germany,,,,,,,,,,,,,
Korea,,,,,,,,,,,,,
India,,,,,,,,,,,,,
Russia,USA,,,,,,,,,,,,
South Africa,,,,,,,,,,,,,
China,,,,,,,,,,,,,
China,,,,,,,,,,,,,
Germany,Romania,,,,,,,,,,,,
Korea,,,,,,,,,,,,,
USA,,,,,,,,,,,,,
Portugal,,,,,,,,,,,,,
Germany,,,,,,,,,,,,,
Germany,,,,,,,,,,,,,
Denmark,Germany,,,,,,,,,,,,
China,,,,,,,,,,,,,
Malaysia,,,,,,,,,,,,,
Czech Republic,,,,,,,,,,,,,
Italy,,,,,,,,,,,,,
India,,,,,,,,,,,,,
China,,,,,,,,,,,,,
China,,,,,,,,,,,,,
Korea,,,,,,,,,,,,,
USA,,,,,,,,,,,,,
Italy,,,,,,,,,,,,,
China,,,,,,,,,,,,,
USA,,,,,,,,,,,,,
China,,,,,,,,,,,,,
Germany,,,,,,,,,,,,,
Spain,USA,,,,,,,,,,,,
Italy,,,,,,,,,,,,,
China,,,,,,,,,,,,,
Korea,,,,,,,,,,,,,
Denmark,Czech Republic,Germany,The Netherlands,,,,,,,,,,
Chile,,,,,,,,,,,,,
Brazil,,,,,,,,,,,,,
Iran,,,,,,,,,,,,,
USA,,,,,,,,,,,,,
Spain,USA,,,,,,,,,,,,
France,USA,,,,,,,,,,,,
South Africa,,,,,,,,,,,,,
France,,,,,,,,,,,,,
Australia,,,,,,,,,,,,,
Korea,,,,,,,,,,,,,
Korea,,,,,,,,,,,,,
USA,,,,,,,,,,,,,
Germany,,,,,,,,,,,,,
UK,,,,,,,,,,,,,
USA,,,,,,,,,,,,,
China,Canada,,,,,,,,,,,,
Brazil,,,,,,,,,,,,,
Norway,,,,,,,,,,,,,
China,,,,,,,,,,,,,
USA,,,,,,,,,,,,,
USA,,,,,,,,,,,,,
Cyprus,,,,,,,,,,,,,
Colombia,Spain,,,,,,,,,,,,
USA,,,,,,,,,,,,,
Malaysia,,,,,,,,,,,,,
China,USA,,,,,,,,,,,,
Canada,,,,,,,,,,,,,
Brazil,USA,,,,,,,,,,,,
Italy,,,,,,,,,,,,,
Italy,,,,,,,,,,,,,
South Africa,,,,,,,,,,,,,
USA,,,,,,,,,,,,,
USA,,,,,,,,,,,,,
China,,,,,,,,,,,,,
Korea,,,,,,,,,,,,,
Canada,,,,,,,,,,,,,
China,,,,,,,,,,,,,
China,,,,,,,,,,,,,
UK,,,,,,,,,,,,,
USA,,,,,,,,,,,,,
China,,,,,,,,,,,,,
Australia,,,,,,,,,,,,,
Portugal,,,,,,,,,,,,,
UK,,,,,,,,,,,,,
Australia,,,,,,,,,,,,,
Switzerland,,,,,,,,,,,,,
Brazil,,,,,,,,,,,,,
Korea,,,,,,,,,,,,,
Italy,,,,,,,,,,,,,
Turkey,,,,,,,,,,,,,
USA,,,,,,,,,,,,,
China,,,,,,,,,,,,,
Canada,USA,,,,,,,,,,,,
USA,,,,,,,,,,,,,
United Arab Emirates,,,,,,,,,,,,,
USA,,,,,,,,,,,,,
Canada,,,,,,,,,,,,,
Taiwan,,,,,,,,,,,,,
Portugal,,,,,,,,,,,,,
Portugal,Spain,,,,,,,,,,,,
Korea,,,,,,,,,,,,,
Korea,,,,,,,,,,,,,
Spain,,,,,,,,,,,,,
Japan,,,,,,,,,,,,,
Spain,,,,,,,,,,,,,
Spain,,,,,,,,,,,,,
Taiwan,,,,,,,,,,,,,
Taiwan,,,,,,,,,,,,,
USA,,,,,,,,,,,,,
UK,,,,,,,,,,,,,
Japan,,,,,,,,,,,,,
Korea,,,,,,,,,,,,,
Australia,,,,,,,,,,,,,
USA,,,,,,,,,,,,,
Brazil,,,,,,,,,,,,,
China,USA,,,,,,,,,,,,
Spain,,,,,,,,,,,,,
Brazil,,,,,,,,,,,,,
Germany,,,,,,,,,,,,,
Italy,,,,,,,,,,,,,
Canada,,,,,,,,,,,,,
Taiwan,,,,,,,,,,,,,
France,,,,,,,,,,,,,
China,,,,,,,,,,,,,
Portugal,Spain,,,,,,,,,,,,
Spain,,,,,,,,,,,,,
Italy,,,,,,,,,,,,,
The Netherlands,Germany,,,,,,,,,,,,
Japan,,,,,,,,,,,,,
Korea,,,,,,,,,,,,,
Norway,Finland,,,,,,,,,,,,
Uruguay,,,,,,,,,,,,,
USA,,,,,,,,,,,,,
UK,,,,,,,,,,,,,
Austria,,,,,,,,,,,,,
Germany,,,,,,,,,,,,,
France,,,,,,,,,,,,,
Germany,,,,,,,,,,,,,
USA,,,,,,,,,,,,,
Canada,,,,,,,,,,,,,
China,,,,,,,,,,,,,
Italy,,,,,,,,,,,,,
Mexico,,,,,,,,,,,,,
Korea,,,,,,,,,,,,,
Canada,USA,,,,,,,,,,,,
UK,Belgium,Switzerland,USA,,,,,,,,,,
Jordan,USA,,,,,,,,,,,,
Taiwan,,,,,,,,,,,,,
USA,,,,,,,,,,,,,
Malaysia,,,,,,,,,,,,,
Luxembourg,Germany,,,,,,,,,,,,
China,Japan,,,,,,,,,,,,
Malaysia,,,,,,,,,,,,,
Saudi Arabia,,,,,,,,,,,,,
Italy,,,,,,,,,,,,,
Japan,,,,,,,,,,,,,
The Netherlands,Hungary,,,,,,,,,,,,
Malaysia,,,,,,,,,,,,,
Korea,,,,,,,,,,,,,
Italy,,,,,,,,,,,,,
South Africa,,,,,,,,,,,,,
Taiwan,,,,,,,,,,,,,
USA,,,,,,,,,,,,,
Saudi Arabia,,,,,,,,,,,,,
USA,,,,,,,,,,,,,
Taiwan,,,,,,,,,,,,,
Italy,,,,,,,,,,,,,
Spain,,,,,,,,,,,,,
New Zealand,,,,,,,,,,,,,
China,,,,,,,,,,,,,
China,,,,,,,,,,,,,
India,,,,,,,,,,,,,
Brazil,,,,,,,,,,,,,
Mexico,,,,,,,,,,,,,
China,,,,,,,,,,,,,
China,,,,,,,,,,,,,
Japan,,,,,,,,,,,,,
Cyprus,Greece,,,,,,,,,,,,
China,,,,,,,,,,,,,
Brazil,,,,,,,,,,,,,
China,,,,,,,,,,,,,
Belgium,,,,,,,,,,,,,
France,USA,,,,,,,,,,,,
Germany,,,,,,,,,,,,,
USA,,,,,,,,,,,,,
South Africa,,,,,,,,,,,,,
USA,,,,,,,,,,,,,
France,,,,,,,,,,,,,
USA,,,,,,,,,,,,,
China,,,,,,,,,,,,,
France,,,,,,,,,,,,,
Brazil,Japan,,,,,,,,,,,,
USA,,,,,,,,,,,,,
USA,,,,,,,,,,,,,
Greece,,,,,,,,,,,,,
China,,,,,,,,,,,,,
The Netherlands,UK,,,,,,,,,,,,
South Africa,,,,,,,,,,,,,
South Africa,,,,,,,,,,,,,
South Africa,,,,,,,,,,,,,
China,,,,,,,,,,,,,
USA,,,,,,,,,,,,,
Saudi Arabia,,,,,,,,,,,,,
Croatia,,,,,,,,,,,,,
Canada,,,,,,,,,,,,,
USA,,,,,,,,,,,,,
India,,,,,,,,,,,,,
Canada,,,,,,,,,,,,,
Korea,,,,,,,,,,,,,
Australia,,,,,,,,,,,,,
Japan,,,,,,,,,,,,,
Mexico,,,,,,,,,,,,,
USA,,,,,,,,,,,,,
Finland,,,,,,,,,,,,,
Japan,,,,,,,,,,,,,
USA,,,,,,,,,,,,,
Italy,,,,,,,,,,,,,
USA,,,,,,,,,,,,,
Germany,,,,,,,,,,,,,
Japan,,,,,,,,,,,,,
Australia,,,,,,,,,,,,,
USA,,,,,,,,,,,,,
France,,,,,,,,,,,,,
Korea,,,,,,,,,,,,,
India,Italy,,,,,,,,,,,,
Croatia,,,,,,,,,,,,,
Spain,,,,,,,,,,,,,
Thailand,,,,,,,,,,,,,
Korea,,,,,,,,,,,,,
China,,,,,,,,,,,,,
Australia,,,,,,,,,,,,,
China,,,,,,,,,,,,,
USA,,,,,,,,,,,,,
Spain,,,,,,,,,,,,,
USA,,,,,,,,,,,,,
France,Canada,USA,,,,,,,,,,,
UK,,,,,,,,,,,,,
Russia,USA,,,,,,,,,,,,
Norway,USA,,,,,,,,,,,,
Sweden,,,,,,,,,,,,,
Japan,,,,,,,,,,,,,
France,,,,,,,,,,,,,
France,,,,,,,,,,,,,
Canada,,,,,,,,,,,,,
USA,,,,,,,,,,,,,
China,,,,,,,,,,,,,
China,,,,,,,,,,,,,
Korea,Japan,,,,,,,,,,,,
Spain,,,,,,,,,,,,,
Romania,,,,,,,,,,,,,
Spain,,,,,,,,,,,,,
Malaysia,,,,,,,,,,,,,
China,,,,,,,,,,,,,
Taiwan,,,,,,,,,,,,,
Malaysia,,,,,,,,,,,,,
Croatia,,,,,,,,,,,,,
Malaysia,,,,,,,,,,,,,
Serbia,,,,,,,,,,,,,
Germany,,,,,,,,,,,,,
USA,,,,,,,,,,,,,
Germany,,,,,,,,,,,,,
Mexico,,,,,,,,,,,,,
Malaysia,,,,,,,,,,,,,
Spain,,,,,,,,,,,,,
Malaysia,Iran,,,,,,,,,,,,
UK,,,,,,,,,,,,,
The Netherlands,,,,,,,,,,,,,
China,,,,,,,,,,,,,
Finland,,,,,,,,,,,,,
UK,,,,,,,,,,,,,
France,,,,,,,,,,,,,
USA,,,,,,,,,,,,,
USA,,,,,,,,,,,,,
USA,,,,,,,,,,,,,
France,,,,,,,,,,,,,
China,,,,,,,,,,,,,
Brazil,,,,,,,,,,,,,
Canada,,,,,,,,,,,,,
Switzerland,,,,,,,,,,,,,
USA,,,,,,,,,,,,,
Mexico,,,,,,,,,,,,,
Saudi Arabia,,,,,,,,,,,,,
Spain,,,,,,,,,,,,,
The Netherlands,,,,,,,,,,,,,
Italy,,,,,,,,,,,,,
Mexico,,,,,,,,,,,,,
Italy,,,,,,,,,,,,,
USA,,,,,,,,,,,,,
USA,,,,,,,,,,,,,
Germany,,,,,,,,,,,,,
India,,,,,,,,,,,,,
India,,,,,,,,,,,,,
India,,,,,,,,,,,,,
China,,,,,,,,,,,,,
Germany,China,,,,,,,,,,,,
Taiwan,,,,,,,,,,,,,
China,,,,,,,,,,,,,
Taiwan,,,,,,,,,,,,,
Belgium,,,,,,,,,,,,,
China,,,,,,,,,,,,,
China,,,,,,,,,,,,,
Korea,,,,,,,,,,,,,
Germany,Belgium,,,,,,,,,,,,
China,,,,,,,,,,,,,
Japan,,,,,,,,,,,,,
China,,,,,,,,,,,,,
Poland,,,,,,,,,,,,,
Austria,,,,,,,,,,,,,
China,,,,,,,,,,,,,
China,USA,,,,,,,,,,,,
Japan,,,,,,,,,,,,,
UK,,,,,,,,,,,,,
China,,,,,,,,,,,,,
USA,,,,,,,,,,,,,
China,,,,,,,,,,,,,
China,,,,,,,,,,,,,
Taiwan,,,,,,,,,,,,,
Belgium,,,,,,,,,,,,,
China,,,,,,,,,,,,,
Australia,,,,,,,,,,,,,
USA,,,,,,,,,,,,,
USA,,,,,,,,,,,,,
USA,,,,,,,,,,,,,
Italy,,,,,,,,,,,,,
USA,,,,,,,,,,,,,
France,,,,,,,,,,,,,
Spain,,,,,,,,,,,,,
Italy,,,,,,,,,,,,,
China,,,,,,,,,,,,,
Norway,,,,,,,,,,,,,
Brazil,Italy,,,,,,,,,,,,
UK,Canada,USA,,,,,,,,,,,
USA,Canada,,,,,,,,,,,,
France,Hungary,UK,,,,,,,,,,,
USA,,,,,,,,,,,,,
Korea,,,,,,,,,,,,,
Japan,,,,,,,,,,,,,
China,,,,,,,,,,,,,
USA,,,,,,,,,,,,,
Malaysia,,,,,,,,,,,,,
China,,,,,,,,,,,,,
Japan,,,,,,,,,,,,,
Thailand,,,,,,,,,,,,,
Egypt,Kuwait,,,,,,,,,,,,
Australia,,,,,,,,,,,,,
USA,,,,,,,,,,,,,
Japan,,,,,,,,,,,,,
China,,,,,,,,,,,,,
Saudi Arabia,,,,,,,,,,,,,
Germany,,,,,,,,,,,,,
Italy,,,,,,,,,,,,,
Japan,,,,,,,,,,,,,
Korea,USA,,,,,,,,,,,,
Algeria,France,,,,,,,,,,,,
Uzbekistan,Germany,,,,,,,,,,,,
Japan,,,,,,,,,,,,,
Korea,Italy,,,,,,,,,,,,
China,,,,,,,,,,,,,
Germany,,,,,,,,,,,,,
Turkey,Italy,Greece,,,,,,,,,,,
Mexico,,,,,,,,,,,,,
UK,,,,,,,,,,,,,
Australia,,,,,,,,,,,,,
Australia,,,,,,,,,,,,,
Australia,,,,,,,,,,,,,
Thailand,,,,,,,,,,,,,
Poland,,,,,,,,,,,,,
Saudi Arabia,,,,,,,,,,,,,
Finland,,,,,,,,,,,,,
Chile,,,,,,,,,,,,,
Portugal,Belgium,,,,,,,,,,,,
Japan,,,,,,,,,,,,,
Korea,Saudi Arabia,,,,,,,,,,,,
Korea,,,,,,,,,,,,,
USA,,,,,,,,,,,,,
Czech Republic,,,,,,,,,,,,,
Japan,,,,,,,,,,,,,
Finland,,,,,,,,,,,,,
India,,,,,,,,,,,,,
China,,,,,,,,,,,,,
China,,,,,,,,,,,,,
France,,,,,,,,,,,,,
Korea,,,,,,,,,,,,,
Malaysia,,,,,,,,,,,,,
Australia,,,,,,,,,,,,,
Australia,,,,,,,,,,,,,
Australia,,,,,,,,,,,,,
Australia,,,,,,,,,,,,,
Korea,,,,,,,,,,,,,
Canada,,,,,,,,,,,,,
Brazil,,,,,,,,,,,,,
USA,,,,,,,,,,,,,
USA,,,,,,,,,,,,,
USA,,,,,,,,,,,,,
Italy,,,,,,,,,,,,,
Saudi Arabia,,,,,,,,,,,,,
Taiwan,,,,,,,,,,,,,
Sweden,Spain,,,,,,,,,,,,
France,,,,,,,,,,,,,
China,,,,,,,,,,,,,
USA,,,,,,,,,,,,,
USA,,,,,,,,,,,,,
Poland,,,,,,,,,,,,,
India,USA,,,,,,,,,,,,
USA,,,,,,,,,,,,,
USA,,,,,,,,,,,,,
Hungary,,,,,,,,,,,,,
Finland,,,,,,,,,,,,,
Venezuela,,,,,,,,,,,,,
Taiwan,,,,,,,,,,,,,
China,,,,,,,,,,,,,
Thailand,,,,,,,,,,,,,
Spain,,,,,,,,,,,,,
Algeria,,,,,,,,,,,,,
Turkey,Slovenia,,,,,,,,,,,,
South Africa,USA,,,,,,,,,,,,
USA,,,,,,,,,,,,,
Japan,USA,,,,,,,,,,,,
USA,,,,,,,,,,,,,
Norway,,,,,,,,,,,,,
Turkey,,,,,,,,,,,,,
USA,,,,,,,,,,,,,
Denmark,USA,,,,,,,,,,,,
Ivory Coast,Switzerland,,,,,,,,,,,,
USA,,,,,,,,,,,,,
Italy,,,,,,,,,,,,,
Korea,,,,,,,,,,,,,
Japan,,,,,,,,,,,,,
New Zealand,China,,,,,,,,,,,,
USA,,,,,,,,,,,,,
UK,,,,,,,,,,,,,
Switzerland,,,,,,,,,,,,,
Portugal,,,,,,,,,,,,,
France,,,,,,,,,,,,,
UK,,,,,,,,,,,,,
Austria,,,,,,,,,,,,,
USA,,,,,,,,,,,,,
The Netherlands,,,,,,,,,,,,,
USA,,,,,,,,,,,,,
China,Singapore,,,,,,,,,,,,
USA,,,,,,,,,,,,,
USA,,,,,,,,,,,,,
Italy,,,,,,,,,,,,,
Japan,,,,,,,,,,,,,
Italy,Croatia,,,,,,,,,,,,
Italy,,,,,,,,,,,,,
China,,,,,,,,,,,,,
China,,,,,,,,,,,,,
China,,,,,,,,,,,,,
USA,,,,,,,,,,,,,
Japan,,,,,,,,,,,,,
USA,,,,,,,,,,,,,
Sweden,,,,,,,,,,,,,
Italy,,,,,,,,,,,,,
China,,,,,,,,,,,,,
Austria,,,,,,,,,,,,,
Korea,,,,,,,,,,,,,
Germany,,,,,,,,,,,,,
Slovenia,,,,,,,,,,,,,
Korea,USA,,,,,,,,,,,,
Germany,,,,,,,,,,,,,
Malawi,USA,,,,,,,,,,,,
Turkey,,,,,,,,,,,,,
Egypt,Japan,,,,,,,,,,,,
Japan,,,,,,,,,,,,,
China,,,,,,,,,,,,,
South Africa,,,,,,,,,,,,,
Japan,,,,,,,,,,,,,
Israel,,,,,,,,,,,,,
China,,,,,,,,,,,,,
Germany,,,,,,,,,,,,,
Korea,,,,,,,,,,,,,
Sweden,,,,,,,,,,,,,
Czech Republic,,,,,,,,,,,,,
Switzerland,,,,,,,,,,,,,
Sweden,,,,,,,,,,,,,
Ireland,,,,,,,,,,,,,
USA,,,,,,,,,,,,,
Slovenia,,,,,,,,,,,,,
USA,,,,,,,,,,,,,
The Netherlands,,,,,,,,,,,,,
Egypt,Saudi Arabia,,,,,,,,,,,,
Malaysia,,,,,,,,,,,,,
Canada,,,,,,,,,,,,,
China,USA,,,,,,,,,,,,
Malaysia,,,,,,,,,,,,,
Poland,Germany,Lithuania,,,,,,,,,,,
China,,,,,,,,,,,,,
Germany,Italy,,,,,,,,,,,,
Spain,Hungary,,,,,,,,,,,,
Serbia,,,,,,,,,,,,,
Turkey,,,,,,,,,,,,,
China,,,,,,,,,,,,,
Germany,,,,,,,,,,,,,
Sweden,,,,,,,,,,,,,
USA,,,,,,,,,,,,,
Slovenia,,,,,,,,,,,,,
Brazil,,,,,,,,,,,,,
Italy,USA,,,,,,,,,,,,
Greece,,,,,,,,,,,,,
Mexico,,,,,,,,,,,,,
Thailand,,,,,,,,,,,,,
Serbia,,,,,,,,,,,,,
China,,,,,,,,,,,,,
France,,,,,,,,,,,,,
China,,,,,,,,,,,,,
China,UK,,,,,,,,,,,,
UK,,,,,,,,,,,,,
USA,,,,,,,,,,,,,
The Netherlands,Belgium,,,,,,,,,,,,
Italy,,,,,,,,,,,,,
Sweden,,,,,,,,,,,,,
USA,,,,,,,,,,,,,
Canada,,,,,,,,,,,,,
Cameroon,France,,,,,,,,,,,,
Japan,,,,,,,,,,,,,
Colombia,Chile,,,,,,,,,,,,
Brazil,,,,,,,,,,,,,
China,,,,,,,,,,,,,
The Netherlands,,,,,,,,,,,,,
Austria,,,,,,,,,,,,,
Australia,Austria,,,,,,,,,,,,
Portugal,Germany,,,,,,,,,,,,
USA,,,,,,,,,,,,,
Ukraine,USA,,,,,,,,,,,,
Norway,,,,,,,,,,,,,
USA,,,,,,,,,,,,,
Italy,,,,,,,,,,,,,
Taiwan,,,,,,,,,,,,,
Iran,,,,,,,,,,,,,
China,,,,,,,,,,,,,
Mexico,,,,,,,,,,,,,
Sweden,,,,,,,,,,,,,
Malaysia,India,,,,,,,,,,,,
Canada,,,,,,,,,,,,,
USA,,,,,,,,,,,,,
Germany,,,,,,,,,,,,,
Canada,USA,,,,,,,,,,,,
Italy,,,,,,,,,,,,,
Germany,Portugal,,,,,,,,,,,,
Italy,USA,,,,,,,,,,,,
Italy,Israel,,,,,,,,,,,,
Germany,USA,,,,,,,,,,,,
China,,,,,,,,,,,,,
Czech Republic,USA,,,,,,,,,,,,
Brazil,,,,,,,,,,,,,
Austria,Croatia,,,,,,,,,,,,
Brazil,,,,,,,,,,,,,
Russia,Switzerland,,,,,,,,,,,,
Sweden,,,,,,,,,,,,,
Serbia,,,,,,,,,,,,,
Italy,,,,,,,,,,,,,
Singapore,,,,,,,,,,,,,
Korea,,,,,,,,,,,,,
Germany,,,,,,,,,,,,,
Argentina,Italy,Greece,,,,,,,,,,,
USA,,,,,,,,,,,,,
USA,,,,,,,,,,,,,
Japan,,,,,,,,,,,,,
Austria,USA,,,,,,,,,,,,
Belgium,,,,,,,,,,,,,
USA,,,,,,,,,,,,,
Taiwan,,,,,,,,,,,,,
Denmark,,,,,,,,,,,,,
USA,,,,,,,,,,,,,
Turkey,,,,,,,,,,,,,
Spain,,,,,,,,,,,,,
USA,,,,,,,,,,,,,
USA,,,,,,,,,,,,,
The Netherlands,,,,,,,,,,,,,
Czech Republic,,,,,,,,,,,,,
Japan,,,,,,,,,,,,,
The Netherlands,Germany,Belgium,,,,,,,,,,,
Japan,,,,,,,,,,,,,
China,,,,,,,,,,,,,
France,,,,,,,,,,,,,
Poland,,,,,,,,,,,,,
Serbia,,,,,,,,,,,,,
USA,,,,,,,,,,,,,
Japan,,,,,,,,,,,,,
France,,,,,,,,,,,,,
Germany,,,,,,,,,,,,,
USA,,,,,,,,,,,,,
Italy,USA,,,,,,,,,,,,
Australia,,,,,,,,,,,,,
USA,,,,,,,,,,,,,
Korea,,,,,,,,,,,,,
USA,,,,,,,,,,,,,
USA,,,,,,,,,,,,,
USA,,,,,,,,,,,,,
USA,,,,,,,,,,,,,
Canada,,,,,,,,,,,,,
China,,,,,,,,,,,,,
The Netherlands,Brazil,,,,,,,,,,,,
USA,,,,,,,,,,,,,
Switzerland,,,,,,,,,,,,,
France,,,,,,,,,,,,,
India,,,,,,,,,,,,,
Uzbekistan,,,,,,,,,,,,,
USA,,,,,,,,,,,,,
France,Romania,,,,,,,,,,,,
India,Nigeria,,,,,,,,,,,,
Germany,UK,,,,,,,,,,,,
USA,,,,,,,,,,,,,
Canada,,,,,,,,,,,,,
USA,,,,,,,,,,,,,
Thailand,USA,,,,,,,,,,,,
USA,,,,,,,,,,,,,
USA,,,,,,,,,,,,,
China,,,,,,,,,,,,,
Finland,Turkey,,,,,,,,,,,,
China,,,,,,,,,,,,,
China,,,,,,,,,,,,,
Brazil,,,,,,,,,,,,,
Egypt,Saudi Arabia,,,,,,,,,,,,
Canada,,,,,,,,,,,,,
Sweden,,,,,,,,,,,,,
Canada,,,,,,,,,,,,,
USA,,,,,,,,,,,,,
USA,,,,,,,,,,,,,
France,,,,,,,,,,,,,
Sweden,France,Turkey,Norway,,,,,,,,,,
USA,,,,,,,,,,,,,
Thailand,,,,,,,,,,,,,
UK,,,,,,,,,,,,,
USA,,,,,,,,,,,,,
Spain,France,,,,,,,,,,,,
USA,,,,,,,,,,,,,
Canada,,,,,,,,,,,,,
USA,,,,,,,,,,,,,
Sweden,USA,,,,,,,,,,,,
China,USA,,,,,,,,,,,,
USA,,,,,,,,,,,,,
Dominican Republic,Spain,,,,,,,,,,,,
Greece,,,,,,,,,,,,,
Japan,,,,,,,,,,,,,
USA,,,,,,,,,,,,,
Taiwan,,,,,,,,,,,,,
Taiwan,,,,,,,,,,,,,
South Africa,,,,,,,,,,,,,
Denmark,Benin,USA,,,,,,,,,,,
USA,,,,,,,,,,,,,
Korea,,,,,,,,,,,,,
Japan,,,,,,,,,,,,,
Germany,,,,,,,,,,,,,
Australia,,,,,,,,,,,,,
Australia,,,,,,,,,,,,,
The Netherlands,,,,,,,,,,,,,
Romania,,,,,,,,,,,,,
USA,,,,,,,,,,,,,
India,,,,,,,,,,,,,
Brazil,,,,,,,,,,,,,
Sweden,,,,,,,,,,,,,
Canada,,,,,,,,,,,,,
USA,,,,,,,,,,,,,
Germany,,,,,,,,,,,,,
USA,,,,,,,,,,,,,
USA,,,,,,,,,,,,,
USA,,,,,,,,,,,,,
Switzerland,,,,,,,,,,,,,
Malaysia,,,,,,,,,,,,,
Germany,,,,,,,,,,,,,
USA,,,,,,,,,,,,,
USA,,,,,,,,,,,,,
Greece,,,,,,,,,,,,,
Spain,,,,,,,,,,,,,
China,USA,,,,,,,,,,,,
Italy,USA,,,,,,,,,,,,
USA,,,,,,,,,,,,,
France,,,,,,,,,,,,,
USA,,,,,,,,,,,,,
Italy,,,,,,,,,,,,,
Thailand,,,,,,,,,,,,,
Mexico,,,,,,,,,,,,,
Switzerland,,,,,,,,,,,,,
China,,,,,,,,,,,,,
Burundi,China,,,,,,,,,,,,
USA,,,,,,,,,,,,,
USA,Canada,,,,,,,,,,,,
China,,,,,,,,,,,,,
China,,,,,,,,,,,,,
Poland,,,,,,,,,,,,,
Italy,,,,,,,,,,,,,
China,,,,,,,,,,,,,
Australia,,,,,,,,,,,,,
Canada,,,,,,,,,,,,,
Italy,,,,,,,,,,,,,
India,,,,,,,,,,,,,
Sweden,,,,,,,,,,,,,
Japan,,,,,,,,,,,,,
Japan,,,,,,,,,,,,,
Germany,,,,,,,,,,,,,
Austria,,,,,,,,,,,,,
Brazil,,,,,,,,,,,,,
USA,,,,,,,,,,,,,
USA,,,,,,,,,,,,,
Germany,,,,,,,,,,,,,
USA,,,,,,,,,,,,,
Germany,,,,,,,,,,,,,
UK,,,,,,,,,,,,,
Japan,,,,,,,,,,,,,
Finland,,,,,,,,,,,,,
China,,,,,,,,,,,,,
France,,,,,,,,,,,,,
Germany,,,,,,,,,,,,,
Germany,,,,,,,,,,,,,
USA,,,,,,,,,,,,,
USA,,,,,,,,,,,,,
Russia,,,,,,,,,,,,,
Italy,,,,,,,,,,,,,
Israel,,,,,,,,,,,,,
China,,,,,,,,,,,,,
Italy,,,,,,,,,,,,,
Taiwan,,,,,,,,,,,,,
Spain,,,,,,,,,,,,,
UK,,,,,,,,,,,,,
Germany,USA,,,,,,,,,,,,
Mexico,,,,,,,,,,,,,
The Netherlands,,,,,,,,,,,,,
USA,,,,,,,,,,,,,
Taiwan,,,,,,,,,,,,,
Germany,,,,,,,,,,,,,
Japan,,,,,,,,,,,,,
Canada,,,,,,,,,,,,,
The Netherlands,France,,,,,,,,,,,,
Japan,,,,,,,,,,,,,
Brazil,,,,,,,,,,,,,
Denmark,Sweden,,,,,,,,,,,,
Spain,,,,,,,,,,,,,
Germany,,,,,,,,,,,,,
France,,,,,,,,,,,,,
Israel,,,,,,,,,,,,,
The Netherlands,Germany,Belgium,,,,,,,,,,,
Croatia,,,,,,,,,,,,,
Italy,,,,,,,,,,,,,
Germany,USA,,,,,,,,,,,,
Finland,,,,,,,,,,,,,
Italy,USA,,,,,,,,,,,,
Italy,,,,,,,,,,,,,
Cyprus,UK,,,,,,,,,,,,
South Africa,UK,,,,,,,,,,,,
Mexico,,,,,,,,,,,,,
Italy,,,,,,,,,,,,,
Germany,,,,,,,,,,,,,
Japan,,,,,,,,,,,,,
The Netherlands,,,,,,,,,,,,,
UK,USA,,,,,,,,,,,,
Japan,,,,,,,,,,,,,
Portugal,,,,,,,,,,,,,
Denmark,,,,,,,,,,,,,
Japan,,,,,,,,,,,,,
Japan,,,,,,,,,,,,,
Spain,,,,,,,,,,,,,
Venezuela,,,,,,,,,,,,,
USA,,,,,,,,,,,,,
USA,,,,,,,,,,,,,
UK,,,,,,,,,,,,,
Japan,,,,,,,,,,,,,
USA,,,,,,,,,,,,,
France,,,,,,,,,,,,,
France,,,,,,,,,,,,,
Canada,,,,,,,,,,,,,
Brazil,,,,,,,,,,,,,
Taiwan,,,,,,,,,,,,,
Japan,,,,,,,,,,,,,
USA,,,,,,,,,,,,,
USA,,,,,,,,,,,,,
Spain,,,,,,,,,,,,,
Saudi Arabia,,,,,,,,,,,,,
China,,,,,,,,,,,,,
USA,,,,,,,,,,,,,
Sweden,Estonia,France,Lithuania,Austria,Italy,USA,UK,Poland,Serbia,Turkey,Germany,Portugal,Spain
USA,,,,,,,,,,,,,
Switzerland,,,,,,,,,,,,,
Canada,,,,,,,,,,,,,
France,USA,,,,,,,,,,,,
USA,,,,,,,,,,,,,
USA,,,,,,,,,,,,,
China,,,,,,,,,,,,,
Germany,,,,,,,,,,,,,
USA,,,,,,,,,,,,,
Canada,,,,,,,,,,,,,
Thailand,UK,,,,,,,,,,,,
USA,,,,,,,,,,,,,
USA,,,,,,,,,,,,,
New Zealand,,,,,,,,,,,,,
USA,,,,,,,,,,,,,
Spain,,,,,,,,,,,,,
Malaysia,Germany,Austria,,,,,,,,,,,
Germany,,,,,,,,,,,,,
Germany,,,,,,,,,,,,,
New Zealand,USA,,,,,,,,,,,,
China,,,,,,,,,,,,,
Poland,,,,,,,,,,,,,
Canada,,,,,,,,,,,,,
Thailand,,,,,,,,,,,,,
Korea,,,,,,,,,,,,,
China,,,,,,,,,,,,,
Cyprus,,,,,,,,,,,,,
Argentina,,,,,,,,,,,,,
USA,,,,,,,,,,,,,
UK,,,,,,,,,,,,,
Cyprus,,,,,,,,,,,,,
USA,,,,,,,,,,,,,
Mexico,Canada,,,,,,,,,,,,
Poland,Spain,,,,,,,,,,,,
Sweden,,,,,,,,,,,,,
USA,,,,,,,,,,,,,
Italy,USA,,,,,,,,,,,,
China,,,,,,,,,,,,,
Japan,,,,,,,,,,,,,
Korea,Italy,,,,,,,,,,,,
China,,,,,,,,,,,,,
Korea,,,,,,,,,,,,,
South Africa,USA,,,,,,,,,,,,
France,,,,,,,,,,,,,
UK,,,,,,,,,,,,,
Turkey,,,,,,,,,,,,,
Turkey,,,,,,,,,,,,,
Taiwan,,,,,,,,,,,,,
Turkey,,,,,,,,,,,,,
Turkey,,,,,,,,,,,,,
Turkey,,,,,,,,,,,,,
Saudi Arabia,,,,,,,,,,,,,
Turkey,,,,,,,,,,,,,
Pakistan,,,,,,,,,,,,,
Turkey,,,,,,,,,,,,,
China,,,,,,,,,,,,,
Saudi Arabia,,,,,,,,,,,,,
China,,,,,,,,,,,,,
Canada,,,,,,,,,,,,,
Spain,France,,,,,,,,,,,,
USA,,,,,,,,,,,,,
Japan,,,,,,,,,,,,,
USA,,,,,,,,,,,,,
India,,,,,,,,,,,,,
Ireland,,,,,,,,,,,,,
Canada,,,,,,,,,,,,,
Japan,,,,,,,,,,,,,
France,,,,,,,,,,,,,
Japan,,,,,,,,,,,,,
Taiwan,,,,,,,,,,,,,
China,,,,,,,,,,,,,
Germany,,,,,,,,,,,,,
Switzerland,,,,,,,,,,,,,
China,,,,,,,,,,,,,
France,,,,,,,,,,,,,
New Zealand,,,,,,,,,,,,,
USA,,,,,,,,,,,,,
USA,,,,,,,,,,,,,
Canada,,,,,,,,,,,,,
Sweden,Germany,Greece,,,,,,,,,,,
Italy,,,,,,,,,,,,,
USA,,,,,,,,,,,,,
Japan,,,,,,,,,,,,,
Greece,,,,,,,,,,,,,
China,,,,,,,,,,,,,
Taiwan,,,,,,,,,,,,,
Malaysia,,,,,,,,,,,,,
China,,,,,,,,,,,,,
Mexico,,,,,,,,,,,,,
Australia,,,,,,,,,,,,,
China,,,,,,,,,,,,,
Italy,UK,,,,,,,,,,,,
Japan,,,,,,,,,,,,,
Germany,Canada,,,,,,,,,,,,
New Zealand,UK,,,,,,,,,,,,
Canada,,,,,,,,,,,,,
France,,,,,,,,,,,,,
Germany,Spain,,,,,,,,,,,,
The Netherlands,,,,,,,,,,,,,
USA,,,,,,,,,,,,,
Algeria,,,,,,,,,,,,,
Australia,,,,,,,,,,,,,
Germany,,,,,,,,,,,,,
USA,,,,,,,,,,,,,
USA,,,,,,,,,,,,,
France,,,,,,,,,,,,,
Japan,,,,,,,,,,,,,
The Netherlands,,,,,,,,,,,,,
Japan,,,,,,,,,,,,,
Brazil,,,,,,,,,,,,,
Australia,,,,,,,,,,,,,
Greece,,,,,,,,,,,,,
Germany,Slovakia,,,,,,,,,,,,
China,,,,,,,,,,,,,
Austria,,,,,,,,,,,,,
Japan,UK,,,,,,,,,,,,
Germany,,,,,,,,,,,,,
China,,,,,,,,,,,,,
France,,,,,,,,,,,,,
Italy,,,,,,,,,,,,,
Spain,,,,,,,,,,,,,
USA,,,,,,,,,,,,,
Finland,,,,,,,,,,,,,
Italy,,,,,,,,,,,,,
Japan,,,,,,,,,,,,,
Saudi Arabia,,,,,,,,,,,,,
India,,,,,,,,,,,,,
China,,,,,,,,,,,,,
China,,,,,,,,,,,,,
USA,,,,,,,,,,,,,
Australia,,,,,,,,,,,,,
China,,,,,,,,,,,,,
Italy,,,,,,,,,,,,,
USA,,,,,,,,,,,,,
Germany,Finland,,,,,,,,,,,,
China,,,,,,,,,,,,,
China,,,,,,,,,,,,,
Switzerland,,,,,,,,,,,,,
USA,,,,,,,,,,,,,
Brazil,,,,,,,,,,,,,
Belgium,,,,,,,,,,,,,
Colombia,,,,,,,,,,,,,
Saudi Arabia,,,,,,,,,,,,,
Switzerland,,,,,,,,,,,,,
Germany,,,,,,,,,,,,,
USA,,,,,,,,,,,,,
USA,,,,,,,,,,,,,
USA,,,,,,,,,,,,,
UK,,,,,,,,,,,,,
USA,,,,,,,,,,,,,
USA,,,,,,,,,,,,,
Germany,Austria,,,,,,,,,,,,
USA,,,,,,,,,,,,,
USA,,,,,,,,,,,,,
USA,,,,,,,,,,,,,
Austria,,,,,,,,,,,,,
USA,Israel,,,,,,,,,,,,
Germany,,,,,,,,,,,,,
The Netherlands,USA,,,,,,,,,,,,
USA,,,,,,,,,,,,,
USA,,,,,,,,,,,,,
Japan,,,,,,,,,,,,,
Pakistan,USA,,,,,,,,,,,,
USA,,,,,,,,,,,,,
The Netherlands,,,,,,,,,,,,,
USA,,,,,,,,,,,,,
Portugal,UK,,,,,,,,,,,,
USA,,,,,,,,,,,,,
USA,,,,,,,,,,,,,
Poland,USA,,,,,,,,,,,,
France,,,,,,,,,,,,,
Australia,,,,,,,,,,,,,
Germany,,,,,,,,,,,,,
Italy,Spain,USA,UK,,,,,,,,,,
USA,,,,,,,,,,,,,
China,Japan,,,,,,,,,,,,
UK,USA,,,,,,,,,,,,
USA,,,,,,,,,,,,,
Spain,,,,,,,,,,,,,
Spain,,,,,,,,,,,,,
Thailand,Australia,,,,,,,,,,,,
The Netherlands,Israel,,,,,,,,,,,,
Canada,,,,,,,,,,,,,
France,,,,,,,,,,,,,
France,,,,,,,,,,,,,
The Netherlands,Germany,UK,,,,,,,,,,,
China,,,,,,,,,,,,,
Japan,,,,,,,,,,,,,
Denmark,Sweden,,,,,,,,,,,,
Korea,,,,,,,,,,,,,
USA,,,,,,,,,,,,,
Sweden,UK,,,,,,,,,,,,
Italy,France,,,,,,,,,,,,
Germany,Switzerland,,,,,,,,,,,,
China,,,,,,,,,,,,,
The Netherlands,Japan,,,,,,,,,,,,
Canada,,,,,,,,,,,,,
Spain,,,,,,,,,,,,,
Austria,,,,,,,,,,,,,
Australia,,,,,,,,,,,,,
Australia,,,,,,,,,,,,,
USA,,,,,,,,,,,,,
Vietnam,,,,,,,,,,,,,
Spain,,,,,,,,,,,,,
USA,,,,,,,,,,,,,
Italy,,,,,,,,,,,,,
USA,,,,,,,,,,,,,
Italy,,,,,,,,,,,,,
USA,,,,,,,,,,,,,
Japan,,,,,,,,,,,,,
Belgium,,,,,,,,,,,,,
Germany,,,,,,,,,,,,,
USA,,,,,,,,,,,,,
Czech Republic,,,,,,,,,,,,,
USA,,,,,,,,,,,,,
UK,,,,,,,,,,,,,
Italy,Switzerland,UK,,,,,,,,,,,
Ireland,,,,,,,,,,,,,
Lithuania,,,,,,,,,,,,,
Japan,,,,,,,,,,,,,
Germany,,,,,,,,,,,,,
USA,,,,,,,,,,,,,
Canada,,,,,,,,,,,,,
USA,,,,,,,,,,,,,
USA,Canada,,,,,,,,,,,,
Indonesia,Australia,USA,,,,,,,,,,,
The Netherlands,,,,,,,,,,,,,
Argentina,,,,,,,,,,,,,
Czech Republic,UK,,,,,,,,,,,,
China,USA,,,,,,,,,,,,
Austria,,,,,,,,,,,,,
Austria,Greece,,,,,,,,,,,,
Slovenia,,,,,,,,,,,,,
Slovenia,,,,,,,,,,,,,
Austria,,,,,,,,,,,,,
Bosnia and Herzegovina,,,,,,,,,,,,,
UK,,,,,,,,,,,,,
Austria,,,,,,,,,,,,,
Germany,,,,,,,,,,,,,
Slovenia,,,,,,,,,,,,,
Serbia,,,,,,,,,,,,,
Austria,,,,,,,,,,,,,
Bosnia and Herzegovina,,,,,,,,,,,,,
UK,,,,,,,,,,,,,
Austria,,,,,,,,,,,,,
Slovenia,,,,,,,,,,,,,
Slovenia,,,,,,,,,,,,,
Austria,,,,,,,,,,,,,
Slovenia,,,,,,,,,,,,,
Austria,,,,,,,,,,,,,
Austria,Switzerland,,,,,,,,,,,,
Italy,,,,,,,,,,,,,
Switzerland,UK,,,,,,,,,,,,
Slovenia,,,,,,,,,,,,,
Slovenia,,,,,,,,,,,,,
Italy,Slovenia,,,,,,,,,,,,
Slovenia,,,,,,,,,,,,,
Serbia,,,,,,,,,,,,,
Bosnia and Herzegovina,,,,,,,,,,,,,
Slovenia,,,,,,,,,,,,,
Slovenia,,,,,,,,,,,,,
Austria,,,,,,,,,,,,,
UK,,,,,,,,,,,,,
Germany,,,,,,,,,,,,,
Serbia,,,,,,,,,,,,,
Austria,,,,,,,,,,,,,
Indonesia,Austria,,,,,,,,,,,,
Austria,,,,,,,,,,,,,
Belgium,,,,,,,,,,,,,
New Zealand,,,,,,,,,,,,,
Germany,,,,,,,,,,,,,
India,USA,,,,,,,,,,,,
Germany,Mexico,,,,,,,,,,,,
Denmark,,,,,,,,,,,,,
USA,,,,,,,,,,,,,
UK,,,,,,,,,,,,,
China,,,,,,,,,,,,,
UK,,,,,,,,,,,,,
Spain,,,,,,,,,,,,,
Italy,,,,,,,,,,,,,
USA,,,,,,,,,,,,,
Japan,USA,,,,,,,,,,,,
USA,,,,,,,,,,,,,
USA,,,,,,,,,,,,,
Poland,,,,,,,,,,,,,
Austria,,,,,,,,,,,,,
USA,,,,,,,,,,,,,
Mexico,France,,,,,,,,,,,,
Japan,USA,,,,,,,,,,,,
Germany,,,,,,,,,,,,,
Korea,,,,,,,,,,,,,
Japan,,,,,,,,,,,,,
Colombia,USA,,,,,,,,,,,,
USA,,,,,,,,,,,,,
USA,,,,,,,,,,,,,
Australia,,,,,,,,,,,,,
USA,,,,,,,,,,,,,
Korea,,,,,,,,,,,,,
Taiwan,UK,,,,,,,,,,,,
Japan,,,,,,,,,,,,,
Korea,,,,,,,,,,,,,
Taiwan,,,,,,,,,,,,,
USA,,,,,,,,,,,,,
UK,,,,,,,,,,,,,
Spain,,,,,,,,,,,,,
USA,,,,,,,,,,,,,
Japan,,,,,,,,,,,,,
USA,,,,,,,,,,,,,
Russia,,,,,,,,,,,,,
Saudi Arabia,,,,,,,,,,,,,
Italy,,,,,,,,,,,,,
USA,,,,,,,,,,,,,
Australia,Italy,,,,,,,,,,,,
Ireland,Finland,,,,,,,,,,,,
USA,,,,,,,,,,,,,
UK,,,,,,,,,,,,,
UK,,,,,,,,,,,,,
Ireland,,,,,,,,,,,,,
USA,,,,,,,,,,,,,
Germany,,,,,,,,,,,,,
Japan,,,,,,,,,,,,,
Mexico,USA,,,,,,,,,,,,
Saudi Arabia,,,,,,,,,,,,,
USA,,,,,,,,,,,,,
Spain,,,,,,,,,,,,,
Saudi Arabia,,,,,,,,,,,,,
The Netherlands,,,,,,,,,,,,,
Japan,,,,,,,,,,,,,
Canada,,,,,,,,,,,,,
Germany,UK,,,,,,,,,,,,
Poland,,,,,,,,,,,,,
Germany,,,,,,,,,,,,,
Italy,,,,,,,,,,,,,
Poland,,,,,,,,,,,,,
USA,,,,,,,,,,,,,
Portugal,France,,,,,,,,,,,,
China,,,,,,,,,,,,,
Italy,,,,,,,,,,,,,
Saudi Arabia,,,,,,,,,,,,,
Italy,,,,,,,,,,,,,
Japan,,,,,,,,,,,,,
France,USA,,,,,,,,,,,,
UK,,,,,,,,,,,,,
France,,,,,,,,,,,,,
Germany,France,,,,,,,,,,,,
UK,,,,,,,,,,,,,
Portugal,Finland,,,,,,,,,,,,
France,Indonesia,Norway,UK,Germany,,,,,,,,,
China,,,,,,,,,,,,,
Australia,,,,,,,,,,,,,
Sweden,UK,,,,,,,,,,,,
Cameroon,,,,,,,,,,,,,
Canada,,,,,,,,,,,,,
Germany,,,,,,,,,,,,,
USA,,,,,,,,,,,,,
China,,,,,,,,,,,,,
Canada,,,,,,,,,,,,,
The Netherlands,,,,,,,,,,,,,
Korea,,,,,,,,,,,,,
Japan,,,,,,,,,,,,,
USA,,,,,,,,,,,,,
Australia,Bangladesh,,,,,,,,,,,,
China,,,,,,,,,,,,,
Russia,UK,,,,,,,,,,,,
USA,,,,,,,,,,,,,
USA,,,,,,,,,,,,,
USA,,,,,,,,,,,,,
Malaysia,,,,,,,,,,,,,
Poland,France,,,,,,,,,,,,
Australia,,,,,,,,,,,,,
France,,,,,,,,,,,,,
USA,,,,,,,,,,,,,
Hungary,,,,,,,,,,,,,
Portugal,,,,,,,,,,,,,
China,USA,,,,,,,,,,,,
USA,,,,,,,,,,,,,
USA,,,,,,,,,,,,,
India,,,,,,,,,,,,,
USA,,,,,,,,,,,,,
The Netherlands,,,,,,,,,,,,,
China,,,,,,,,,,,,,
Ireland,,,,,,,,,,,,,
Italy,,,,,,,,,,,,,
Japan,,,,,,,,,,,,,
Portugal,,,,,,,,,,,,,
The Netherlands,Israel,,,,,,,,,,,,
The Netherlands,,,,,,,,,,,,,
New Zealand,UK,,,,,,,,,,,,
Germany,,,,,,,,,,,,,
Saudi Arabia,,,,,,,,,,,,,
USA,,,,,,,,,,,,,
Switzerland,,,,,,,,,,,,,
Korea,,,,,,,,,,,,,
Poland,,,,,,,,,,,,,
Taiwan,,,,,,,,,,,,,
Italy,,,,,,,,,,,,,
China,,,,,,,,,,,,,
Sweden,,,,,,,,,,,,,
France,,,,,,,,,,,,,
The Netherlands,Germany,Switzerland,USA,,,,,,,,,,
China,,,,,,,,,,,,,
USA,,,,,,,,,,,,,
USA,,,,,,,,,,,,,
Spain,,,,,,,,,,,,,
USA,,,,,,,,,,,,,
India,,,,,,,,,,,,,
Thailand,,,,,,,,,,,,,
USA,,,,,,,,,,,,,
USA,,,,,,,,,,,,,
Austria,,,,,,,,,,,,,
Taiwan,,,,,,,,,,,,,
USA,,,,,,,,,,,,,
India,,,,,,,,,,,,,
Spain,,,,,,,,,,,,,
USA,,,,,,,,,,,,,
Austria,Italy,Japan,USA,,,,,,,,,,
China,,,,,,,,,,,,,
China,,,,,,,,,,,,,
China,,,,,,,,,,,,,
The Netherlands,Belgium,Finland,USA,,,,,,,,,,
Taiwan,,,,,,,,,,,,,
China,,,,,,,,,,,,,
China,,,,,,,,,,,,,
Malaysia,,,,,,,,,,,,,
China,,,,,,,,,,,,,
France,,,,,,,,,,,,,
China,,,,,,,,,,,,,
China,,,,,,,,,,,,,
China,,,,,,,,,,,,,
China,,,,,,,,,,,,,
Sweden,,,,,,,,,,,,,
UK,,,,,,,,,,,,,
Austria,,,,,,,,,,,,,
China,,,,,,,,,,,,,
France,,,,,,,,,,,,,
Taiwan,,,,,,,,,,,,,
Taiwan,,,,,,,,,,,,,
China,USA,,,,,,,,,,,,
Taiwan,,,,,,,,,,,,,
USA,,,,,,,,,,,,,
Korea,,,,,,,,,,,,,
China,,,,,,,,,,,,,
China,,,,,,,,,,,,,
Japan,,,,,,,,,,,,,
China,,,,,,,,,,,,,
Germany,UK,,,,,,,,,,,,
Italy,,,,,,,,,,,,,
USA,,,,,,,,,,,,,
Korea,,,,,,,,,,,,,
Belgium,,,,,,,,,,,,,
USA,,,,,,,,,,,,,
USA,,,,,,,,,,,,,
Germany,,,,,,,,,,,,,
Ireland,,,,,,,,,,,,,
China,Japan,,,,,,,,,,,,
Italy,,,,,,,,,,,,,
Malaysia,,,,,,,,,,,,,
Croatia,,,,,,,,,,,,,
Serbia,,,,,,,,,,,,,
USA,,,,,,,,,,,,,
Italy,,,,,,,,,,,,,
New Zealand,Malaysia,Japan,,,,,,,,,,,
Mexico,,,,,,,,,,,,,
USA,,,,,,,,,,,,,
Germany,,,,,,,,,,,,,
Finland,,,,,,,,,,,,,
Taiwan,,,,,,,,,,,,,
Switzerland,,,,,,,,,,,,,
Italy,,,,,,,,,,,,,
Japan,,,,,,,,,,,,,
Mexico,,,,,,,,,,,,,
Japan,,,,,,,,,,,,,
Uzbekistan,France,,,,,,,,,,,,
Germany,,,,,,,,,,,,,
Korea,China,,,,,,,,,,,,
Malaysia,,,,,,,,,,,,,
Czech Republic,Slovakia,,,,,,,,,,,,
France,,,,,,,,,,,,,
The Netherlands,,,,,,,,,,,,,
USA,,,,,,,,,,,,,
Mexico,,,,,,,,,,,,,
Korea,,,,,,,,,,,,,
Australia,Germany,Singapore,Japan,,,,,,,,,,
Korea,China,,,,,,,,,,,,
Canada,USA,,,,,,,,,,,,
Korea,,,,,,,,,,,,,
Australia,,,,,,,,,,,,,
Sweden,,,,,,,,,,,,,
Indonesia,Malaysia,,,,,,,,,,,,
Italy,,,,,,,,,,,,,
Taiwan,,,,,,,,,,,,,
Germany,,,,,,,,,,,,,
Slovakia,,,,,,,,,,,,,
Portugal,,,,,,,,,,,,,
Japan,,,,,,,,,,,,,
Switzerland,,,,,,,,,,,,,
China,USA,,,,,,,,,,,,
Sweden,,,,,,,,,,,,,
Korea,,,,,,,,,,,,,
Japan,,,,,,,,,,,,,
China,,,,,,,,,,,,,
USA,,,,,,,,,,,,,
Taiwan,,,,,,,,,,,,,
Denmark,Greece,,,,,,,,,,,,
Japan,,,,,,,,,,,,,
Sweden,Canada,,,,,,,,,,,,
Liechtenstein,,,,,,,,,,,,,
Japan,USA,,,,,,,,,,,,
USA,,,,,,,,,,,,,
Mexico,,,,,,,,,,,,,
USA,,,,,,,,,,,,,
Cameroon,USA,,,,,,,,,,,,
Spain,,,,,,,,,,,,,
UK,,,,,,,,,,,,,
USA,,,,,,,,,,,,,
USA,,,,,,,,,,,,,
Canada,USA,,,,,,,,,,,,
Egypt,UK,,,,,,,,,,,,
USA,,,,,,,,,,,,,
China,,,,,,,,,,,,,
Belgium,France,,,,,,,,,,,,
Taiwan,,,,,,,,,,,,,
Spain,,,,,,,,,,,,,
USA,,,,,,,,,,,,,
France,,,,,,,,,,,,,
Italy,,,,,,,,,,,,,
Canada,,,,,,,,,,,,,
USA,,,,,,,,,,,,,
Belgium,Hungary,,,,,,,,,,,,
UK,,,,,,,,,,,,,
Japan,Canada,,,,,,,,,,,,
France,Australia,UK,USA,The Netherlands,Korea,,,,,,,,
Japan,USA,,,,,,,,,,,,
USA,,,,,,,,,,,,,
USA,,,,,,,,,,,,,
Malaysia,,,,,,,,,,,,,
Austria,,,,,,,,,,,,,
China,,,,,,,,,,,,,
Serbia,,,,,,,,,,,,,
Austria,,,,,,,,,,,,,
South Africa,,,,,,,,,,,,,
China,,,,,,,,,,,,,
USA,,,,,,,,,,,,,
Egypt,Saudi Arabia,,,,,,,,,,,,
Italy,,,,,,,,,,,,,
USA,,,,,,,,,,,,,
Norway,,,,,,,,,,,,,
Norway,,,,,,,,,,,,,
Korea,,,,,,,,,,,,,
Malaysia,,,,,,,,,,,,,
Brazil,Italy,,,,,,,,,,,,
Belgium,,,,,,,,,,,,,
Belgium,,,,,,,,,,,,,
Spain,France,Greece,,,,,,,,,,,
USA,,,,,,,,,,,,,
Poland,Spain,,,,,,,,,,,,
USA,,,,,,,,,,,,,
South Africa,,,,,,,,,,,,,
Sweden,,,,,,,,,,,,,
China,,,,,,,,,,,,,
Brazil,USA,,,,,,,,,,,,
Malta,Canada,USA,,,,,,,,,,,
China,Japan,,,,,,,,,,,,
Brazil,,,,,,,,,,,,,
Greece,,,,,,,,,,,,,
Spain,,,,,,,,,,,,,
France,,,,,,,,,,,,,
Japan,,,,,,,,,,,,,
Italy,,,,,,,,,,,,,
USA,,,,,,,,,,,,,
Ireland,USA,,,,,,,,,,,,
USA,,,,,,,,,,,,,
France,,,,,,,,,,,,,
Australia,,,,,,,,,,,,,
Serbia,,,,,,,,,,,,,
United Arab Emirates,,,,,,,,,,,,,
Belgium,France,USA,,,,,,,,,,,
China,,,,,,,,,,,,,
USA,,,,,,,,,,,,,
China,,,,,,,,,,,,,
Canada,,,,,,,,,,,,,
France,,,,,,,,,,,,,
Japan,,,,,,,,,,,,,
Spain,,,,,,,,,,,,,
Mexico,,,,,,,,,,,,,
USA,,,,,,,,,,,,,
USA,,,,,,,,,,,,,
Croatia,,,,,,,,,,,,,
USA,,,,,,,,,,,,,
UK,,,,,,,,,,,,,
France,,,,,,,,,,,,,
Germany,Austria,,,,,,,,,,,,
USA,,,,,,,,,,,,,
Serbia,,,,,,,,,,,,,
Argentina,,,,,,,,,,,,,
China,,,,,,,,,,,,,
Iran,,,,,,,,,,,,,
Nigeria,,,,,,,,,,,,,
USA,,,,,,,,,,,,,
Iran,,,,,,,,,,,,,
China,,,,,,,,,,,,,
The Netherlands,USA,,,,,,,,,,,,
Japan,,,,,,,,,,,,,
USA,,,,,,,,,,,,,
USA,,,,,,,,,,,,,
Spain,,,,,,,,,,,,,
Saudi Arabia,,,,,,,,,,,,,
Japan,,,,,,,,,,,,,
China,,,,,,,,,,,,,
Germany,Singapore,Japan,,,,,,,,,,,
USA,,,,,,,,,,,,,
Japan,,,,,,,,,,,,,
Japan,,,,,,,,,,,,,
USA,,,,,,,,,,,,,
USA,,,,,,,,,,,,,
USA,,,,,,,,,,,,,
USA,,,,,,,,,,,,,
Belgium,,,,,,,,,,,,,
Belgium,,,,,,,,,,,,,
UK,,,,,,,,,,,,,
Portugal,Canada,,,,,,,,,,,,
Belgium,,,,,,,,,,,,,
Korea,,,,,,,,,,,,,
USA,,,,,,,,,,,,,
Germany,,,,,,,,,,,,,
Italy,,,,,,,,,,,,,
UK,,,,,,,,,,,,,
France,,,,,,,,,,,,,
Saudi Arabia,,,,,,,,,,,,,
Australia,,,,,,,,,,,,,
Spain,,,,,,,,,,,,,
USA,,,,,,,,,,,,,
USA,,,,,,,,,,,,,
Taiwan,USA,,,,,,,,,,,,
Malaysia,Singapore,,,,,,,,,,,,
Germany,,,,,,,,,,,,,
Austria,,,,,,,,,,,,,
Taiwan,,,,,,,,,,,,,
Japan,,,,,,,,,,,,,
Germany,,,,,,,,,,,,,
Colombia,,,,,,,,,,,,,
USA,,,,,,,,,,,,,
The Netherlands,,,,,,,,,,,,,
UK,,,,,,,,,,,,,
Tunisia,,,,,,,,,,,,,
UK,,,,,,,,,,,,,
USA,,,,,,,,,,,,,
Japan,,,,,,,,,,,,,
China,,,,,,,,,,,,,
India,,,,,,,,,,,,,
Italy,,,,,,,,,,,,,
Brazil,,,,,,,,,,,,,
China,,,,,,,,,,,,,
Thailand,,,,,,,,,,,,,
China,,,,,,,,,,,,,
UK,,,,,,,,,,,,,
UK,,,,,,,,,,,,,
UK,,,,,,,,,,,,,
USA,,,,,,,,,,,,,
Japan,,,,,,,,,,,,,
Australia,,,,,,,,,,,,,
USA,,,,,,,,,,,,,
Australia,UK,,,,,,,,,,,,
Indonesia,,,,,,,,,,,,,
Spain,USA,,,,,,,,,,,,
Germany,,,,,,,,,,,,,
USA,,,,,,,,,,,,,
Brazil,,,,,,,,,,,,,
Mexico,,,,,,,,,,,,,
Italy,,,,,,,,,,,,,
Germany,,,,,,,,,,,,,
China,,,,,,,,,,,,,
China,USA,,,,,,,,,,,,
USA,,,,,,,,,,,,,
Indonesia,,,,,,,,,,,,,
USA,,,,,,,,,,,,,
Spain,,,,,,,,,,,,,
USA,,,,,,,,,,,,,
Austria,,,,,,,,,,,,,
USA,,,,,,,,,,,,,
Germany,,,,,,,,,,,,,
Thailand,,,,,,,,,,,,,
Korea,Canada,,,,,,,,,,,,
Australia,,,,,,,,,,,,,
Japan,,,,,,,,,,,,,
USA,,,,,,,,,,,,,
China,Japan,,,,,,,,,,,,
USA,,,,,,,,,,,,,
Spain,Mexico,,,,,,,,,,,,
UK,,,,,,,,,,,,,
Canada,,,,,,,,,,,,,
Italy,,,,,,,,,,,,,
Korea,,,,,,,,,,,,,
Germany,,,,,,,,,,,,,
The Netherlands,Canada,,,,,,,,,,,,
Japan,,,,,,,,,,,,,
Finland,,,,,,,,,,,,,
Czech Republic,,,,,,,,,,,,,
USA,,,,,,,,,,,,,
Sweden,Germany,,,,,,,,,,,,
USA,,,,,,,,,,,,,
USA,,,,,,,,,,,,,
UK,,,,,,,,,,,,,
Slovenia,,,,,,,,,,,,,
China,,,,,,,,,,,,,
Spain,,,,,,,,,,,,,
China,,,,,,,,,,,,,
France,,,,,,,,,,,,,
Denmark,Italy,,,,,,,,,,,,
UK,,,,,,,,,,,,,
USA,,,,,,,,,,,,,
Mexico,Hungary,,,,,,,,,,,,
USA,,,,,,,,,,,,,
China,,,,,,,,,,,,,
UK,,,,,,,,,,,,,
Russia,USA,,,,,,,,,,,,
Saudi Arabia,,,,,,,,,,,,,
USA,,,,,,,,,,,,,
Brazil,,,,,,,,,,,,,
Romania,,,,,,,,,,,,,
Canada,,,,,,,,,,,,,
Poland,,,,,,,,,,,,,
Spain,,,,,,,,,,,,,
Portugal,,,,,,,,,,,,,
Greece,,,,,,,,,,,,,
Spain,,,,,,,,,,,,,
Finland,,,,,,,,,,,,,
Belgium,,,,,,,,,,,,,
UK,,,,,,,,,,,,,
USA,,,,,,,,,,,,,
Poland,,,,,,,,,,,,,
Italy,,,,,,,,,,,,,
Japan,,,,,,,,,,,,,
Canada,,,,,,,,,,,,,
Malaysia,,,,,,,,,,,,,
Italy,,,,,,,,,,,,,
Tunisia,,,,,,,,,,,,,
China,,,,,,,,,,,,,
Canada,,,,,,,,,,,,,
Croatia,USA,,,,,,,,,,,,
Taiwan,,,,,,,,,,,,,
USA,,,,,,,,,,,,,
Italy,,,,,,,,,,,,,
USA,,,,,,,,,,,,,
Australia,,,,,,,,,,,,,
Portugal,,,,,,,,,,,,,
Portugal,,,,,,,,,,,,,
Germany,,,,,,,,,,,,,
Canada,USA,,,,,,,,,,,,
USA,,,,,,,,,,,,,
Italy,,,,,,,,,,,,,
Korea,,,,,,,,,,,,,
Czech Republic,,,,,,,,,,,,,
China,,,,,,,,,,,,,
China,,,,,,,,,,,,,
USA,,,,,,,,,,,,,
Japan,,,,,,,,,,,,,
USA,,,,,,,,,,,,,
Poland,,,,,,,,,,,,,
Greece,UK,,,,,,,,,,,,
Spain,,,,,,,,,,,,,
Finland,USA,,,,,,,,,,,,
Malaysia,Singapore,,,,,,,,,,,,
Italy,,,,,,,,,,,,,
China,,,,,,,,,,,,,
Italy,Ethiopia,USA,,,,,,,,,,,
Malaysia,Singapore,,,,,,,,,,,,
The Netherlands,Spain,,,,,,,,,,,,
USA,,,,,,,,,,,,,
Canada,,,,,,,,,,,,,
Saudi Arabia,,,,,,,,,,,,,
Finland,Switzerland,,,,,,,,,,,,
Italy,,,,,,,,,,,,,
Canada,,,,,,,,,,,,,
Portugal,,,,,,,,,,,,,
USA,,,,,,,,,,,,,
Australia,,,,,,,,,,,,,
USA,,,,,,,,,,,,,
USA,,,,,,,,,,,,,
USA,,,,,,,,,,,,,
Canada,,,,,,,,,,,,,
USA,,,,,,,,,,,,,
Israel,,,,,,,,,,,,,
Korea,,,,,,,,,,,,,
USA,,,,,,,,,,,,,
Portugal,,,,,,,,,,,,,
Croatia,,,,,,,,,,,,,
Portugal,Romania,,,,,,,,,,,,
UK,Canada,,,,,,,,,,,,
USA,,,,,,,,,,,,,
Serbia,,,,,,,,,,,,,
Greece,,,,,,,,,,,,,
Spain,,,,,,,,,,,,,
Singapore,,,,,,,,,,,,,
Singapore,,,,,,,,,,,,,
USA,,,,,,,,,,,,,
USA,,,,,,,,,,,,,
USA,UK,,,,,,,,,,,,
Switzerland,,,,,,,,,,,,,
Brazil,,,,,,,,,,,,,
Denmark,Germany,France,,,,,,,,,,,
UK,,,,,,,,,,,,,
Canada,,,,,,,,,,,,,
China,,,,,,,,,,,,,
Japan,,,,,,,,,,,,,
Argentina,,,,,,,,,,,,,
Korea,,,,,,,,,,,,,
China,UK,,,,,,,,,,,,
UK,,,,,,,,,,,,,
Italy,,,,,,,,,,,,,
Russia,USA,,,,,,,,,,,,
China,France,,,,,,,,,,,,
Germany,,,,,,,,,,,,,
Malaysia,,,,,,,,,,,,,
Saudi Arabia,,,,,,,,,,,,,
Germany,Italy,,,,,,,,,,,,
USA,,,,,,,,,,,,,
USA,,,,,,,,,,,,,
USA,,,,,,,,,,,,,
USA,,,,,,,,,,,,,
China,,,,,,,,,,,,,
USA,,,,,,,,,,,,,
Denmark,Italy,,,,,,,,,,,,
USA,,,,,,,,,,,,,
Thailand,,,,,,,,,,,,,
Serbia,,,,,,,,,,,,,
Germany,,,,,,,,,,,,,
Uzbekistan,Germany,Brazil,,,,,,,,,,,
Saudi Arabia,,,,,,,,,,,,,
Malaysia,,,,,,,,,,,,,
USA,,,,,,,,,,,,,
Taiwan,,,,,,,,,,,,,
Korea,,,,,,,,,,,,,
China,,,,,,,,,,,,,
Spain,,,,,,,,,,,,,
Canada,,,,,,,,,,,,,
Canada,,,,,,,,,,,,,
Brazil,,,,,,,,,,,,,
Germany,,,,,,,,,,,,,
Italy,Switzerland,,,,,,,,,,,,
UK,,,,,,,,,,,,,
Jordan,,,,,,,,,,,,,
Malaysia,UK,,,,,,,,,,,,
Spain,USA,,,,,,,,,,,,
Spain,,,,,,,,,,,,,
France,,,,,,,,,,,,,
China,,,,,,,,,,,,,
China,,,,,,,,,,,,,
USA,,,,,,,,,,,,,
Australia,,,,,,,,,,,,,
Spain,Italy,,,,,,,,,,,,
Thailand,UK,,,,,,,,,,,,
Saudi Arabia,,,,,,,,,,,,,
Egypt,,,,,,,,,,,,,
China,,,,,,,,,,,,,
Spain,Canada,,,,,,,,,,,,
Australia,,,,,,,,,,,,,
Canada,,,,,,,,,,,,,
Serbia,,,,,,,,,,,,,
USA,,,,,,,,,,,,,
Canada,,,,,,,,,,,,,
Korea,,,,,,,,,,,,,
UK,,,,,,,,,,,,,
USA,,,,,,,,,,,,,
Australia,,,,,,,,,,,,,
Poland,,,,,,,,,,,,,
USA,,,,,,,,,,,,,
USA,Israel,,,,,,,,,,,,
Spain,,,,,,,,,,,,,
USA,,,,,,,,,,,,,
Canada,,,,,,,,,,,,,
Mexico,USA,,,,,,,,,,,,
Morocco,,,,,,,,,,,,,
Spain,,,,,,,,,,,,,
Canada,,,,,,,,,,,,,
France,,,,,,,,,,,,,
Malaysia,,,,,,,,,,,,,
Singapore,,,,,,,,,,,,,
China,,,,,,,,,,,,,
China,,,,,,,,,,,,,
China,,,,,,,,,,,,,
Korea,,,,,,,,,,,,,
UK,,,,,,,,,,,,,
Spain,,,,,,,,,,,,,
Japan,,,,,,,,,,,,,
Japan,,,,,,,,,,,,,
UK,,,,,,,,,,,,,
Portugal,,,,,,,,,,,,,
Spain,Turkey,,,,,,,,,,,,
China,,,,,,,,,,,,,
Germany,,,,,,,,,,,,,
Austria,,,,,,,,,,,,,
Korea,,,,,,,,,,,,,
UK,,,,,,,,,,,,,
Spain,,,,,,,,,,,,,
Germany,,,,,,,,,,,,,
South Africa,,,,,,,,,,,,,
USA,,,,,,,,,,,,,
Serbia,,,,,,,,,,,,,
Germany,Brazil,,,,,,,,,,,,
Spain,Chile,,,,,,,,,,,,
USA,,,,,,,,,,,,,
USA,,,,,,,,,,,,,
Australia,USA,UK,,,,,,,,,,,
Spain,,,,,,,,,,,,,
Canada,,,,,,,,,,,,,
Portugal,Spain,,,,,,,,,,,,
China,,,,,,,,,,,,,
Indonesia,Malaysia,Norway,,,,,,,,,,,
Turkey,,,,,,,,,,,,,
Italy,Belgium,,,,,,,,,,,,
Japan,,,,,,,,,,,,,
Italy,,,,,,,,,,,,,
USA,,,,,,,,,,,,,
Australia,Canada,,,,,,,,,,,,
Japan,,,,,,,,,,,,,
USA,,,,,,,,,,,,,
Turkey,,,,,,,,,,,,,
Taiwan,,,,,,,,,,,,,
Taiwan,,,,,,,,,,,,,
USA,,,,,,,,,,,,,
USA,,,,,,,,,,,,,
Greece,,,,,,,,,,,,,
Canada,,,,,,,,,,,,,
Brazil,,,,,,,,,,,,,
Greece,,,,,,,,,,,,,
Japan,,,,,,,,,,,,,
Germany,,,,,,,,,,,,,
China,,,,,,,,,,,,,
Malaysia,,,,,,,,,,,,,
Germany,Turkey,,,,,,,,,,,,
Serbia,,,,,,,,,,,,,
USA,,,,,,,,,,,,,
USA,,,,,,,,,,,,,
USA,,,,,,,,,,,,,
Australia,,,,,,,,,,,,,
Japan,,,,,,,,,,,,,
UK,,,,,,,,,,,,,
Australia,Norway,,,,,,,,,,,,
Germany,,,,,,,,,,,,,
Taiwan,,,,,,,,,,,,,
USA,,,,,,,,,,,,,
Spain,,,,,,,,,,,,,
Niger,France,,,,,,,,,,,,
USA,,,,,,,,,,,,,
Serbia,,,,,,,,,,,,,
USA,,,,,,,,,,,,,
Taiwan,,,,,,,,,,,,,
Italy,Belgium,,,,,,,,,,,,
Italy,,,,,,,,,,,,,
Germany,,,,,,,,,,,,,
France,,,,,,,,,,,,,
Japan,,,,,,,,,,,,,
Korea,,,,,,,,,,,,,
China,,,,,,,,,,,,,
USA,,,,,,,,,,,,,
Saudi Arabia,,,,,,,,,,,,,
Canada,,,,,,,,,,,,,
Austria,,,,,,,,,,,,,
USA,,,,,,,,,,,,,
USA,,,,,,,,,,,,,
Brazil,,,,,,,,,,,,,
France,,,,,,,,,,,,,
The Netherlands,,,,,,,,,,,,,
UK,,,,,,,,,,,,,
Australia,UK,,,,,,,,,,,,
Italy,,,,,,,,,,,,,
USA,,,,,,,,,,,,,
South Africa,,,,,,,,,,,,,
USA,,,,,,,,,,,,,
Japan,,,,,,,,,,,,,
USA,,,,,,,,,,,,,
USA,,,,,,,,,,,,,
Brazil,,,,,,,,,,,,,
India,USA,,,,,,,,,,,,
USA,Canada,,,,,,,,,,,,
Malaysia,,,,,,,,,,,,,
Saudi Arabia,,,,,,,,,,,,,
Romania,,,,,,,,,,,,,
USA,,,,,,,,,,,,,
USA,,,,,,,,,,,,,
Malaysia,,,,,,,,,,,,,
Sweden,Finland,,,,,,,,,,,,
Italy,,,,,,,,,,,,,
Spain,,,,,,,,,,,,,
USA,,,,,,,,,,,,,
Taiwan,,,,,,,,,,,,,
Spain,,,,,,,,,,,,,
Taiwan,,,,,,,,,,,,,
Italy,,,,,,,,,,,,,
Greece,USA,,,,,,,,,,,,
Italy,,,,,,,,,,,,,
Taiwan,,,,,,,,,,,,,
USA,,,,,,,,,,,,,
Egypt,Kuwait,,,,,,,,,,,,
Mexico,,,,,,,,,,,,,
Brazil,USA,,,,,,,,,,,,
Saudi Arabia,,,,,,,,,,,,,
China,,,,,,,,,,,,,
Denmark,,,,,,,,,,,,,
China,,,,,,,,,,,,,
China,Japan,,,,,,,,,,,,
Korea,,,,,,,,,,,,,
China,,,,,,,,,,,,,
China,,,,,,,,,,,,,
Canada,,,,,,,,,,,,,
Iceland,USA,,,,,,,,,,,,
USA,,,,,,,,,,,,,
USA,,,,,,,,,,,,,
USA,,,,,,,,,,,,,
USA,,,,,,,,,,,,,
Norway,,,,,,,,,,,,,
USA,,,,,,,,,,,,,
USA,,,,,,,,,,,,,
Mexico,USA,,,,,,,,,,,,
USA,,,,,,,,,,,,,
USA,,,,,,,,,,,,,
USA,,,,,,,,,,,,,
USA,,,,,,,,,,,,,
Spain,,,,,,,,,,,,,
Spain,,,,,,,,,,,,,
China,,,,,,,,,,,,,
Malaysia,,,,,,,,,,,,,
Italy,,,,,,,,,,,,,
Malaysia,,,,,,,,,,,,,
Germany,Spain,Argentina,,,,,,,,,,,
Japan,,,,,,,,,,,,,
Serbia,,,,,,,,,,,,,
Korea,,,,,,,,,,,,,
Poland,,,,,,,,,,,,,
Estonia,,,,,,,,,,,,,
Korea,,,,,,,,,,,,,
Norway,,,,,,,,,,,,,
USA,,,,,,,,,,,,,
UK,,,,,,,,,,,,,
Germany,China,,,,,,,,,,,,
Malaysia,,,,,,,,,,,,,
USA,,,,,,,,,,,,,
USA,,,,,,,,,,,,,
Poland,Germany,,,,,,,,,,,,
Korea,,,,,,,,,,,,,
USA,,,,,,,,,,,,,
Taiwan,Japan,,,,,,,,,,,,
USA,,,,,,,,,,,,,
USA,,,,,,,,,,,,,
Italy,,,,,,,,,,,,,
China,,,,,,,,,,,,,
India,South Africa,,,,,,,,,,,,
Canada,,,,,,,,,,,,,
Belgium,,,,,,,,,,,,,
Belgium,USA,,,,,,,,,,,,
Venezuela,,,,,,,,,,,,,
Canada,,,,,,,,,,,,,
Serbia,,,,,,,,,,,,,
Japan,,,,,,,,,,,,,
Taiwan,,,,,,,,,,,,,
Germany,Slovenia,,,,,,,,,,,,
USA,,,,,,,,,,,,,
Germany,India,,,,,,,,,,,,
Brazil,,,,,,,,,,,,,
UK,,,,,,,,,,,,,
USA,,,,,,,,,,,,,
USA,,,,,,,,,,,,,
USA,,,,,,,,,,,,,
USA,,,,,,,,,,,,,
USA,,,,,,,,,,,,,
South Africa,USA,,,,,,,,,,,,
Uruguay,,,,,,,,,,,,,
Mexico,,,,,,,,,,,,,
USA,,,,,,,,,,,,,
Italy,,,,,,,,,,,,,
USA,,,,,,,,,,,,,
USA,,,,,,,,,,,,,
USA,,,,,,,,,,,,,
Australia,,,,,,,,,,,,,
China,USA,,,,,,,,,,,,
UK,,,,,,,,,,,,,
Germany,,,,,,,,,,,,,
France,Tunisia,,,,,,,,,,,,
Turkey,,,,,,,,,,,,,
China,,,,,,,,,,,,,
Poland,,,,,,,,,,,,,
Finland,,,,,,,,,,,,,
Norway,,,,,,,,,,,,,
Australia,,,,,,,,,,,,,
Japan,,,,,,,,,,,,,
USA,,,,,,,,,,,,,
USA,,,,,,,,,,,,,
Greece,,,,,,,,,,,,,
France,,,,,,,,,,,,,
Germany,,,,,,,,,,,,,
USA,,,,,,,,,,,,,
USA,,,,,,,,,,,,,
Serbia,Greece,,,,,,,,,,,,
China,USA,,,,,,,,,,,,
Saudi Arabia,,,,,,,,,,,,,
Spain,Peru,,,,,,,,,,,,
USA,,,,,,,,,,,,,
Slovenia,Croatia,,,,,,,,,,,,
China,,,,,,,,,,,,,
France,,,,,,,,,,,,,
Japan,,,,,,,,,,,,,
Sweden,Germany,Finland,,,,,,,,,,,
Mexico,,,,,,,,,,,,,
Japan,,,,,,,,,,,,,
Austria,,,,,,,,,,,,,
India,,,,,,,,,,,,,
USA,,,,,,,,,,,,,
Brazil,,,,,,,,,,,,,
Japan,,,,,,,,,,,,,
Japan,,,,,,,,,,,,,
Australia,,,,,,,,,,,,,
China,,,,,,,,,,,,,
China,,,,,,,,,,,,,
The Netherlands,China,Singapore,UK,,,,,,,,,,
Austria,,,,,,,,,,,,,
USA,,,,,,,,,,,,,
Australia,,,,,,,,,,,,,
USA,,,,,,,,,,,,,
China,USA,,,,,,,,,,,,
China,,,,,,,,,,,,,
Portugal,,,,,,,,,,,,,
Mexico,,,,,,,,,,,,,
The Netherlands,,,,,,,,,,,,,
USA,,,,,,,,,,,,,
Italy,,,,,,,,,,,,,
UK,,,,,,,,,,,,,
UK,,,,,,,,,,,,,
Saudi Arabia,,,,,,,,,,,,,
Japan,USA,,,,,,,,,,,,
Italy,,,,,,,,,,,,,
The Netherlands,,,,,,,,,,,,,
Denmark,Germany,,,,,,,,,,,,
Korea,USA,,,,,,,,,,,,
China,,,,,,,,,,,,,
Japan,,,,,,,,,,,,,
France,,,,,,,,,,,,,
Czech Republic,,,,,,,,,,,,,
Korea,,,,,,,,,,,,,
The Netherlands,,,,,,,,,,,,,
Germany,,,,,,,,,,,,,
Malaysia,,,,,,,,,,,,,
Croatia,,,,,,,,,,,,,
Italy,,,,,,,,,,,,,
UK,,,,,,,,,,,,,
UK,,,,,,,,,,,,,
Italy,,,,,,,,,,,,,
India,,,,,,,,,,,,,
Norway,,,,,,,,,,,,,
Germany,USA,,,,,,,,,,,,
Spain,,,,,,,,,,,,,
Greece,,,,,,,,,,,,,
Belgium,,,,,,,,,,,,,
Norway,,,,,,,,,,,,,
Italy,,,,,,,,,,,,,
Australia,,,,,,,,,,,,,
Canada,,,,,,,,,,,,,
Taiwan,,,,,,,,,,,,,
Japan,,,,,,,,,,,,,
Poland,,,,,,,,,,,,,
Austria,,,,,,,,,,,,,
Germany,,,,,,,,,,,,,
USA,,,,,,,,,,,,,
Germany,,,,,,,,,,,,,
Japan,,,,,,,,,,,,,
China,,,,,,,,,,,,,
New Zealand,,,,,,,,,,,,,
USA,,,,,,,,,,,,,
Japan,,,,,,,,,,,,,
Slovenia,,,,,,,,,,,,,
Japan,,,,,,,,,,,,,
Spain,,,,,,,,,,,,,
The Netherlands,,,,,,,,,,,,,
USA,,,,,,,,,,,,,
USA,,,,,,,,,,,,,
Slovenia,,,,,,,,,,,,,
Bulgaria,,,,,,,,,,,,,
Australia,South Africa,,,,,,,,,,,,
Korea,,,,,,,,,,,,,
Italy,,,,,,,,,,,,,
Australia,,,,,,,,,,,,,
Japan,,,,,,,,,,,,,
Czech Republic,Slovenia,,,,,,,,,,,,
Sweden,,,,,,,,,,,,,
Spain,,,,,,,,,,,,,
Portugal,,,,,,,,,,,,,
USA,,,,,,,,,,,,,
Japan,,,,,,,,,,,,,
Belgium,,,,,,,,,,,,,
New Zealand,,,,,,,,,,,,,
France,,,,,,,,,,,,,
India,,,,,,,,,,,,,
USA,,,,,,,,,,,,,
Denmark,Germany,France,,,,,,,,,,,
Mexico,,,,,,,,,,,,,
USA,,,,,,,,,,,,,
USA,,,,,,,,,,,,,
South Africa,,,,,,,,,,,,,
UK,USA,,,,,,,,,,,,
Korea,USA,,,,,,,,,,,,
France,,,,,,,,,,,,,
Australia,,,,,,,,,,,,,
Germany,,,,,,,,,,,,,
Germany,,,,,,,,,,,,,
China,,,,,,,,,,,,,
Brazil,,,,,,,,,,,,,
Germany,Spain,Argentina,,,,,,,,,,,
Croatia,,,,,,,,,,,,,
France,,,,,,,,,,,,,
India,,,,,,,,,,,,,
France,,,,,,,,,,,,,
UK,,,,,,,,,,,,,
USA,,,,,,,,,,,,,
Canada,,,,,,,,,,,,,
UK,,,,,,,,,,,,,
Mexico,,,,,,,,,,,,,
Korea,,,,,,,,,,,,,
UK,,,,,,,,,,,,,
Korea,,,,,,,,,,,,,
Thailand,Austria,,,,,,,,,,,,
Germany,China,,,,,,,,,,,,
China,,,,,,,,,,,,,
Australia,New Zealand,,,,,,,,,,,,
Spain,,,,,,,,,,,,,
Russia,,,,,,,,,,,,,
Austria,,,,,,,,,,,,,
Portugal,India,,,,,,,,,,,,
Portugal,France,,,,,,,,,,,,
UK,,,,,,,,,,,,,
Australia,,,,,,,,,,,,,
Switzerland,,,,,,,,,,,,,
USA,,,,,,,,,,,,,
China,Norway,,,,,,,,,,,,
Germany,Korea,,,,,,,,,,,,
Serbia,Greece,,,,,,,,,,,,
Argentina,USA,,,,,,,,,,,,
USA,,,,,,,,,,,,,
Burkina Faso,,,,,,,,,,,,,
Saudi Arabia,,,,,,,,,,,,,
Spain,,,,,,,,,,,,,
Taiwan,USA,,,,,,,,,,,,
Italy,,,,,,,,,,,,,
USA,Israel,,,,,,,,,,,,
UK,,,,,,,,,,,,,
Germany,,,,,,,,,,,,,
UK,,,,,,,,,,,,,
France,,,,,,,,,,,,,
China,,,,,,,,,,,,,
China,,,,,,,,,,,,,
France,,,,,,,,,,,,,
Spain,,,,,,,,,,,,,
Poland,Canada,,,,,,,,,,,,
Korea,,,,,,,,,,,,,
Germany,Canada,,,,,,,,,,,,
Germany,,,,,,,,,,,,,
UK,,,,,,,,,,,,,
UK,,,,,,,,,,,,,
USA,,,,,,,,,,,,,
Sweden,Germany,,,,,,,,,,,,
Japan,,,,,,,,,,,,,
Switzerland,,,,,,,,,,,,,
USA,,,,,,,,,,,,,
Belarus,,,,,,,,,,,,,
USA,,,,,,,,,,,,,
Slovenia,Croatia,,,,,,,,,,,,
Italy,,,,,,,,,,,,,
Finland,,,,,,,,,,,,,
USA,,,,,,,,,,,,,
Canada,,,,,,,,,,,,,
Spain,,,,,,,,,,,,,
Spain,,,,,,,,,,,,,
UK,,,,,,,,,,,,,
Taiwan,,,,,,,,,,,,,
Russia,,,,,,,,,,,,,
Mexico,USA,,,,,,,,,,,,
United Arab Emirates,,,,,,,,,,,,,
Singapore,Spain,,,,,,,,,,,,
Spain,,,,,,,,,,,,,
Italy,,,,,,,,,,,,,
France,,,,,,,,,,,,,
Canada,USA,,,,,,,,,,,,
Spain,,,,,,,,,,,,,
Australia,UK,,,,,,,,,,,,
Thailand,China,Norway,,,,,,,,,,,
Italy,,,,,,,,,,,,,
USA,,,,,,,,,,,,,
Germany,,,,,,,,,,,,,
USA,,,,,,,,,,,,,
USA,,,,,,,,,,,,,
Italy,,,,,,,,,,,,,
USA,,,,,,,,,,,,,
USA,,,,,,,,,,,,,
UK,,,,,,,,,,,,,
Turkey,USA,,,,,,,,,,,,
Hungary,,,,,,,,,,,,,
Taiwan,,,,,,,,,,,,,
France,USA,,,,,,,,,,,,
Egypt,France,,,,,,,,,,,,
USA,,,,,,,,,,,,,
Korea,USA,,,,,,,,,,,,
Japan,,,,,,,,,,,,,
Canada,,,,,,,,,,,,,
Bulgaria,,,,,,,,,,,,,
Australia,Malaysia,Singapore,,,,,,,,,,,
USA,,,,,,,,,,,,,
UK,,,,,,,,,,,,,
China,,,,,,,,,,,,,
Turkey,,,,,,,,,,,,,
Portugal,,,,,,,,,,,,,
Israel,,,,,,,,,,,,,
Mexico,,,,,,,,,,,,,
Taiwan,,,,,,,,,,,,,
China,,,,,,,,,,,,,
Sweden,,,,,,,,,,,,,
China,,,,,,,,,,,,,
Hungary,,,,,,,,,,,,,
Lithuania,,,,,,,,,,,,,
Italy,,,,,,,,,,,,,
Russia,,,,,,,,,,,,,
Egypt,Saudi Arabia,,,,,,,,,,,,
The Netherlands,Germany,USA,,,,,,,,,,,
Malaysia,Singapore,,,,,,,,,,,,
Malaysia,Singapore,,,,,,,,,,,,
Malaysia,Singapore,,,,,,,,,,,,
USA,,,,,,,,,,,,,
USA,,,,,,,,,,,,,
India,,,,,,,,,,,,,
USA,,,,,,,,,,,,,
Germany,,,,,,,,,,,,,
Taiwan,,,,,,,,,,,,,
Brazil,,,,,,,,,,,,,
Italy,,,,,,,,,,,,,
China,,,,,,,,,,,,,
USA,,,,,,,,,,,,,
Italy,,,,,,,,,,,,,
Japan,USA,,,,,,,,,,,,
Spain,,,,,,,,,,,,,
Chile,Belgium,,,,,,,,,,,,
Italy,Switzerland,,,,,,,,,,,,
Turkey,,,,,,,,,,,,,
Iran,,,,,,,,,,,,,
Germany,,,,,,,,,,,,,
China,,,,,,,,,,,,,
UK,,,,,,,,,,,,,
Brazil,,,,,,,,,,,,,
India,,,,,,,,,,,,,
Turkey,,,,,,,,,,,,,
Japan,,,,,,,,,,,,,
Spain,,,,,,,,,,,,,
Germany,,,,,,,,,,,,,
Korea,,,,,,,,,,,,,
Austria,,,,,,,,,,,,,
Germany,,,,,,,,,,,,,
USA,,,,,,,,,,,,,
Japan,,,,,,,,,,,,,
The Netherlands,,,,,,,,,,,,,
Japan,,,,,,,,,,,,,
Germany,,,,,,,,,,,,,
Hungary,,,,,,,,,,,,,
Italy,,,,,,,,,,,,,
Korea,,,,,,,,,,,,,
Spain,,,,,,,,,,,,,
Mexico,,,,,,,,,,,,,
Sweden,Ghana,,,,,,,,,,,,
Czech Republic,Germany,,,,,,,,,,,,
India,,,,,,,,,,,,,
Japan,,,,,,,,,,,,,
Spain,,,,,,,,,,,,,
UK,,,,,,,,,,,,,
The Netherlands,Malaysia,,,,,,,,,,,,
China,,,,,,,,,,,,,
Italy,Switzerland,,,,,,,,,,,,
USA,,,,,,,,,,,,,
Switzerland,USA,,,,,,,,,,,,
Japan,,,,,,,,,,,,,
Taiwan,,,,,,,,,,,,,
France,USA,,,,,,,,,,,,
Belgium,,,,,,,,,,,,,
USA,,,,,,,,,,,,,
USA,,,,,,,,,,,,,
China,,,,,,,,,,,,,
USA,,,,,,,,,,,,,
USA,,,,,,,,,,,,,
Spain,,,,,,,,,,,,,
UK,,,,,,,,,,,,,
USA,,,,,,,,,,,,,
Poland,,,,,,,,,,,,,
Japan,,,,,,,,,,,,,
Korea,,,,,,,,,,,,,
Malaysia,,,,,,,,,,,,,
Malaysia,,,,,,,,,,,,,
France,,,,,,,,,,,,,
USA,,,,,,,,,,,,,
Italy,UK,,,,,,,,,,,,
Germany,,,,,,,,,,,,,
Austria,,,,,,,,,,,,,
France,,,,,,,,,,,,,
USA,,,,,,,,,,,,,
Italy,,,,,,,,,,,,,
Russia,,,,,,,,,,,,,
France,,,,,,,,,,,,,
Japan,,,,,,,,,,,,,
Turkey,,,,,,,,,,,,,
Iran,,,,,,,,,,,,,
Turkey,,,,,,,,,,,,,
India,,,,,,,,,,,,,
Azerbaijan,Turkey,,,,,,,,,,,,
Turkey,,,,,,,,,,,,,
Turkey,,,,,,,,,,,,,
Turkey,,,,,,,,,,,,,
Turkey,USA,,,,,,,,,,,,
Turkey,,,,,,,,,,,,,
Turkey,,,,,,,,,,,,,
Turkey,,,,,,,,,,,,,
Turkey,,,,,,,,,,,,,
Germany,,,,,,,,,,,,,
Russia,,,,,,,,,,,,,
Brazil,,,,,,,,,,,,,
Italy,,,,,,,,,,,,,
Germany,,,,,,,,,,,,,
Denmark,,,,,,,,,,,,,
USA,,,,,,,,,,,,,
Spain,,,,,,,,,,,,,
Germany,,,,,,,,,,,,,
Australia,,,,,,,,,,,,,
Canada,,,,,,,,,,,,,
USA,,,,,,,,,,,,,
USA,,,,,,,,,,,,,
UK,,,,,,,,,,,,,
Italy,,,,,,,,,,,,,
USA,,,,,,,,,,,,,
The Netherlands,,,,,,,,,,,,,
China,,,,,,,,,,,,,
Japan,,,,,,,,,,,,,
Serbia,,,,,,,,,,,,,
USA,,,,,,,,,,,,,
Korea,USA,,,,,,,,,,,,
Hungary,,,,,,,,,,,,,
China,,,,,,,,,,,,,
USA,,,,,,,,,,,,,
The Netherlands,Belgium,,,,,,,,,,,,
Italy,,,,,,,,,,,,,
China,,,,,,,,,,,,,
China,,,,,,,,,,,,,
Sweden,,,,,,,,,,,,,
Germany,,,,,,,,,,,,,
Finland,,,,,,,,,,,,,
USA,,,,,,,,,,,,,
Japan,,,,,,,,,,,,,
Italy,,,,,,,,,,,,,
Korea,,,,,,,,,,,,,
Malaysia,,,,,,,,,,,,,
Malaysia,France,Japan,,,,,,,,,,,
Italy,UK,,,,,,,,,,,,
New Zealand,,,,,,,,,,,,,
China,USA,,,,,,,,,,,,
Korea,Japan,,,,,,,,,,,,
Norway,,,,,,,,,,,,,
Sweden,USA,,,,,,,,,,,,
France,Switzerland,,,,,,,,,,,,
UK,,,,,,,,,,,,,
Saudi Arabia,,,,,,,,,,,,,
Japan,,,,,,,,,,,,,
Italy,,,,,,,,,,,,,
China,,,,,,,,,,,,,
Brazil,,,,,,,,,,,,,
Japan,,,,,,,,,,,,,
The Netherlands,Sweden,,,,,,,,,,,,
UK,,,,,,,,,,,,,
Sweden,,,,,,,,,,,,,
Brazil,,,,,,,,,,,,,
Japan,,,,,,,,,,,,,
United Arab Emirates,Iraq,Oman,,,,,,,,,,,
China,,,,,,,,,,,,,
USA,,,,,,,,,,,,,
Taiwan,,,,,,,,,,,,,
Canada,,,,,,,,,,,,,
Japan,,,,,,,,,,,,,
Italy,,,,,,,,,,,,,
China,Canada,,,,,,,,,,,,
USA,,,,,,,,,,,,,
The Netherlands,,,,,,,,,,,,,
Egypt,Saudi Arabia,,,,,,,,,,,,
Belgium,USA,,,,,,,,,,,,
Taiwan,,,,,,,,,,,,,
Spain,,,,,,,,,,,,,
USA,,,,,,,,,,,,,
Italy,France,,,,,,,,,,,,
Italy,France,,,,,,,,,,,,
France,,,,,,,,,,,,,
Morocco,Canada,,,,,,,,,,,,
Japan,,,,,,,,,,,,,
Macedonia,USA,,,,,,,,,,,,
Taiwan,,,,,,,,,,,,,
Spain,,,,,,,,,,,,,
Taiwan,,,,,,,,,,,,,
Serbia,,,,,,,,,,,,,
Italy,,,,,,,,,,,,,
Italy,UK,USA,,,,,,,,,,,
Italy,,,,,,,,,,,,,
Italy,,,,,,,,,,,,,
Germany,,,,,,,,,,,,,
Italy,,,,,,,,,,,,,
Malaysia,,,,,,,,,,,,,
USA,,,,,,,,,,,,,
Portugal,,,,,,,,,,,,,
USA,,,,,,,,,,,,,
Malaysia,,,,,,,,,,,,,
Japan,,,,,,,,,,,,,
Korea,,,,,,,,,,,,,
Korea,China,,,,,,,,,,,,
China,,,,,,,,,,,,,
USA,,,,,,,,,,,,,
Australia,,,,,,,,,,,,,
USA,,,,,,,,,,,,,
Korea,,,,,,,,,,,,,
Sweden,,,,,,,,,,,,,
UK,,,,,,,,,,,,,
Lebanon,,,,,,,,,,,,,
Sweden,,,,,,,,,,,,,
Brazil,,,,,,,,,,,,,
Italy,USA,,,,,,,,,,,,
Italy,,,,,,,,,,,,,
Italy,,,,,,,,,,,,,
China,,,,,,,,,,,,,
Turkey,,,,,,,,,,,,,
Korea,,,,,,,,,,,,,
Turkey,,,,,,,,,,,,,
Belgium,,,,,,,,,,,,,
Germany,,,,,,,,,,,,,
Japan,,,,,,,,,,,,,
China,,,,,,,,,,,,,
China,,,,,,,,,,,,,
China,,,,,,,,,,,,,
China,,,,,,,,,,,,,
China,,,,,,,,,,,,,
Belgium,,,,,,,,,,,,,
Taiwan,USA,,,,,,,,,,,,
China,,,,,,,,,,,,,
Finland,,,,,,,,,,,,,
Finland,,,,,,,,,,,,,
China,,,,,,,,,,,,,
China,,,,,,,,,,,,,
China,,,,,,,,,,,,,
Finland,,,,,,,,,,,,,
Italy,,,,,,,,,,,,,
Germany,China,,,,,,,,,,,,
Taiwan,,,,,,,,,,,,,
Sweden,,,,,,,,,,,,,
China,,,,,,,,,,,,,
Taiwan,,,,,,,,,,,,,
Japan,,,,,,,,,,,,,
Taiwan,,,,,,,,,,,,,
Japan,,,,,,,,,,,,,
Taiwan,,,,,,,,,,,,,
Japan,,,,,,,,,,,,,
Germany,,,,,,,,,,,,,
Germany,,,,,,,,,,,,,
Romania,,,,,,,,,,,,,
Korea,,,,,,,,,,,,,
UK,,,,,,,,,,,,,
Korea,,,,,,,,,,,,,
Switzerland,,,,,,,,,,,,,
Germany,,,,,,,,,,,,,
Japan,,,,,,,,,,,,,
Germany,,,,,,,,,,,,,
China,,,,,,,,,,,,,
USA,,,,,,,,,,,,,
France,Hungary,,,,,,,,,,,,
USA,,,,,,,,,,,,,
USA,,,,,,,,,,,,,
Germany,,,,,,,,,,,,,
Japan,USA,,,,,,,,,,,,
Spain,,,,,,,,,,,,,
Italy,,,,,,,,,,,,,
USA,,,,,,,,,,,,,
USA,,,,,,,,,,,,,
Taiwan,,,,,,,,,,,,,
Mexico,Spain,,,,,,,,,,,,
Taiwan,,,,,,,,,,,,,
USA,,,,,,,,,,,,,
Israel,USA,,,,,,,,,,,,
Poland,,,,,,,,,,,,,
China,,,,,,,,,,,,,
Spain,,,,,,,,,,,,,
Malaysia,,,,,,,,,,,,,
USA,,,,,,,,,,,,,
Ireland,,,,,,,,,,,,,
Italy,,,,,,,,,,,,,
Italy,Israel,,,,,,,,,,,,
Australia,,,,,,,,,,,,,
The Netherlands,,,,,,,,,,,,,
Japan,,,,,,,,,,,,,
Canada,,,,,,,,,,,,,
USA,,,,,,,,,,,,,
Canada,USA,,,,,,,,,,,,
USA,,,,,,,,,,,,,
USA,,,,,,,,,,,,,
Uruguay,,,,,,,,,,,,,
Germany,,,,,,,,,,,,,
Italy,,,,,,,,,,,,,
Taiwan,,,,,,,,,,,,,
Spain,,,,,,,,,,,,,
Taiwan,,,,,,,,,,,,,
China,,,,,,,,,,,,,
Germany,,,,,,,,,,,,,
Austria,,,,,,,,,,,,,
Italy,,,,,,,,,,,,,
China,,,,,,,,,,,,,
China,,,,,,,,,,,,,
Serbia,,,,,,,,,,,,,
Italy,,,,,,,,,,,,,
Brazil,,,,,,,,,,,,,
Israel,,,,,,,,,,,,,
Taiwan,,,,,,,,,,,,,
China,,,,,,,,,,,,,
Korea,,,,,,,,,,,,,
France,USA,,,,,,,,,,,,
Australia,USA,,,,,,,,,,,,
Jordan,,,,,,,,,,,,,
USA,,,,,,,,,,,,,
UK,,,,,,,,,,,,,
USA,,,,,,,,,,,,,
Macedonia,,,,,,,,,,,,,
Lebanon,USA,,,,,,,,,,,,
Sweden,,,,,,,,,,,,,
Germany,,,,,,,,,,,,,
USA,,,,,,,,,,,,,
USA,,,,,,,,,,,,,
The Netherlands,Germany,,,,,,,,,,,,
Japan,,,,,,,,,,,,,
China,,,,,,,,,,,,,
USA,,,,,,,,,,,,,
Australia,,,,,,,,,,,,,
Finland,,,,,,,,,,,,,
Germany,,,,,,,,,,,,,
Russia,,,,,,,,,,,,,
Canada,,,,,,,,,,,,,
Cuba,,,,,,,,,,,,,
India,USA,,,,,,,,,,,,
USA,,,,,,,,,,,,,
China,Taiwan,,,,,,,,,,,,
USA,,,,,,,,,,,,,
South Africa,,,,,,,,,,,,,
USA,,,,,,,,,,,,,
Serbia,,,,,,,,,,,,,
Denmark,,,,,,,,,,,,,
Germany,,,,,,,,,,,,,
Australia,,,,,,,,,,,,,
Poland,,,,,,,,,,,,,
Slovenia,,,,,,,,,,,,,
Brazil,,,,,,,,,,,,,
Sweden,,,,,,,,,,,,,
UK,,,,,,,,,,,,,
Indonesia,Japan,,,,,,,,,,,,
USA,,,,,,,,,,,,,
USA,,,,,,,,,,,,,
Austria,,,,,,,,,,,,,
Finland,,,,,,,,,,,,,
Egypt,Germany,Saudi Arabia,,,,,,,,,,,
Korea,,,,,,,,,,,,,
USA,,,,,,,,,,,,,
Italy,,,,,,,,,,,,,
The Netherlands,,,,,,,,,,,,,
India,,,,,,,,,,,,,
Greece,,,,,,,,,,,,,
Japan,,,,,,,,,,,,,
Japan,,,,,,,,,,,,,
Malaysia,France,,,,,,,,,,,,
Germany,,,,,,,,,,,,,
USA,,,,,,,,,,,,,
China,,,,,,,,,,,,,
USA,,,,,,,,,,,,,
Japan,,,,,,,,,,,,,
Japan,,,,,,,,,,,,,
Germany,,,,,,,,,,,,,
Japan,,,,,,,,,,,,,
France,,,,,,,,,,,,,
Poland,USA,,,,,,,,,,,,
Canada,,,,,,,,,,,,,
Czech Republic,,,,,,,,,,,,,
Australia,China,,,,,,,,,,,,
Poland,,,,,,,,,,,,,
Japan,,,,,,,,,,,,,
China,,,,,,,,,,,,,
Australia,,,,,,,,,,,,,
UK,,,,,,,,,,,,,
USA,,,,,,,,,,,,,
UK,,,,,,,,,,,,,
Greece,,,,,,,,,,,,,
UK,,,,,,,,,,,,,
South Africa,,,,,,,,,,,,,
UK,,,,,,,,,,,,,
Italy,,,,,,,,,,,,,
UK,,,,,,,,,,,,,
Saudi Arabia,,,,,,,,,,,,,
Saudi Arabia,,,,,,,,,,,,,
USA,,,,,,,,,,,,,
Japan,,,,,,,,,,,,,
Spain,,,,,,,,,,,,,
Spain,,,,,,,,,,,,,
USA,,,,,,,,,,,,,
Portugal,,,,,,,,,,,,,
France,,,,,,,,,,,,,
Portugal,,,,,,,,,,,,,
Germany,,,,,,,,,,,,,
Germany,UK,,,,,,,,,,,,
Germany,,,,,,,,,,,,,
Brazil,,,,,,,,,,,,,
Spain,,,,,,,,,,,,,
UK,,,,,,,,,,,,,
Spain,,,,,,,,,,,,,
USA,,,,,,,,,,,,,
China,,,,,,,,,,,,,
China,,,,,,,,,,,,,
Brazil,Mexico,,,,,,,,,,,,
USA,,,,,,,,,,,,,
Saudi Arabia,,,,,,,,,,,,,
China,,,,,,,,,,,,,
Colombia,Spain,,,,,,,,,,,,
USA,,,,,,,,,,,,,
Italy,,,,,,,,,,,,,
Canada,,,,,,,,,,,,,
USA,,,,,,,,,,,,,
Italy,,,,,,,,,,,,,
Germany,,,,,,,,,,,,,
Sweden,UK,,,,,,,,,,,,
Canada,,,,,,,,,,,,,
China,,,,,,,,,,,,,
USA,,,,,,,,,,,,,
China,,,,,,,,,,,,,
Japan,,,,,,,,,,,,,
Israel,,,,,,,,,,,,,
Greece,,,,,,,,,,,,,
The Netherlands,,,,,,,,,,,,,
Malaysia,,,,,,,,,,,,,
China,,,,,,,,,,,,,
The Netherlands,,,,,,,,,,,,,
China,USA,,,,,,,,,,,,
USA,,,,,,,,,,,,,
Canada,,,,,,,,,,,,,
Israel,,,,,,,,,,,,,
Germany,,,,,,,,,,,,,
Japan,,,,,,,,,,,,,
New Zealand,,,,,,,,,,,,,
France,,,,,,,,,,,,,
USA,,,,,,,,,,,,,
Spain,USA,,,,,,,,,,,,
Spain,,,,,,,,,,,,,
Japan,,,,,,,,,,,,,
Korea,,,,,,,,,,,,,
Jordan,,,,,,,,,,,,,
Belgium,USA,,,,,,,,,,,,
Germany,,,,,,,,,,,,,
Thailand,,,,,,,,,,,,,
Spain,,,,,,,,,,,,,
Canada,,,,,,,,,,,,,
Saudi Arabia,,,,,,,,,,,,,
USA,,,,,,,,,,,,,
Sweden,,,,,,,,,,,,,
Germany,UK,,,,,,,,,,,,
Italy,,,,,,,,,,,,,
UK,,,,,,,,,,,,,
USA,,,,,,,,,,,,,
USA,,,,,,,,,,,,,
Japan,,,,,,,,,,,,,
China,,,,,,,,,,,,,
Sweden,Estonia,,,,,,,,,,,,
Italy,,,,,,,,,,,,,
Armenia,Iran,,,,,,,,,,,,
USA,,,,,,,,,,,,,
UK,,,,,,,,,,,,,
Taiwan,,,,,,,,,,,,,
Malaysia,,,,,,,,,,,,,
India,USA,,,,,,,,,,,,
USA,,,,,,,,,,,,,
Sweden,,,,,,,,,,,,,
UK,,,,,,,,,,,,,
Canada,,,,,,,,,,,,,
Greece,USA,UK,,,,,,,,,,,
Canada,,,,,,,,,,,,,
USA,,,,,,,,,,,,,
Italy,,,,,,,,,,,,,
Croatia,,,,,,,,,,,,,
Romania,,,,,,,,,,,,,
Germany,,,,,,,,,,,,,
France,Russia,,,,,,,,,,,,
Canada,,,,,,,,,,,,,
USA,,,,,,,,,,,,,
China,,,,,,,,,,,,,
USA,,,,,,,,,,,,,
Kyrgyzstan,,,,,,,,,,,,,
Canada,,,,,,,,,,,,,
Ukraine,,,,,,,,,,,,,
Romania,,,,,,,,,,,,,
Italy,,,,,,,,,,,,,
Pakistan,,,,,,,,,,,,,
USA,,,,,,,,,,,,,
USA,,,,,,,,,,,,,
USA,,,,,,,,,,,,,
Canada,,,,,,,,,,,,,
Australia,UK,,,,,,,,,,,,
Japan,,,,,,,,,,,,,
Switzerland,,,,,,,,,,,,,
Austria,,,,,,,,,,,,,
Mexico,,,,,,,,,,,,,
Turkey,,,,,,,,,,,,,
USA,,,,,,,,,,,,,
Brazil,,,,,,,,,,,,,
UK,,,,,,,,,,,,,
Canada,USA,,,,,,,,,,,,
Spain,,,,,,,,,,,,,
Spain,UK,,,,,,,,,,,,
Australia,,,,,,,,,,,,,
Thailand,,,,,,,,,,,,,
Turkey,,,,,,,,,,,,,
China,,,,,,,,,,,,,
Denmark,UK,,,,,,,,,,,,
Japan,,,,,,,,,,,,,
China,,,,,,,,,,,,,
China,,,,,,,,,,,,,
Australia,,,,,,,,,,,,,
Japan,,,,,,,,,,,,,
Thailand,UK,,,,,,,,,,,,
Italy,,,,,,,,,,,,,
China,,,,,,,,,,,,,
USA,,,,,,,,,,,,,
France,,,,,,,,,,,,,
UK,,,,,,,,,,,,,
Germany,,,,,,,,,,,,,
Italy,,,,,,,,,,,,,
France,,,,,,,,,,,,,
USA,,,,,,,,,,,,,
Taiwan,,,,,,,,,,,,,
USA,,,,,,,,,,,,,
Italy,,,,,,,,,,,,,
Iran,,,,,,,,,,,,,
Saudi Arabia,,,,,,,,,,,,,
Japan,USA,,,,,,,,,,,,
China,Japan,,,,,,,,,,,,
France,Japan,,,,,,,,,,,,
USA,,,,,,,,,,,,,
Israel,,,,,,,,,,,,,
USA,,,,,,,,,,,,,
Germany,Canada,,,,,,,,,,,,
China,,,,,,,,,,,,,
Australia,,,,,,,,,,,,,
USA,,,,,,,,,,,,,
Italy,,,,,,,,,,,,,
Italy,,,,,,,,,,,,,
Italy,,,,,,,,,,,,,
India,,,,,,,,,,,,,
Taiwan,,,,,,,,,,,,,
Ecuador,Peru,Japan,,,,,,,,,,,
Spain,,,,,,,,,,,,,
UK,,,,,,,,,,,,,
Germany,,,,,,,,,,,,,
Portugal,Spain,,,,,,,,,,,,
Australia,India,Italy,UK,Canada,,,,,,,,,
Japan,,,,,,,,,,,,,
Italy,,,,,,,,,,,,,
Italy,Croatia,,,,,,,,,,,,
USA,,,,,,,,,,,,,
Australia,,,,,,,,,,,,,
Germany,Korea,,,,,,,,,,,,
Italy,,,,,,,,,,,,,
Denmark,,,,,,,,,,,,,
Belgium,,,,,,,,,,,,,
USA,,,,,,,,,,,,,
Colombia,,,,,,,,,,,,,
USA,,,,,,,,,,,,,
Iran,,,,,,,,,,,,,
Italy,,,,,,,,,,,,,
Taiwan,,,,,,,,,,,,,
Taiwan,,,,,,,,,,,,,
Germany,,,,,,,,,,,,,
Germany,Turkey,,,,,,,,,,,,
Mexico,,,,,,,,,,,,,
Japan,,,,,,,,,,,,,
Germany,Austria,,,,,,,,,,,,
Taiwan,,,,,,,,,,,,,
Japan,,,,,,,,,,,,,
UK,,,,,,,,,,,,,
Taiwan,,,,,,,,,,,,,
Czech Republic,,,,,,,,,,,,,
Italy,,,,,,,,,,,,,
USA,,,,,,,,,,,,,
Croatia,,,,,,,,,,,,,
Saudi Arabia,,,,,,,,,,,,,
Germany,,,,,,,,,,,,,
Spain,,,,,,,,,,,,,
Spain,,,,,,,,,,,,,
Japan,,,,,,,,,,,,,
Canada,,,,,,,,,,,,,
USA,,,,,,,,,,,,,
USA,,,,,,,,,,,,,
China,,,,,,,,,,,,,
USA,,,,,,,,,,,,,
USA,,,,,,,,,,,,,
Canada,,,,,,,,,,,,,
USA,,,,,,,,,,,,,
Canada,,,,,,,,,,,,,
China,,,,,,,,,,,,,
Thailand,Taiwan,USA,,,,,,,,,,,
China,,,,,,,,,,,,,
Portugal,,,,,,,,,,,,,
Portugal,,,,,,,,,,,,,
Germany,,,,,,,,,,,,,
Canada,,,,,,,,,,,,,
USA,,,,,,,,,,,,,
Belgium,,,,,,,,,,,,,
China,,,,,,,,,,,,,
USA,,,,,,,,,,,,,
Spain,USA,,,,,,,,,,,,
France,,,,,,,,,,,,,
Canada,,,,,,,,,,,,,
Finland,,,,,,,,,,,,,
China,,,,,,,,,,,,,
Belgium,,,,,,,,,,,,,
The Netherlands,,,,,,,,,,,,,
USA,,,,,,,,,,,,,
Germany,,,,,,,,,,,,,
USA,,,,,,,,,,,,,
China,,,,,,,,,,,,,
Australia,,,,,,,,,,,,,
Hungary,,,,,,,,,,,,,
India,USA,,,,,,,,,,,,
USA,,,,,,,,,,,,,
Switzerland,,,,,,,,,,,,,
Spain,,,,,,,,,,,,,
Belgium,USA,,,,,,,,,,,,
Spain,,,,,,,,,,,,,
USA,,,,,,,,,,,,,
Korea,,,,,,,,,,,,,
Korea,,,,,,,,,,,,,
Italy,,,,,,,,,,,,,
USA,,,,,,,,,,,,,
Austria,,,,,,,,,,,,,
Finland,,,,,,,,,,,,,
Korea,Italy,,,,,,,,,,,,
USA,,,,,,,,,,,,,
Poland,Germany,,,,,,,,,,,,
USA,,,,,,,,,,,,,
Serbia,,,,,,,,,,,,,
Jordan,Saudi Arabia,USA,,,,,,,,,,,
The Netherlands,,,,,,,,,,,,,
Mexico,,,,,,,,,,,,,
Germany,,,,,,,,,,,,,
USA,,,,,,,,,,,,,
USA,,,,,,,,,,,,,
Ireland,,,,,,,,,,,,,
Switzerland,,,,,,,,,,,,,
Australia,USA,UK,,,,,,,,,,,
USA,,,,,,,,,,,,,
Japan,,,,,,,,,,,,,
China,,,,,,,,,,,,,
USA,,,,,,,,,,,,,
USA,,,,,,,,,,,,,
Italy,,,,,,,,,,,,,
USA,,,,,,,,,,,,,
USA,,,,,,,,,,,,,
Brazil,,,,,,,,,,,,,
UK,Russia,Japan,Canada,,,,,,,,,,
Japan,,,,,,,,,,,,,
USA,,,,,,,,,,,,,
Macedonia,,,,,,,,,,,,,
USA,,,,,,,,,,,,,
The Netherlands,UK,,,,,,,,,,,,
Italy,,,,,,,,,,,,,
Germany,,,,,,,,,,,,,
Italy,,,,,,,,,,,,,
Portugal,,,,,,,,,,,,,
Australia,,,,,,,,,,,,,
USA,,,,,,,,,,,,,
USA,,,,,,,,,,,,,
Belgium,,,,,,,,,,,,,
Germany,,,,,,,,,,,,,
Germany,India,Nepal,,,,,,,,,,,
USA,,,,,,,,,,,,,
USA,,,,,,,,,,,,,
Japan,,,,,,,,,,,,,
UK,,,,,,,,,,,,,
USA,,,,,,,,,,,,,
USA,,,,,,,,,,,,,
China,,,,,,,,,,,,,
Spain,,,,,,,,,,,,,
Germany,USA,,,,,,,,,,,,
Denmark,,,,,,,,,,,,,
USA,,,,,,,,,,,,,
Germany,,,,,,,,,,,,,
USA,,,,,,,,,,,,,
Italy,,,,,,,,,,,,,
Canada,,,,,,,,,,,,,
Italy,,,,,,,,,,,,,
USA,,,,,,,,,,,,,
USA,,,,,,,,,,,,,
Germany,,,,,,,,,,,,,
USA,,,,,,,,,,,,,
USA,Tunisia,,,,,,,,,,,,
Algeria,France,,,,,,,,,,,,
France,,,,,,,,,,,,,
France,,,,,,,,,,,,,
Saudi Arabia,,,,,,,,,,,,,
Czech Republic,Slovenia,Slovakia,,,,,,,,,,,
Ukraine,USA,,,,,,,,,,,,
Thailand,,,,,,,,,,,,,
Malaysia,,,,,,,,,,,,,
Germany,China,,,,,,,,,,,,
USA,,,,,,,,,,,,,
Canada,,,,,,,,,,,,,
Jordan,USA,,,,,,,,,,,,
USA,,,,,,,,,,,,,
Canada,,,,,,,,,,,,,
Switzerland,,,,,,,,,,,,,
Germany,Italy,,,,,,,,,,,,
USA,,,,,,,,,,,,,
Australia,,,,,,,,,,,,,
Portugal,UK,,,,,,,,,,,,
Singapore,Japan,,,,,,,,,,,,
Denmark,,,,,,,,,,,,,
Canada,,,,,,,,,,,,,
USA,,,,,,,,,,,,,
Australia,Canada,,,,,,,,,,,,
Spain,,,,,,,,,,,,,
Austria,,,,,,,,,,,,,
Japan,,,,,,,,,,,,,
Greece,,,,,,,,,,,,,
Greece,,,,,,,,,,,,,
New Zealand,Finland,,,,,,,,,,,,
USA,,,,,,,,,,,,,
Italy,,,,,,,,,,,,,
Germany,,,,,,,,,,,,,
Jordan,,,,,,,,,,,,,
USA,,,,,,,,,,,,,
Italy,,,,,,,,,,,,,
Brazil,Japan,USA,,,,,,,,,,,
Japan,,,,,,,,,,,,,
Australia,,,,,,,,,,,,,
Australia,,,,,,,,,,,,,
New Zealand,,,,,,,,,,,,,
USA,,,,,,,,,,,,,
USA,,,,,,,,,,,,,
Russia,Canada,,,,,,,,,,,,
Thailand,,,,,,,,,,,,,
USA,,,,,,,,,,,,,
USA,,,,,,,,,,,,,
Canada,,,,,,,,,,,,,
USA,,,,,,,,,,,,,
Taiwan,,,,,,,,,,,,,
Denmark,,,,,,,,,,,,,
Canada,USA,,,,,,,,,,,,
USA,,,,,,,,,,,,,
China,,,,,,,,,,,,,
USA,,,,,,,,,,,,,
Canada,,,,,,,,,,,,,
Switzerland,,,,,,,,,,,,,
UK,USA,,,,,,,,,,,,
Japan,,,,,,,,,,,,,
Spain,,,,,,,,,,,,,
Japan,,,,,,,,,,,,,
Austria,,,,,,,,,,,,,
Australia,,,,,,,,,,,,,
Italy,Canada,,,,,,,,,,,,
China,Korea,,,,,,,,,,,,
USA,,,,,,,,,,,,,
Spain,,,,,,,,,,,,,
China,Korea,,,,,,,,,,,,
UK,,,,,,,,,,,,,
Spain,,,,,,,,,,,,,
New Zealand,United Arab Emirates,,,,,,,,,,,,
Taiwan,,,,,,,,,,,,,
USA,,,,,,,,,,,,,
China,USA,,,,,,,,,,,,
Japan,,,,,,,,,,,,,
USA,,,,,,,,,,,,,
Australia,,,,,,,,,,,,,
Poland,,,,,,,,,,,,,
Australia,,,,,,,,,,,,,
Australia,,,,,,,,,,,,,
Australia,,,,,,,,,,,,,
Spain,Argentina,,,,,,,,,,,,
Italy,,,,,,,,,,,,,
Japan,,,,,,,,,,,,,
Italy,,,,,,,,,,,,,
USA,,,,,,,,,,,,,
Poland,,,,,,,,,,,,,
China,,,,,,,,,,,,,
Hungary,,,,,,,,,,,,,
Japan,,,,,,,,,,,,,
USA,,,,,,,,,,,,,
Italy,,,,,,,,,,,,,
China,,,,,,,,,,,,,
Austria,,,,,,,,,,,,,
Japan,,,,,,,,,,,,,
USA,,,,,,,,,,,,,
USA,,,,,,,,,,,,,
France,Turkey,,,,,,,,,,,,
Germany,,,,,,,,,,,,,
Japan,,,,,,,,,,,,,
Italy,,,,,,,,,,,,,
Morocco,France,,,,,,,,,,,,
Italy,,,,,,,,,,,,,
The Netherlands,,,,,,,,,,,,,
Switzerland,UK,,,,,,,,,,,,
Australia,USA,,,,,,,,,,,,
Hungary,,,,,,,,,,,,,
China,,,,,,,,,,,,,
Czech Republic,,,,,,,,,,,,,
Taiwan,,,,,,,,,,,,,
China,,,,,,,,,,,,,
Spain,,,,,,,,,,,,,
Belgium,,,,,,,,,,,,,
Austria,,,,,,,,,,,,,
Canada,,,,,,,,,,,,,
Denmark,,,,,,,,,,,,,
Italy,,,,,,,,,,,,,
Australia,,,,,,,,,,,,,
China,,,,,,,,,,,,,
USA,,,,,,,,,,,,,
Canada,,,,,,,,,,,,,
Austria,,,,,,,,,,,,,
Canada,USA,,,,,,,,,,,,
Spain,France,,,,,,,,,,,,
Ghana,,,,,,,,,,,,,
Japan,,,,,,,,,,,,,
Portugal,,,,,,,,,,,,,
Malaysia,USA,,,,,,,,,,,,
Canada,,,,,,,,,,,,,
India,USA,,,,,,,,,,,,
Portugal,,,,,,,,,,,,,
UK,,,,,,,,,,,,,
Brazil,,,,,,,,,,,,,
China,,,,,,,,,,,,,
Estonia,,,,,,,,,,,,,
USA,,,,,,,,,,,,,
Australia,,,,,,,,,,,,,
USA,,,,,,,,,,,,,
Germany,Switzerland,USA,,,,,,,,,,,
Australia,,,,,,,,,,,,,
China,,,,,,,,,,,,,
USA,,,,,,,,,,,,,
USA,,,,,,,,,,,,,
China,,,,,,,,,,,,,
Taiwan,,,,,,,,,,,,,
China,USA,,,,,,,,,,,,
Italy,,,,,,,,,,,,,
Brazil,,,,,,,,,,,,,
USA,,,,,,,,,,,,,
Italy,,,,,,,,,,,,,
Spain,,,,,,,,,,,,,
China,,,,,,,,,,,,,
Switzerland,,,,,,,,,,,,,
Germany,Saudi Arabia,,,,,,,,,,,,
Australia,,,,,,,,,,,,,
Norway,UK,,,,,,,,,,,,
Switzerland,,,,,,,,,,,,,
China,USA,,,,,,,,,,,,
China,,,,,,,,,,,,,
Malaysia,,,,,,,,,,,,,
Italy,,,,,,,,,,,,,
Taiwan,,,,,,,,,,,,,
Brazil,,,,,,,,,,,,,
Italy,,,,,,,,,,,,,
Italy,USA,,,,,,,,,,,,
USA,,,,,,,,,,,,,
Germany,,,,,,,,,,,,,
Denmark,,,,,,,,,,,,,
USA,,,,,,,,,,,,,
Brazil,USA,,,,,,,,,,,,
Austria,,,,,,,,,,,,,
Czech Republic,,,,,,,,,,,,,
France,,,,,,,,,,,,,
UK,,,,,,,,,,,,,
Germany,,,,,,,,,,,,,
Australia,,,,,,,,,,,,,
Switzerland,,,,,,,,,,,,,
Canada,,,,,,,,,,,,,
Spain,UK,,,,,,,,,,,,
Finland,,,,,,,,,,,,,
USA,,,,,,,,,,,,,
France,,,,,,,,,,,,,
China,,,,,,,,,,,,,
Australia,USA,,,,,,,,,,,,
Australia,,,,,,,,,,,,,
Turkey,,,,,,,,,,,,,
Thailand,,,,,,,,,,,,,
Finland,,,,,,,,,,,,,
Norway,,,,,,,,,,,,,
USA,,,,,,,,,,,,,
Italy,,,,,,,,,,,,,
China,,,,,,,,,,,,,
China,,,,,,,,,,,,,
China,,,,,,,,,,,,,
UK,,,,,,,,,,,,,
Germany,,,,,,,,,,,,,
USA,,,,,,,,,,,,,
UK,,,,,,,,,,,,,
Israel,,,,,,,,,,,,,
The Netherlands,,,,,,,,,,,,,
Japan,,,,,,,,,,,,,
USA,,,,,,,,,,,,,
China,,,,,,,,,,,,,
Spain,,,,,,,,,,,,,
Venezuela,,,,,,,,,,,,,
China,Canada,,,,,,,,,,,,
Portugal,,,,,,,,,,,,,
UK,,,,,,,,,,,,,
China,Italy,,,,,,,,,,,,
Saudi Arabia,,,,,,,,,,,,,
Spain,,,,,,,,,,,,,
Spain,,,,,,,,,,,,,
India,,,,,,,,,,,,,
France,,,,,,,,,,,,,
China,France,USA,,,,,,,,,,,
USA,,,,,,,,,,,,,
India,,,,,,,,,,,,,
Japan,,,,,,,,,,,,,
USA,,,,,,,,,,,,,
USA,,,,,,,,,,,,,
Hungary,,,,,,,,,,,,,
Spain,Argentina,,,,,,,,,,,,
Sweden,,,,,,,,,,,,,
Greece,,,,,,,,,,,,,
China,Korea,,,,,,,,,,,,
USA,,,,,,,,,,,,,
USA,,,,,,,,,,,,,
France,,,,,,,,,,,,,
China,Finland,,,,,,,,,,,,
Argentina,,,,,,,,,,,,,
USA,,,,,,,,,,,,,
Japan,,,,,,,,,,,,,
The Netherlands,,,,,,,,,,,,,
China,,,,,,,,,,,,,
USA,,,,,,,,,,,,,
Serbia,,,,,,,,,,,,,
USA,,,,,,,,,,,,,
Spain,USA,,,,,,,,,,,,
Italy,,,,,,,,,,,,,
Taiwan,,,,,,,,,,,,,
Thailand,,,,,,,,,,,,,
Czech Republic,,,,,,,,,,,,,
USA,,,,,,,,,,,,,
Spain,,,,,,,,,,,,,
Poland,,,,,,,,,,,,,
Japan,,,,,,,,,,,,,
Austria,,,,,,,,,,,,,
India,,,,,,,,,,,,,
Japan,,,,,,,,,,,,,
Iran,,,,,,,,,,,,,
Saudi Arabia,,,,,,,,,,,,,
Italy,,,,,,,,,,,,,
Germany,,,,,,,,,,,,,
USA,,,,,,,,,,,,,
Turkey,,,,,,,,,,,,,
Australia,,,,,,,,,,,,,
Ecuador,,,,,,,,,,,,,
Germany,,,,,,,,,,,,,
Spain,,,,,,,,,,,,,
Luxembourg,,,,,,,,,,,,,
The Netherlands,Japan,,,,,,,,,,,,
USA,,,,,,,,,,,,,
Germany,,,,,,,,,,,,,
Finland,,,,,,,,,,,,,
Belgium,,,,,,,,,,,,,
Malawi,Greece,USA,Zambia,,,,,,,,,,
Portugal,,,,,,,,,,,,,
Korea,,,,,,,,,,,,,
Taiwan,,,,,,,,,,,,,
UK,,,,,,,,,,,,,
Korea,,,,,,,,,,,,,
China,,,,,,,,,,,,,
Canada,USA,,,,,,,,,,,,
Turkey,,,,,,,,,,,,,
USA,,,,,,,,,,,,,
Spain,Finland,,,,,,,,,,,,
Thailand,USA,,,,,,,,,,,,
South Africa,,,,,,,,,,,,,
Italy,,,,,,,,,,,,,
Denmark,Estonia,,,,,,,,,,,,
Italy,,,,,,,,,,,,,
USA,,,,,,,,,,,,,
Malaysia,,,,,,,,,,,,,
Indonesia,France,,,,,,,,,,,,
China,,,,,,,,,,,,,
Finland,,,,,,,,,,,,,
Kuwait,,,,,,,,,,,,,
Morocco,France,,,,,,,,,,,,
Ukraine,,,,,,,,,,,,,
Spain,,,,,,,,,,,,,
Norway,,,,,,,,,,,,,
Italy,,,,,,,,,,,,,
Germany,,,,,,,,,,,,,
USA,,,,,,,,,,,,,
Portugal,,,,,,,,,,,,,
USA,,,,,,,,,,,,,
Serbia,,,,,,,,,,,,,
USA,,,,,,,,,,,,,
China,,,,,,,,,,,,,
Portugal,,,,,,,,,,,,,
Finland,,,,,,,,,,,,,
USA,,,,,,,,,,,,,
USA,,,,,,,,,,,,,
Japan,,,,,,,,,,,,,
Sweden,,,,,,,,,,,,,
Poland,Azerbaijan,Mexico,USA,,,,,,,,,,
Taiwan,,,,,,,,,,,,,
Japan,,,,,,,,,,,,,
USA,,,,,,,,,,,,,
USA,,,,,,,,,,,,,
Czech Republic,,,,,,,,,,,,,
India,,,,,,,,,,,,,
France,,,,,,,,,,,,,
Canada,,,,,,,,,,,,,
Korea,,,,,,,,,,,,,
Italy,,,,,,,,,,,,,
Korea,,,,,,,,,,,,,
Italy,,,,,,,,,,,,,
USA,,,,,,,,,,,,,
USA,,,,,,,,,,,,,
Portugal,,,,,,,,,,,,,
France,,,,,,,,,,,,,
UK,,,,,,,,,,,,,
The Netherlands,,,,,,,,,,,,,
Tunisia,,,,,,,,,,,,,
Australia,,,,,,,,,,,,,
USA,,,,,,,,,,,,,
Italy,,,,,,,,,,,,,
India,,,,,,,,,,,,,
USA,,,,,,,,,,,,,
France,Japan,Canada,,,,,,,,,,,
Japan,,,,,,,,,,,,,
Ireland,,,,,,,,,,,,,
China,,,,,,,,,,,,,
China,,,,,,,,,,,,,
Mexico,,,,,,,,,,,,,
Turkey,Switzerland,UK,,,,,,,,,,,
Japan,,,,,,,,,,,,,
The Netherlands,,,,,,,,,,,,,
Hungary,,,,,,,,,,,,,
USA,,,,,,,,,,,,,
The Netherlands,,,,,,,,,,,,,
USA,,,,,,,,,,,,,
Czech Republic,,,,,,,,,,,,,
USA,,,,,,,,,,,,,
Korea,Italy,,,,,,,,,,,,
Italy,,,,,,,,,,,,,
China,,,,,,,,,,,,,
France,,,,,,,,,,,,,
Poland,USA,,,,,,,,,,,,
Australia,,,,,,,,,,,,,
Austria,,,,,,,,,,,,,
Germany,Ghana,,,,,,,,,,,,
USA,,,,,,,,,,,,,
Italy,USA,,,,,,,,,,,,
Switzerland,,,,,,,,,,,,,
USA,,,,,,,,,,,,,
China,USA,,,,,,,,,,,,
Japan,,,,,,,,,,,,,
China,,,,,,,,,,,,,
USA,,,,,,,,,,,,,
Poland,,,,,,,,,,,,,
Spain,,,,,,,,,,,,,
Germany,,,,,,,,,,,,,
China,,,,,,,,,,,,,
China,,,,,,,,,,,,,
Switzerland,,,,,,,,,,,,,
Japan,,,,,,,,,,,,,
Bangladesh,,,,,,,,,,,,,
Poland,Czech Republic,Slovakia,,,,,,,,,,,
India,USA,,,,,,,,,,,,
USA,,,,,,,,,,,,,
Switzerland,,,,,,,,,,,,,
Korea,,,,,,,,,,,,,
France,,,,,,,,,,,,,
Taiwan,,,,,,,,,,,,,
Spain,,,,,,,,,,,,,
Germany,,,,,,,,,,,,,
Spain,Portugal,Italy,,,,,,,,,,,
UK,,,,,,,,,,,,,
USA,,,,,,,,,,,,,
USA,,,,,,,,,,,,,
USA,,,,,,,,,,,,,
China,UK,,,,,,,,,,,,
Germany,China,Nigeria,,,,,,,,,,,
Russia,,,,,,,,,,,,,
USA,,,,,,,,,,,,,
Korea,,,,,,,,,,,,,
Denmark,Japan,,,,,,,,,,,,
Canada,,,,,,,,,,,,,
USA,,,,,,,,,,,,,
Spain,,,,,,,,,,,,,
USA,,,,,,,,,,,,,
France,,,,,,,,,,,,,
Canada,,,,,,,,,,,,,
Korea,,,,,,,,,,,,,
France,,,,,,,,,,,,,
UK,,,,,,,,,,,,,
Italy,,,,,,,,,,,,,
USA,,,,,,,,,,,,,
Canada,,,,,,,,,,,,,
China,,,,,,,,,,,,,
USA,,,,,,,,,,,,,
China,,,,,,,,,,,,,
USA,,,,,,,,,,,,,
Greece,USA,,,,,,,,,,,,
China,,,,,,,,,,,,,
USA,,,,,,,,,,,,,
USA,,,,,,,,,,,,,
Japan,,,,,,,,,,,,,
Spain,France,,,,,,,,,,,,
Italy,,,,,,,,,,,,,
USA,,,,,,,,,,,,,
France,,,,,,,,,,,,,
The Netherlands,Italy,Switzerland,,,,,,,,,,,
Japan,,,,,,,,,,,,,
Spain,Romania,,,,,,,,,,,,
Portugal,,,,,,,,,,,,,
Japan,,,,,,,,,,,,,
Austria,Serbia,,,,,,,,,,,,
Italy,France,,,,,,,,,,,,
UK,,,,,,,,,,,,,
Japan,,,,,,,,,,,,,
Korea,,,,,,,,,,,,,
Korea,,,,,,,,,,,,,
Taiwan,,,,,,,,,,,,,
Japan,,,,,,,,,,,,,
USA,,,,,,,,,,,,,
Brazil,France,,,,,,,,,,,,
Thailand,,,,,,,,,,,,,
Italy,,,,,,,,,,,,,
India,,,,,,,,,,,,,
The Netherlands,,,,,,,,,,,,,
USA,,,,,,,,,,,,,
USA,,,,,,,,,,,,,
New Zealand,,,,,,,,,,,,,
USA,,,,,,,,,,,,,
France,Tunisia,,,,,,,,,,,,
Japan,,,,,,,,,,,,,
Taiwan,,,,,,,,,,,,,
UK,,,,,,,,,,,,,
Norway,,,,,,,,,,,,,
Sweden,,,,,,,,,,,,,
Spain,,,,,,,,,,,,,
USA,,,,,,,,,,,,,
China,USA,,,,,,,,,,,,
USA,,,,,,,,,,,,,
UK,,,,,,,,,,,,,
Australia,USA,,,,,,,,,,,,
UK,Switzerland,Canada,,,,,,,,,,,
Slovenia,USA,,,,,,,,,,,,
Korea,,,,,,,,,,,,,
Australia,,,,,,,,,,,,,
Lebanon,USA,,,,,,,,,,,,
China,,,,,,,,,,,,,
China,Japan,,,,,,,,,,,,
China,,,,,,,,,,,,,
USA,,,,,,,,,,,,,
