0,1,2,3,4
USA,,,,
USA,,,,
USA,,,,
Malaysia,USA,,,
UK,,,,
China,France,,,
Italy,,,,
USA,,,,
USA,,,,
USA,,,,
Brazil,,,,
USA,,,,
USA,,,,
USA,,,,
India,,,,
Saudi Arabia,,,,
India,,,,
USA,,,,
USA,,,,
USA,,,,
Australia,,,,
Mexico,,,,
USA,,,,
USA,,,,
USA,,,,
USA,,,,
Austria,,,,
Japan,,,,
Thailand,China,,,
Kuwait,,,,
Kuwait,,,,
Malaysia,,,,
USA,,,,
Mexico,,,,
The Netherlands,,,,
Serbia,,,,
Brazil,,,,
Poland,,,,
China,,,,
USA,,,,
France,,,,
China,,,,
Korea,,,,
Japan,,,,
Japan,,,,
Japan,,,,
UK,,,,
Italy,,,,
China,,,,
Germany,,,,
Germany,USA,,,
China,,,,
Serbia,,,,
USA,,,,
USA,,,,
USA,,,,
USA,,,,
Australia,,,,
Japan,,,,
India,,,,
Switzerland,,,,
Korea,,,,
Saudi Arabia,,,,
Turkey,,,,
Russia,,,,
Thailand,,,,
Austria,,,,
UK,,,,
USA,,,,
Greece,,,,
Iran,,,,
China,,,,
Germany,,,,
Korea,USA,,,
Brazil,,,,
Spain,France,,,
Korea,Switzerland,,,
USA,,,,
Serbia,,,,
China,,,,
China,,,,
Romania,,,,
China,Japan,,,
South Africa,,,,
Turkey,,,,
USA,,,,
France,,,,
Slovakia,,,,
USA,,,,
Egypt,Kuwait,,,
Japan,,,,
Brazil,,,,
India,,,,
Italy,,,,
Taiwan,,,,
China,,,,
Japan,,,,
Italy,,,,
Korea,,,,
China,,,,
Italy,,,,
Sri Lanka,Uzbekistan,Israel,USA,
Slovenia,,,,
Norway,,,,
Germany,Norway,,,
Thailand,Sweden,,,
Japan,,,,
China,,,,
Japan,,,,
China,,,,
China,,,,
Germany,Austria,,,
Russia,,,,
Belgium,,,,
USA,,,,
Thailand,,,,
Greece,,,,
Australia,,,,
Turkey,,,,
Japan,,,,
USA,,,,
USA,,,,
USA,,,,
Italy,,,,
Korea,,,,
China,,,,
Germany,,,,
Switzerland,USA,,,
China,,,,
Italy,,,,
Australia,,,,
China,,,,
China,,,,
Japan,,,,
China,,,,
USA,,,,
China,,,,
Czech Republic,,,,
Italy,,,,
Spain,,,,
Italy,,,,
Turkey,,,,
USA,,,,
Korea,,,,
Korea,,,,
India,,,,
USA,,,,
USA,,,,
Korea,,,,
Norway,,,,
Spain,,,,
UK,,,,
Canada,,,,
Iran,,,,
Turkey,,,,
India,,,,
Turkey,,,,
Egypt,,,,
Taiwan,,,,
China,USA,,,
Norway,,,,
China,,,,
Canada,,,,
Korea,,,,
Japan,,,,
Austria,,,,
Belgium,,,,
Canada,,,,
Thailand,,,,
China,,,,
USA,,,,
France,Canada,Georgia,,
USA,,,,
Thailand,,,,
China,,,,
Romania,,,,
Czech Republic,Slovakia,,,
Spain,Belgium,,,
Korea,,,,
Spain,Panama,,,
Germany,,,,
Italy,,,,
Australia,Ireland,,,
Italy,,,,
Egypt,Kuwait,,,
Malaysia,,,,
India,,,,
Morocco,,,,
China,USA,,,
Thailand,,,,
China,,,,
China,,,,
Australia,,,,
China,,,,
France,,,,
China,,,,
Malaysia,,,,
Ireland,,,,
Mexico,,,,
China,,,,
Brazil,,,,
Jordan,,,,
Korea,,,,
USA,,,,
China,,,,
Turkey,,,,
Austria,,,,
France,,,,
Korea,,,,
China,,,,
France,Hungary,Romania,,
India,,,,
Egypt,,,,
China,,,,
Czech Republic,Korea,,,
China,,,,
Slovakia,,,,
USA,,,,
Czech Republic,Slovakia,,,
Australia,USA,,,
Germany,,,,
Turkey,,,,
Taiwan,,,,
China,,,,
USA,,,,
UK,,,,
France,,,,
Romania,,,,
The Netherlands,,,,
Korea,,,,
Austria,,,,
China,,,,
Iran,,,,
USA,,,,
The Netherlands,,,,
Saudi Arabia,,,,
Italy,,,,
China,,,,
Canada,,,,
Turkey,,,,
China,,,,
Canada,,,,
USA,,,,
Serbia,,,,
Czech Republic,,,,
China,,,,
Canada,,,,
China,France,,,
Croatia,,,,
China,,,,
Japan,USA,,,
Japan,,,,
USA,,,,
Germany,,,,
Turkey,,,,
Serbia,,,,
USA,,,,
Saudi Arabia,,,,
Estonia,,,,
Korea,,,,
China,,,,
The Netherlands,,,,
Romania,,,,
Jordan,,,,
Australia,,,,
Australia,,,,
Taiwan,,,,
Armenia,Sweden,,,
Ethiopia,,,,
India,,,,
Germany,Portugal,,,
Singapore,,,,
Korea,,,,
France,,,,
USA,,,,
South Africa,,,,
USA,,,,
Turkey,,,,
USA,,,,
Japan,,,,
USA,,,,
Japan,,,,
Korea,,,,
Mexico,,,,
China,,,,
Italy,,,,
Poland,,,,
China,,,,
Italy,,,,
China,,,,
Portugal,,,,
Canada,,,,
China,,,,
Japan,,,,
China,,,,
China,France,,,
Taiwan,,,,
Italy,,,,
Korea,,,,
Italy,,,,
France,UK,,,
Brazil,,,,
Italy,,,,
Poland,,,,
USA,,,,
Spain,,,,
China,,,,
USA,,,,
China,,,,
USA,,,,
China,,,,
Portugal,UK,,,
India,,,,
Armenia,Italy,Switzerland,,
Switzerland,,,,
Egypt,,,,
China,,,,
China,,,,
Serbia,,,,
Australia,,,,
Finland,,,,
Malaysia,,,,
Colombia,,,,
China,,,,
Japan,,,,
Canada,USA,,,
USA,,,,
Brazil,,,,
China,,,,
Germany,India,,,
Italy,,,,
China,,,,
Germany,,,,
Thailand,,,,
India,,,,
Romania,,,,
China,,,,
Singapore,Japan,Canada,,
China,Russia,,,
USA,,,,
Italy,,,,
China,,,,
USA,,,,
USA,,,,
Thailand,France,Japan,,
China,Japan,,,
The Netherlands,,,,
Germany,,,,
Italy,USA,,,
China,,,,
China,,,,
France,,,,
Chile,,,,
Japan,,,,
Spain,,,,
Belgium,Switzerland,,,
Korea,,,,
China,,,,
Turkey,,,,
China,,,,
Korea,,,,
Germany,India,,,
Czech Republic,,,,
Austria,,,,
Thailand,Philippines,,,
India,,,,
India,,,,
India,,,,
Lithuania,,,,
Spain,,,,
Japan,,,,
USA,,,,
Australia,,,,
China,,,,
Taiwan,,,,
Czech Republic,,,,
USA,,,,
UK,,,,
Australia,,,,
Australia,,,,
China,,,,
China,,,,
Serbia,,,,
China,USA,,,
Canada,,,,
UK,,,,
Italy,,,,
Australia,,,,
Germany,Italy,,,
Switzerland,,,,
Spain,,,,
Serbia,,,,
India,,,,
Serbia,,,,
Poland,,,,
China,,,,
Iran,,,,
China,,,,
Germany,,,,
The Netherlands,Romania,,,
USA,,,,
Canada,,,,
Japan,USA,,,
Hungary,,,,
Italy,,,,
Spain,Chile,Argentina,South Africa,
Japan,,,,
China,,,,
Italy,,,,
Turkey,,,,
Malaysia,,,,
Iran,,,,
India,USA,,,
Taiwan,USA,,,
Turkey,,,,
Czech Republic,Taiwan,Japan,USA,
Germany,India,,,
USA,,,,
Turkey,,,,
Malaysia,,,,
USA,,,,
Oman,,,,
China,,,,
China,,,,
Italy,,,,
Czech Republic,,,,
Germany,Canada,,,
South Africa,,,,
India,,,,
The Netherlands,,,,
Turkey,,,,
Turkey,,,,
UK,,,,
USA,,,,
India,,,,
Italy,,,,
Germany,,,,
Ireland,,,,
Australia,China,,,
Iran,,,,
Morocco,,,,
France,,,,
Japan,,,,
Italy,,,,
Portugal,,,,
Japan,,,,
China,UK,,,
Turkey,,,,
Switzerland,,,,
The Netherlands,China,,,
USA,,,,
Italy,,,,
China,,,,
China,,,,
Argentina,,,,
Taiwan,,,,
Turkey,,,,
Switzerland,,,,
India,,,,
Finland,,,,
Portugal,,,,
Serbia,Greece,,,
Serbia,France,UK,,
Sweden,Iran,,,
Japan,,,,
Canada,,,,
China,,,,
China,,,,
Turkey,,,,
China,,,,
Finland,,,,
Czech Republic,,,,
Germany,UK,,,
Germany,,,,
USA,,,,
Spain,,,,
Japan,,,,
Germany,UK,USA,,
USA,,,,
Belgium,,,,
Estonia,,,,
China,,,,
Switzerland,,,,
India,,,,
China,,,,
China,,,,
China,,,,
South Africa,,,,
USA,,,,
Greece,,,,
Hungary,,,,
Brazil,,,,
Sweden,Latvia,,,
USA,,,,
Austria,,,,
Finland,,,,
USA,,,,
South Africa,,,,
USA,,,,
Romania,,,,
USA,,,,
Japan,,,,
Greece,,,,
Greece,,,,
Greece,USA,,,
Greece,USA,,,
Greece,USA,,,
Canada,,,,
Austria,,,,
Macedonia,,,,
Macedonia,USA,,,
Japan,,,,
China,,,,
China,,,,
China,Canada,,,
China,USA,,,
USA,,,,
Japan,USA,,,
Brazil,,,,
USA,,,,
China,,,,
Turkey,,,,
Portugal,,,,
Lithuania,,,,
Germany,,,,
Thailand,,,,
Turkey,,,,
Germany,,,,
India,,,,
Italy,,,,
Spain,,,,
Australia,UK,,,
Italy,,,,
Lithuania,,,,
Pakistan,,,,
Australia,Botswana,,,
Korea,,,,
South Africa,,,,
China,USA,,,
Italy,,,,
China,,,,
India,,,,
China,,,,
Spain,,,,
Belgium,France,,,
Romania,,,,
New Zealand,Turkey,,,
Japan,,,,
India,,,,
Thailand,Austria,,,
Yemen,Germany,,,
Egypt,,,,
South Africa,,,,
China,,,,
Belgium,,,,
Switzerland,,,,
Korea,,,,
Pakistan,,,,
Poland,,,,
Italy,,,,
USA,,,,
China,,,,
The Netherlands,Germany,Switzerland,,
Romania,,,,
Austria,,,,
Taiwan,,,,
China,Canada,,,
Turkey,,,,
Turkey,,,,
Turkey,,,,
Iran,,,,
Turkey,,,,
Turkey,,,,
Poland,,,,
UK,,,,
Germany,,,,
The Netherlands,China,,,
Germany,Iran,,,
Palestine,,,,
France,,,,
Spain,,,,
UK,,,,
Turkey,,,,
Romania,,,,
Switzerland,,,,
China,USA,,,
Germany,,,,
China,,,,
Canada,,,,
China,,,,
India,,,,
Japan,USA,,,
Italy,,,,
Serbia,,,,
Brazil,,,,
Belgium,,,,
Germany,,,,
Sweden,,,,
Australia,China,,,
USA,,,,
Austria,Belgium,Italy,USA,Spain
Spain,,,,
China,,,,
Greece,,,,
USA,,,,
Malaysia,,,,
USA,,,,
China,,,,
France,,,,
Cuba,France,,,
Italy,,,,
USA,,,,
Poland,Czech Republic,,,
Czech Republic,,,,
Switzerland,,,,
Korea,,,,
Norway,,,,
Iran,,,,
Brazil,,,,
Japan,,,,
Germany,,,,
Norway,,,,
India,,,,
India,USA,,,
USA,,,,
USA,,,,
USA,,,,
China,USA,,,
Mexico,USA,,,
Zambia,USA,,,
Switzerland,USA,,,
Canada,,,,
Japan,,,,
Taiwan,,,,
China,,,,
Germany,,,,
USA,,,,
Romania,,,,
Romania,,,,
Poland,,,,
China,,,,
Spain,,,,
China,USA,,,
USA,,,,
USA,,,,
Japan,,,,
Romania,,,,
Italy,,,,
Turkey,,,,
USA,,,,
China,,,,
Italy,,,,
USA,,,,
USA,,,,
Greece,USA,,,
USA,,,,
Switzerland,,,,
USA,,,,
Taiwan,,,,
Switzerland,,,,
Spain,Turkey,,,
China,,,,
Romania,,,,
USA,,,,
China,,,,
Portugal,,,,
China,,,,
France,,,,
USA,,,,
Italy,France,,,
USA,,,,
USA,,,,
Greece,,,,
Belgium,,,,
Lithuania,,,,
USA,,,,
Spain,,,,
Spain,,,,
USA,,,,
Czech Republic,,,,
Brazil,,,,
Russia,,,,
China,,,,
China,USA,,,
China,,,,
Iran,,,,
Australia,,,,
The Netherlands,,,,
Brazil,,,,
Switzerland,,,,
Korea,,,,
Italy,,,,
China,,,,
Canada,,,,
USA,,,,
France,,,,
Switzerland,,,,
Spain,,,,
Malaysia,,,,
Brazil,,,,
UK,,,,
Greece,,,,
France,,,,
Italy,,,,
Italy,France,,,
Austria,,,,
Brazil,,,,
Saudi Arabia,,,,
India,,,,
Japan,,,,
France,,,,
Romania,,,,
France,,,,
Belgium,South Africa,,,
France,USA,,,
Switzerland,,,,
Turkey,,,,
China,,,,
USA,,,,
Greece,,,,
Japan,,,,
France,,,,
China,,,,
Malaysia,,,,
Spain,,,,
USA,,,,
Korea,,,,
China,,,,
USA,,,,
Germany,,,,
China,,,,
USA,,,,
Germany,,,,
Malaysia,,,,
China,,,,
Korea,,,,
USA,,,,
Italy,,,,
China,,,,
Hungary,,,,
Turkey,,,,
USA,,,,
Iran,,,,
Italy,,,,
Singapore,,,,
USA,,,,
Japan,,,,
Czech Republic,,,,
China,,,,
Greece,,,,
Turkey,,,,
USA,,,,
Portugal,USA,,,
USA,Canada,,,
China,,,,
Turkey,,,,
Czech Republic,USA,,,
France,Switzerland,,,
Spain,,,,
Brazil,,,,
UK,,,,
Taiwan,,,,
China,USA,,,
China,,,,
India,,,,
Spain,,,,
USA,,,,
Germany,,,,
Brazil,,,,
USA,,,,
USA,,,,
Spain,,,,
France,,,,
Australia,Brazil,USA,,
Turkey,,,,
Turkey,,,,
Switzerland,,,,
India,,,,
Egypt,,,,
Italy,,,,
Czech Republic,,,,
Palestine,,,,
France,,,,
Germany,,,,
Taiwan,,,,
USA,,,,
Mexico,,,,
Germany,,,,
USA,,,,
China,,,,
Turkey,,,,
India,,,,
China,,,,
Switzerland,,,,
Mexico,,,,
Turkey,,,,
China,,,,
China,,,,
Lithuania,,,,
China,,,,
China,,,,
China,,,,
South Africa,,,,
Brazil,,,,
Bulgaria,,,,
France,,,,
Canada,USA,,,
Thailand,,,,
Greece,,,,
India,,,,
UK,,,,
Japan,,,,
Chile,,,,
China,,,,
Korea,,,,
Turkey,,,,
China,,,,
Korea,USA,,,
USA,,,,
USA,,,,
China,,,,
China,,,,
Czech Republic,,,,
Ukraine,France,,,
USA,,,,
China,,,,
Canada,,,,
Brazil,,,,
Argentina,,,,
Turkey,,,,
Turkey,,,,
Korea,,,,
USA,,,,
China,,,,
Japan,USA,,,
Algeria,France,,,
Switzerland,,,,
Ireland,,,,
Croatia,,,,
USA,,,,
Taiwan,,,,
Turkey,,,,
Spain,,,,
USA,,,,
The Netherlands,,,,
Italy,,,,
Korea,,,,
Korea,,,,
Iran,,,,
Algeria,France,,,
Turkey,,,,
China,,,,
Turkey,,,,
Romania,,,,
USA,Canada,,,
Turkey,,,,
Saudi Arabia,,,,
Azerbaijan,Turkey,,,
Turkey,,,,
China,,,,
Bosnia and Herzegovina,Turkey,,,
Taiwan,,,,
Czech Republic,,,,
USA,,,,
France,,,,
USA,,,,
Austria,,,,
Slovenia,,,,
Austria,,,,
Mongolia,Austria,,,
Egypt,,,,
Austria,,,,
Austria,,,,
Austria,,,,
Japan,,,,
Cameroon,USA,,,
USA,,,,
USA,,,,
USA,,,,
USA,,,,
USA,,,,
USA,,,,
USA,,,,
USA,,,,
Korea,Canada,,,
,,,,
Austria,,,,
USA,,,,
,,,,
Belgium,,,,
,,,,
,,,,
,,,,
Japan,,,,
The Netherlands,,,,
Japan,,,,
USA,,,,
Japan,,,,
China,,,,
USA,,,,
Bosnia and Herzegovina,Serbia,,,
Taiwan,,,,
USA,,,,
Portugal,,,,
Italy,,,,
Poland,,,,
USA,,,,
Malaysia,,,,
China,,,,
Germany,Turkey,,,
China,,,,
Spain,,,,
Norway,,,,
Bulgaria,,,,
China,,,,
Spain,Argentina,Switzerland,,
Morocco,,,,
USA,,,,
USA,,,,
Japan,,,,
India,,,,
Italy,,,,
Serbia,,,,
Portugal,,,,
Italy,,,,
USA,,,,
Israel,,,,
Sweden,,,,
Brazil,UK,,,
Brazil,,,,
Turkey,,,,
USA,,,,
Japan,,,,
Serbia,,,,
China,,,,
China,,,,
China,,,,
Thailand,Japan,,,
Switzerland,,,,
The Netherlands,,,,
Serbia,,,,
China,,,,
China,,,,
Japan,,,,
USA,,,,
Germany,Spain,France,,
Italy,,,,
Taiwan,,,,
China,,,,
USA,,,,
China,,,,
Italy,,,,
USA,,,,
USA,,,,
China,Belgium,,,
China,,,,
Iran,,,,
Spain,,,,
Japan,,,,
USA,,,,
Denmark,,,,
Turkey,,,,
Thailand,,,,
UK,,,,
Canada,,,,
Korea,,,,
Switzerland,,,,
Burkina Faso,,,,
Romania,,,,
Korea,,,,
Romania,,,,
Serbia,,,,
Korea,,,,
Italy,,,,
China,,,,
China,,,,
Portugal,Ireland,,,
Czech Republic,Finland,Slovakia,,
China,,,,
Switzerland,,,,
Mexico,,,,
Thailand,,,,
Italy,,,,
Canada,,,,
Argentina,,,,
Germany,,,,
Korea,,,,
USA,,,,
Turkey,,,,
Iran,,,,
Turkey,,,,
China,USA,,,
,,,,
Korea,,,,
Italy,,,,
Turkey,,,,
USA,,,,
Turkey,,,,
Germany,Spain,,,
Spain,Germany,Austria,UK,
USA,,,,
Japan,,,,
Australia,China,,,
Japan,,,,
The Netherlands,,,,
Czech Republic,,,,
Japan,,,,
Belgium,,,,
Turkey,,,,
Romania,,,,
Poland,,,,
India,,,,
Japan,,,,
Pakistan,,,,
USA,,,,
USA,,,,
China,,,,
Korea,,,,
Poland,,,,
China,France,,,
Italy,,,,
Germany,,,,
Turkey,,,,
Canada,,,,
Korea,USA,,,
Australia,,,,
Korea,,,,
USA,,,,
Spain,,,,
USA,,,,
Mexico,,,,
Iran,,,,
Italy,,,,
Spain,,,,
Korea,,,,
UK,,,,
Brazil,Italy,,,
Korea,,,,
China,,,,
Iran,,,,
China,,,,
China,,,,
Taiwan,,,,
China,,,,
Taiwan,,,,
Turkey,,,,
China,,,,
USA,,,,
Czech Republic,,,,
Norway,,,,
Italy,,,,
China,,,,
China,,,,
USA,,,,
Egypt,,,,
France,Romania,,,
Palestine,,,,
China,,,,
USA,,,,
Turkey,,,,
Taiwan,,,,
Germany,,,,
USA,,,,
Italy,France,Switzerland,,
China,,,,
Turkey,,,,
Italy,,,,
Czech Republic,,,,
Czech Republic,,,,
Czech Republic,,,,
,,,,
Italy,,,,
Korea,,,,
Portugal,Norway,,,
China,,,,
,,,,
China,,,,
Spain,,,,
USA,,,,
Singapore,UK,,,
USA,,,,
Taiwan,,,,
Singapore,,,,
France,,,,
USA,Canada,,,
Korea,,,,
Korea,,,,
Czech Republic,,,,
Taiwan,,,,
Israel,,,,
Morocco,Spain,,,
Taiwan,,,,
Turkey,,,,
Poland,,,,
Spain,,,,
Brazil,Spain,,,
Spain,UK,,,
USA,,,,
Italy,,,,
Korea,,,,
Mexico,,,,
France,Slovenia,,,
Korea,,,,
Belgium,,,,
Spain,,,,
Germany,,,,
Germany,,,,
Poland,,,,
Switzerland,,,,
Turkey,,,,
China,,,,
USA,,,,
Taiwan,,,,
Germany,,,,
Turkey,,,,
Czech Republic,,,,
