0,1,2,3
USA,,,
Jordan,,,
Switzerland,,,
Croatia,,,
Austria,,,
Austria,,,
India,,,
Algeria,,,
India,,,
Morocco,Cameroon,Belgium,France
USA,,,
USA,,,
USA,,,
USA,,,
Mexico,USA,,
Colombia,,,
Germany,,,
China,,,
Spain,,,
China,,,
Italy,,,
China,,,
USA,,,
China,,,
Australia,,,
Australia,,,
Venezuela,,,
Morocco,Germany,,
Morocco,,,
Saudi Arabia,,,
USA,,,
China,,,
USA,,,
Pakistan,,,
Turkey,,,
Turkey,,,
Turkey,,,
Korea,,,
Germany,Austria,,
Brazil,,,
Brazil,,,
Thailand,,,
Turkey,,,
Turkey,,,
Argentina,,,
Iran,,,
Spain,,,
Denmark,,,
Ireland,,,
Korea,,,
Czech Republic,,,
Argentina,,,
Germany,Slovakia,,
Italy,Argentina,,
Portugal,,,
Russia,,,
Spain,,,
Ireland,,,
Slovakia,,,
Japan,,,
Japan,,,
Morocco,,,
Morocco,,,
Morocco,,,
Morocco,,,
Morocco,,,
Morocco,,,
Turkey,,,
Iran,,,
China,,,
USA,,,
France,,,
Poland,,,
Poland,,,
Switzerland,,,
Germany,Switzerland,USA,
Lithuania,,,
Poland,,,
Jordan,,,
USA,,,
USA,,,
Saudi Arabia,,,
Germany,,,
Germany,,,
Morocco,,,
Iran,,,
Iran,,,
Iran,,,
Iran,,,
Iran,,,
Poland,,,
Poland,,,
Poland,,,
Poland,,,
Austria,,,
Mongolia,Germany,,
Austria,Switzerland,,
Germany,Jordan,,
Poland,France,,
Austria,,,
Saudi Arabia,USA,,
Egypt,,,
Spain,Argentina,UK,
Russia,,,
Japan,,,
Russia,,,
Germany,,,
Indonesia,Tanzania,Japan,
Iran,,,
Iran,,,
Iran,,,
Iran,,,
Iran,,,
Iran,,,
Iran,,,
Russia,,,
Portugal,Spain,,
Turkey,,,
Egypt,,,
Turkey,,,
Turkey,,,
China,,,
France,,,
Germany,,,
India,,,
Czech Republic,USA,,
Turkey,,,
China,,,
Turkey,,,
China,USA,,
USA,,,
USA,,,
India,,,
Tanzania,,,
USA,,,
India,,,
USA,,,
USA,,,
USA,,,
USA,,,
USA,,,
USA,,,
Cameroon,Germany,,
USA,,,
USA,,,
India,,,
USA,,,
USA,,,
India,USA,,
USA,,,
Poland,Austria,,
India,,,
India,,,
Turkey,,,
South Africa,,,
Turkey,,,
Turkey,,,
Turkey,,,
Iran,,,
Morocco,,,
Poland,,,
Iran,,,
India,,,
Morocco,,,
Morocco,,,
United Arab Emirates,,,
Poland,,,
Poland,,,
Poland,,,
Saudi Arabia,,,
Germany,,,
Germany,,,
Germany,,,
Germany,,,
Germany,,,
France,,,
USA,,,
Japan,,,
Slovakia,UK,,
Japan,,,
USA,,,
Poland,,,
Saudi Arabia,,,
Saudi Arabia,,,
Morocco,,,
Morocco,,,
Spain,,,
Spain,,,
Spain,,,
Spain,,,
Switzerland,,,
USA,,,
India,,,
Japan,,,
Australia,,,
Japan,,,
China,,,
Korea,,,
China,,,
Greece,,,
Argentina,USA,,
South Africa,,,
France,,,
Argentina,,,
Austria,,,
Poland,,,
Japan,UK,,
China,,,
China,,,
China,,,
China,,,
China,,,
Italy,France,Tunisia,
USA,,,
USA,,,
USA,,,
USA,,,
USA,,,
USA,,,
China,USA,,
USA,,,
USA,,,
USA,,,
India,,,
USA,,,
USA,,,
USA,,,
USA,,,
USA,,,
USA,,,
USA,,,
Russia,,,
China,,,
China,,,
USA,,,
China,,,
Russia,USA,,
China,Japan,,
Japan,,,
Japan,,,
China,,,
Czech Republic,Brazil,,
Russia,,,
Turkey,,,
Saudi Arabia,,,
Saudi Arabia,,,
Saudi Arabia,,,
Turkey,,,
Turkey,,,
Turkey,,,
Turkey,,,
Turkey,,,
Turkey,,,
Turkey,,,
Turkey,,,
Germany,,,
Slovakia,,,
Turkey,,,
Bulgaria,Japan,,
Turkey,,,
Austria,,,
Germany,Bulgaria,Austria,
Slovakia,,,
Mexico,,,
Portugal,USA,,
Australia,,,
Japan,,,
Iran,,,
USA,,,
Russia,,,
China,,,
Czech Republic,Germany,,
Germany,,,
USA,,,
USA,,,
USA,,,
Palestine,,,
Turkey,,,
Argentina,,,
China,,,
China,,,
Lithuania,,,
Poland,,,
Poland,,,
Italy,,,
Turkey,,,
South Africa,Romania,,
France,,,
South Africa,Romania,,
Spain,,,
Turkey,,,
Germany,,,
Poland,,,
Brazil,,,
UK,,,
The Netherlands,,,
Argentina,,,
Korea,USA,,
Canada,,,
Poland,Finland,,
Poland,,,
Czech Republic,,,
Japan,,,
Poland,,,
UK,,,
Poland,,,
Japan,,,
France,,,
Croatia,,,
China,,,
Sweden,Slovakia,,
Japan,,,
China,,,
Greece,,,
France,,,
Poland,,,
Japan,,,
Greece,,,
Japan,,,
Spain,,,
Spain,Switzerland,,
Italy,,,
Argentina,,,
Switzerland,,,
China,,,
Belgium,,,
Italy,,,
