0,1,2,3,4,5,6,7,8,9,10,11,12,13
Italy,,,,,,,,,,,,,
Spain,,,,,,,,,,,,,
Belgium,,,,,,,,,,,,,
Singapore,,,,,,,,,,,,,
Japan,,,,,,,,,,,,,
China,,,,,,,,,,,,,
China,,,,,,,,,,,,,
Italy,,,,,,,,,,,,,
Japan,,,,,,,,,,,,,
China,,,,,,,,,,,,,
Japan,,,,,,,,,,,,,
Japan,,,,,,,,,,,,,
Japan,,,,,,,,,,,,,
UK,,,,,,,,,,,,,
Japan,,,,,,,,,,,,,
China,,,,,,,,,,,,,
Portugal,UK,,,,,,,,,,,,
China,,,,,,,,,,,,,
Belgium,,,,,,,,,,,,,
Italy,,,,,,,,,,,,,
Taiwan,,,,,,,,,,,,,
China,,,,,,,,,,,,,
Japan,,,,,,,,,,,,,
Spain,,,,,,,,,,,,,
China,,,,,,,,,,,,,
China,,,,,,,,,,,,,
Austria,,,,,,,,,,,,,
New Zealand,,,,,,,,,,,,,
China,,,,,,,,,,,,,
China,Canada,,,,,,,,,,,,
Iran,China,,,,,,,,,,,,
China,,,,,,,,,,,,,
China,,,,,,,,,,,,,
Iran,,,,,,,,,,,,,
China,,,,,,,,,,,,,
Mexico,,,,,,,,,,,,,
China,,,,,,,,,,,,,
China,,,,,,,,,,,,,
China,,,,,,,,,,,,,
China,,,,,,,,,,,,,
China,,,,,,,,,,,,,
China,,,,,,,,,,,,,
China,,,,,,,,,,,,,
China,,,,,,,,,,,,,
China,,,,,,,,,,,,,
China,,,,,,,,,,,,,
China,,,,,,,,,,,,,
China,,,,,,,,,,,,,
China,,,,,,,,,,,,,
Slovenia,,,,,,,,,,,,,
Slovenia,,,,,,,,,,,,,
China,,,,,,,,,,,,,
China,,,,,,,,,,,,,
China,,,,,,,,,,,,,
Iran,,,,,,,,,,,,,
Iran,,,,,,,,,,,,,
China,,,,,,,,,,,,,
China,,,,,,,,,,,,,
China,,,,,,,,,,,,,
China,,,,,,,,,,,,,
China,,,,,,,,,,,,,
China,,,,,,,,,,,,,
China,,,,,,,,,,,,,
USA,,,,,,,,,,,,,
Portugal,,,,,,,,,,,,,
USA,,,,,,,,,,,,,
Canada,,,,,,,,,,,,,
Denmark,,,,,,,,,,,,,
Finland,Russia,,,,,,,,,,,,
Spain,,,,,,,,,,,,,
USA,,,,,,,,,,,,,
Japan,USA,,,,,,,,,,,,
Sweden,,,,,,,,,,,,,
Belgium,,,,,,,,,,,,,
Italy,,,,,,,,,,,,,
USA,Iraq,Italy,,,,,,,,,,,
Israel,,,,,,,,,,,,,
Japan,,,,,,,,,,,,,
Korea,,,,,,,,,,,,,
Japan,,,,,,,,,,,,,
Spain,,,,,,,,,,,,,
USA,,,,,,,,,,,,,
Spain,,,,,,,,,,,,,
France,,,,,,,,,,,,,
USA,,,,,,,,,,,,,
Portugal,Brazil,,,,,,,,,,,,
Japan,Thailand,,,,,,,,,,,,
Spain,,,,,,,,,,,,,
Canada,,,,,,,,,,,,,
India,,,,,,,,,,,,,
Italy,,,,,,,,,,,,,
China,,,,,,,,,,,,,
Taiwan,,,,,,,,,,,,,
Sweden,Germany,,,,,,,,,,,,
China,USA,UK,Germany,,,,,,,,,,
The Netherlands,,,,,,,,,,,,,
Japan,Nepal,The Netherlands,India,,,,,,,,,,
Germany,,,,,,,,,,,,,
Japan,,,,,,,,,,,,,
Spain,,,,,,,,,,,,,
China,,,,,,,,,,,,,
The Netherlands,Austria,Germany,,,,,,,,,,,
USA,China,,,,,,,,,,,,
Spain,,,,,,,,,,,,,
France,Thailand,,,,,,,,,,,,
Germany,,,,,,,,,,,,,
Malaysia,,,,,,,,,,,,,
Sweden,,,,,,,,,,,,,
Japan,Singapore,,,,,,,,,,,,
Australia,,,,,,,,,,,,,
Japan,China,,,,,,,,,,,,
France,Spain,,,,,,,,,,,,
The Netherlands,Switzerland,,,,,,,,,,,,
Thailand,,,,,,,,,,,,,
Japan,,,,,,,,,,,,,
USA,,,,,,,,,,,,,
Czech Republic,,,,,,,,,,,,,
Malaysia,,,,,,,,,,,,,
China,,,,,,,,,,,,,
Algeria,,,,,,,,,,,,,
Czech Republic,Slovakia,,,,,,,,,,,,
Taiwan,Vietnam,,,,,,,,,,,,
Taiwan,,,,,,,,,,,,,
Japan,,,,,,,,,,,,,
Germany,China,,,,,,,,,,,,
Slovenia,,,,,,,,,,,,,
China,,,,,,,,,,,,,
Spain,,,,,,,,,,,,,
China,,,,,,,,,,,,,
Canada,,,,,,,,,,,,,
Japan,,,,,,,,,,,,,
Colombia,Indonesia,Norway,Brazil,USA,,,,,,,,,
Japan,,,,,,,,,,,,,
Australia,,,,,,,,,,,,,
USA,,,,,,,,,,,,,
Canada,China,,,,,,,,,,,,
UK,,,,,,,,,,,,,
Poland,Canada,,,,,,,,,,,,
Switzerland,,,,,,,,,,,,,
Malaysia,,,,,,,,,,,,,
Australia,India,,,,,,,,,,,,
USA,,,,,,,,,,,,,
Spain,,,,,,,,,,,,,
UK,,,,,,,,,,,,,
Spain,,,,,,,,,,,,,
USA,,,,,,,,,,,,,
USA,,,,,,,,,,,,,
Japan,,,,,,,,,,,,,
China,,,,,,,,,,,,,
USA,,,,,,,,,,,,,
USA,UK,,,,,,,,,,,,
USA,,,,,,,,,,,,,
Canada,,,,,,,,,,,,,
Macedonia,,,,,,,,,,,,,
Macedonia,,,,,,,,,,,,,
India,,,,,,,,,,,,,
Germany,,,,,,,,,,,,,
USA,China,,,,,,,,,,,,
Germany,Croatia,China,,,,,,,,,,,
USA,,,,,,,,,,,,,
Mexico,,,,,,,,,,,,,
Japan,,,,,,,,,,,,,
Egypt,,,,,,,,,,,,,
UK,,,,,,,,,,,,,
Japan,,,,,,,,,,,,,
Spain,,,,,,,,,,,,,
Argentina,,,,,,,,,,,,,
Serbia,Austria,,,,,,,,,,,,
USA,China,,,,,,,,,,,,
Canada,China,,,,,,,,,,,,
Canada,,,,,,,,,,,,,
USA,,,,,,,,,,,,,
USA,Ireland,UK,,,,,,,,,,,
USA,,,,,,,,,,,,,
USA,,,,,,,,,,,,,
USA,China,,,,,,,,,,,,
Japan,USA,,,,,,,,,,,,
USA,,,,,,,,,,,,,
Taiwan,,,,,,,,,,,,,
France,UK,,,,,,,,,,,,
France,,,,,,,,,,,,,
Belgium,,,,,,,,,,,,,
France,,,,,,,,,,,,,
Germany,,,,,,,,,,,,,
Norway,,,,,,,,,,,,,
Germany,China,,,,,,,,,,,,
USA,,,,,,,,,,,,,
Australia,,,,,,,,,,,,,
USA,,,,,,,,,,,,,
Thailand,,,,,,,,,,,,,
China,,,,,,,,,,,,,
USA,,,,,,,,,,,,,
China,,,,,,,,,,,,,
USA,,,,,,,,,,,,,
USA,,,,,,,,,,,,,
Singapore,,,,,,,,,,,,,
Romania,,,,,,,,,,,,,
Iran,,,,,,,,,,,,,
Brazil,,,,,,,,,,,,,
Australia,,,,,,,,,,,,,
Italy,,,,,,,,,,,,,
Czech Republic,,,,,,,,,,,,,
USA,,,,,,,,,,,,,
USA,Singapore,,,,,,,,,,,,
Japan,UK,,,,,,,,,,,,
Portugal,,,,,,,,,,,,,
Mexico,,,,,,,,,,,,,
USA,,,,,,,,,,,,,
France,,,,,,,,,,,,,
Taiwan,,,,,,,,,,,,,
USA,,,,,,,,,,,,,
USA,,,,,,,,,,,,,
Taiwan,,,,,,,,,,,,,
China,,,,,,,,,,,,,
China,,,,,,,,,,,,,
USA,,,,,,,,,,,,,
India,,,,,,,,,,,,,
Saudi Arabia,Egypt,,,,,,,,,,,,
USA,,,,,,,,,,,,,
Australia,,,,,,,,,,,,,
USA,,,,,,,,,,,,,
Japan,Korea,,,,,,,,,,,,
Saudi Arabia,Spain,Egypt,,,,,,,,,,,
China,,,,,,,,,,,,,
Australia,,,,,,,,,,,,,
Norway,Italy,,,,,,,,,,,,
Germany,,,,,,,,,,,,,
Germany,,,,,,,,,,,,,
France,Israel,,,,,,,,,,,,
USA,,,,,,,,,,,,,
China,,,,,,,,,,,,,
Finland,New Zealand,Germany,,,,,,,,,,,
Canada,,,,,,,,,,,,,
France,,,,,,,,,,,,,
China,,,,,,,,,,,,,
Malaysia,,,,,,,,,,,,,
The Netherlands,Sweden,,,,,,,,,,,,
Russia,,,,,,,,,,,,,
China,,,,,,,,,,,,,
China,,,,,,,,,,,,,
Germany,,,,,,,,,,,,,
Germany,,,,,,,,,,,,,
Canada,,,,,,,,,,,,,
Japan,,,,,,,,,,,,,
Thailand,,,,,,,,,,,,,
Portugal,,,,,,,,,,,,,
Japan,USA,,,,,,,,,,,,
USA,,,,,,,,,,,,,
USA,,,,,,,,,,,,,
Japan,,,,,,,,,,,,,
Indonesia,,,,,,,,,,,,,
USA,,,,,,,,,,,,,
Japan,,,,,,,,,,,,,
France,,,,,,,,,,,,,
USA,,,,,,,,,,,,,
Taiwan,,,,,,,,,,,,,
UK,Italy,,,,,,,,,,,,
USA,,,,,,,,,,,,,
China,,,,,,,,,,,,,
USA,,,,,,,,,,,,,
China,,,,,,,,,,,,,
Norway,Sweden,,,,,,,,,,,,
Portugal,,,,,,,,,,,,,
Korea,,,,,,,,,,,,,
Spain,,,,,,,,,,,,,
Czech Republic,Sweden,,,,,,,,,,,,
Taiwan,,,,,,,,,,,,,
Portugal,,,,,,,,,,,,,
USA,Italy,,,,,,,,,,,,
USA,,,,,,,,,,,,,
Canada,,,,,,,,,,,,,
Taiwan,,,,,,,,,,,,,
USA,,,,,,,,,,,,,
USA,,,,,,,,,,,,,
USA,,,,,,,,,,,,,
USA,,,,,,,,,,,,,
USA,,,,,,,,,,,,,
USA,,,,,,,,,,,,,
Australia,UK,,,,,,,,,,,,
USA,,,,,,,,,,,,,
USA,,,,,,,,,,,,,
Australia,,,,,,,,,,,,,
Spain,,,,,,,,,,,,,
USA,,,,,,,,,,,,,
Guinea,,,,,,,,,,,,,
USA,Germany,,,,,,,,,,,,
USA,,,,,,,,,,,,,
Sweden,,,,,,,,,,,,,
USA,,,,,,,,,,,,,
Denmark,,,,,,,,,,,,,
Japan,The Netherlands,,,,,,,,,,,,
USA,Austria,,,,,,,,,,,,
Japan,,,,,,,,,,,,,
Germany,China,,,,,,,,,,,,
USA,,,,,,,,,,,,,
Korea,,,,,,,,,,,,,
Sweden,,,,,,,,,,,,,
USA,,,,,,,,,,,,,
Denmark,,,,,,,,,,,,,
Romania,,,,,,,,,,,,,
USA,,,,,,,,,,,,,
Croatia,,,,,,,,,,,,,
Brazil,,,,,,,,,,,,,
Malaysia,,,,,,,,,,,,,
Brazil,,,,,,,,,,,,,
Italy,,,,,,,,,,,,,
France,Italy,,,,,,,,,,,,
Spain,,,,,,,,,,,,,
Australia,,,,,,,,,,,,,
Spain,,,,,,,,,,,,,
China,,,,,,,,,,,,,
China,,,,,,,,,,,,,
China,,,,,,,,,,,,,
Taiwan,,,,,,,,,,,,,
USA,New Zealand,,,,,,,,,,,,
China,,,,,,,,,,,,,
Spain,,,,,,,,,,,,,
Spain,,,,,,,,,,,,,
Spain,,,,,,,,,,,,,
Italy,,,,,,,,,,,,,
Ireland,Canada,,,,,,,,,,,,
Switzerland,,,,,,,,,,,,,
Italy,,,,,,,,,,,,,
Poland,Canada,,,,,,,,,,,,
Belgium,,,,,,,,,,,,,
USA,,,,,,,,,,,,,
Spain,,,,,,,,,,,,,
Spain,UK,,,,,,,,,,,,
USA,,,,,,,,,,,,,
Japan,,,,,,,,,,,,,
Canada,,,,,,,,,,,,,
Russia,,,,,,,,,,,,,
USA,,,,,,,,,,,,,
Australia,,,,,,,,,,,,,
Russia,Germany,,,,,,,,,,,,
UK,,,,,,,,,,,,,
India,,,,,,,,,,,,,
Japan,,,,,,,,,,,,,
Denmark,China,,,,,,,,,,,,
Australia,,,,,,,,,,,,,
Korea,,,,,,,,,,,,,
France,,,,,,,,,,,,,
China,,,,,,,,,,,,,
New Zealand,China,,,,,,,,,,,,
China,,,,,,,,,,,,,
Cuba,,,,,,,,,,,,,
China,,,,,,,,,,,,,
USA,,,,,,,,,,,,,
Austria,Germany,,,,,,,,,,,,
USA,,,,,,,,,,,,,
USA,,,,,,,,,,,,,
Greece,,,,,,,,,,,,,
China,,,,,,,,,,,,,
Japan,,,,,,,,,,,,,
Spain,,,,,,,,,,,,,
Czech Republic,,,,,,,,,,,,,
Germany,,,,,,,,,,,,,
Taiwan,,,,,,,,,,,,,
Switzerland,,,,,,,,,,,,,
USA,,,,,,,,,,,,,
Malaysia,,,,,,,,,,,,,
Japan,,,,,,,,,,,,,
Czech Republic,,,,,,,,,,,,,
Thailand,,,,,,,,,,,,,
Taiwan,,,,,,,,,,,,,
China,,,,,,,,,,,,,
Slovakia,,,,,,,,,,,,,
Macedonia,Bulgaria,Germany,,,,,,,,,,,
China,,,,,,,,,,,,,
Spain,,,,,,,,,,,,,
Spain,,,,,,,,,,,,,
China,,,,,,,,,,,,,
USA,,,,,,,,,,,,,
United Arab Emirates,,,,,,,,,,,,,
China,Germany,,,,,,,,,,,,
Australia,,,,,,,,,,,,,
Taiwan,,,,,,,,,,,,,
China,,,,,,,,,,,,,
Japan,,,,,,,,,,,,,
Spain,,,,,,,,,,,,,
Australia,Singapore,Canada,,,,,,,,,,,
Germany,,,,,,,,,,,,,
China,,,,,,,,,,,,,
USA,,,,,,,,,,,,,
The Netherlands,Italy,,,,,,,,,,,,
Canada,,,,,,,,,,,,,
USA,,,,,,,,,,,,,
China,,,,,,,,,,,,,
UK,,,,,,,,,,,,,
USA,,,,,,,,,,,,,
Canada,,,,,,,,,,,,,
USA,,,,,,,,,,,,,
Malaysia,USA,,,,,,,,,,,,
Germany,,,,,,,,,,,,,
Japan,,,,,,,,,,,,,
Taiwan,,,,,,,,,,,,,
USA,,,,,,,,,,,,,
USA,,,,,,,,,,,,,
Australia,Korea,,,,,,,,,,,,
USA,,,,,,,,,,,,,
Japan,,,,,,,,,,,,,
South Africa,,,,,,,,,,,,,
Serbia,,,,,,,,,,,,,
France,Tunisia,,,,,,,,,,,,
Japan,China,,,,,,,,,,,,
Denmark,,,,,,,,,,,,,
UK,,,,,,,,,,,,,
Brazil,,,,,,,,,,,,,
Germany,,,,,,,,,,,,,
Canada,,,,,,,,,,,,,
Taiwan,,,,,,,,,,,,,
Spain,,,,,,,,,,,,,
UK,,,,,,,,,,,,,
Spain,,,,,,,,,,,,,
Slovenia,,,,,,,,,,,,,
Spain,,,,,,,,,,,,,
India,,,,,,,,,,,,,
Austria,,,,,,,,,,,,,
India,,,,,,,,,,,,,
USA,,,,,,,,,,,,,
Canada,,,,,,,,,,,,,
France,Czech Republic,,,,,,,,,,,,
Palestine,,,,,,,,,,,,,
USA,,,,,,,,,,,,,
USA,,,,,,,,,,,,,
Japan,,,,,,,,,,,,,
Taiwan,,,,,,,,,,,,,
France,,,,,,,,,,,,,
China,,,,,,,,,,,,,
USA,Canada,,,,,,,,,,,,
China,,,,,,,,,,,,,
Poland,,,,,,,,,,,,,
France,,,,,,,,,,,,,
Japan,,,,,,,,,,,,,
Taiwan,,,,,,,,,,,,,
USA,,,,,,,,,,,,,
UK,,,,,,,,,,,,,
Italy,,,,,,,,,,,,,
Turkey,,,,,,,,,,,,,
Germany,,,,,,,,,,,,,
Spain,,,,,,,,,,,,,
Spain,,,,,,,,,,,,,
USA,,,,,,,,,,,,,
China,,,,,,,,,,,,,
Japan,,,,,,,,,,,,,
South Africa,Pakistan,,,,,,,,,,,,
South Africa,,,,,,,,,,,,,
South Africa,Pakistan,,,,,,,,,,,,
South Africa,,,,,,,,,,,,,
South Africa,,,,,,,,,,,,,
South Africa,,,,,,,,,,,,,
South Africa,Pakistan,,,,,,,,,,,,
South Africa,,,,,,,,,,,,,
South Africa,,,,,,,,,,,,,
South Africa,,,,,,,,,,,,,
Saudi Arabia,Pakistan,,,,,,,,,,,,
South Africa,,,,,,,,,,,,,
South Africa,,,,,,,,,,,,,
South Africa,,,,,,,,,,,,,
South Africa,Germany,,,,,,,,,,,,
South Africa,,,,,,,,,,,,,
South Africa,,,,,,,,,,,,,
USA,,,,,,,,,,,,,
Turkey,,,,,,,,,,,,,
Pakistan,,,,,,,,,,,,,
Turkey,,,,,,,,,,,,,
India,,,,,,,,,,,,,
Turkey,,,,,,,,,,,,,
Turkey,,,,,,,,,,,,,
Iran,,,,,,,,,,,,,
China,,,,,,,,,,,,,
Turkey,,,,,,,,,,,,,
Taiwan,,,,,,,,,,,,,
Turkey,,,,,,,,,,,,,
Turkey,,,,,,,,,,,,,
South Africa,,,,,,,,,,,,,
Saudi Arabia,,,,,,,,,,,,,
Pakistan,,,,,,,,,,,,,
Germany,,,,,,,,,,,,,
Japan,,,,,,,,,,,,,
Germany,,,,,,,,,,,,,
USA,,,,,,,,,,,,,
China,,,,,,,,,,,,,
Korea,,,,,,,,,,,,,
Thailand,USA,,,,,,,,,,,,
Italy,,,,,,,,,,,,,
USA,,,,,,,,,,,,,
Cyprus,,,,,,,,,,,,,
Germany,,,,,,,,,,,,,
USA,,,,,,,,,,,,,
Russia,,,,,,,,,,,,,
Spain,,,,,,,,,,,,,
Korea,,,,,,,,,,,,,
New Zealand,,,,,,,,,,,,,
Brazil,,,,,,,,,,,,,
Japan,USA,,,,,,,,,,,,
China,,,,,,,,,,,,,
China,,,,,,,,,,,,,
China,,,,,,,,,,,,,
Austria,,,,,,,,,,,,,
USA,,,,,,,,,,,,,
China,,,,,,,,,,,,,
USA,,,,,,,,,,,,,
Thailand,,,,,,,,,,,,,
USA,,,,,,,,,,,,,
Switzerland,,,,,,,,,,,,,
New Zealand,,,,,,,,,,,,,
USA,,,,,,,,,,,,,
Czech Republic,,,,,,,,,,,,,
China,,,,,,,,,,,,,
China,,,,,,,,,,,,,
Italy,,,,,,,,,,,,,
Spain,,,,,,,,,,,,,
Japan,,,,,,,,,,,,,
Korea,,,,,,,,,,,,,
Malaysia,,,,,,,,,,,,,
Finland,,,,,,,,,,,,,
Italy,,,,,,,,,,,,,
Japan,,,,,,,,,,,,,
China,Germany,,,,,,,,,,,,
USA,,,,,,,,,,,,,
Singapore,China,,,,,,,,,,,,
Japan,,,,,,,,,,,,,
USA,,,,,,,,,,,,,
China,,,,,,,,,,,,,
Czech Republic,Slovakia,,,,,,,,,,,,
Canada,,,,,,,,,,,,,
China,,,,,,,,,,,,,
China,,,,,,,,,,,,,
Italy,Canada,,,,,,,,,,,,
USA,,,,,,,,,,,,,
Czech Republic,,,,,,,,,,,,,
USA,,,,,,,,,,,,,
USA,,,,,,,,,,,,,
Germany,,,,,,,,,,,,,
Mexico,Canada,,,,,,,,,,,,
USA,,,,,,,,,,,,,
China,,,,,,,,,,,,,
USA,,,,,,,,,,,,,
France,,,,,,,,,,,,,
Japan,,,,,,,,,,,,,
Israel,,,,,,,,,,,,,
USA,,,,,,,,,,,,,
Malaysia,,,,,,,,,,,,,
Taiwan,,,,,,,,,,,,,
USA,,,,,,,,,,,,,
Korea,,,,,,,,,,,,,
Spain,,,,,,,,,,,,,
Norway,,,,,,,,,,,,,
India,,,,,,,,,,,,,
Brazil,,,,,,,,,,,,,
Indonesia,,,,,,,,,,,,,
USA,,,,,,,,,,,,,
Spain,,,,,,,,,,,,,
Spain,,,,,,,,,,,,,
Denmark,Sweden,,,,,,,,,,,,
Italy,,,,,,,,,,,,,
Australia,Malaysia,USA,Sudan,,,,,,,,,,
China,,,,,,,,,,,,,
China,,,,,,,,,,,,,
China,,,,,,,,,,,,,
France,,,,,,,,,,,,,
USA,Italy,,,,,,,,,,,,
Malaysia,,,,,,,,,,,,,
China,,,,,,,,,,,,,
Poland,China,,,,,,,,,,,,
Hungary,Germany,,,,,,,,,,,,
Croatia,Italy,,,,,,,,,,,,
Japan,,,,,,,,,,,,,
USA,,,,,,,,,,,,,
Australia,,,,,,,,,,,,,
France,USA,Canada,,,,,,,,,,,
Canada,,,,,,,,,,,,,
Australia,Mozambique,,,,,,,,,,,,
USA,Kenya,,,,,,,,,,,,
Canada,,,,,,,,,,,,,
Finland,,,,,,,,,,,,,
Japan,Korea,,,,,,,,,,,,
USA,,,,,,,,,,,,,
Germany,,,,,,,,,,,,,
USA,,,,,,,,,,,,,
Brazil,,,,,,,,,,,,,
Macedonia,Slovenia,Kosovo,,,,,,,,,,,
Turkey,Canada,,,,,,,,,,,,
USA,,,,,,,,,,,,,
Japan,,,,,,,,,,,,,
USA,,,,,,,,,,,,,
USA,,,,,,,,,,,,,
Taiwan,,,,,,,,,,,,,
France,,,,,,,,,,,,,
Spain,,,,,,,,,,,,,
Mexico,,,,,,,,,,,,,
USA,,,,,,,,,,,,,
USA,China,,,,,,,,,,,,
China,,,,,,,,,,,,,
France,Algeria,,,,,,,,,,,,
China,,,,,,,,,,,,,
USA,,,,,,,,,,,,,
China,,,,,,,,,,,,,
Portugal,,,,,,,,,,,,,
Spain,Germany,,,,,,,,,,,,
UK,,,,,,,,,,,,,
China,,,,,,,,,,,,,
Poland,,,,,,,,,,,,,
Korea,,,,,,,,,,,,,
USA,,,,,,,,,,,,,
USA,,,,,,,,,,,,,
USA,,,,,,,,,,,,,
Denmark,,,,,,,,,,,,,
Korea,,,,,,,,,,,,,
USA,,,,,,,,,,,,,
Portugal,Spain,,,,,,,,,,,,
UK,,,,,,,,,,,,,
Canada,,,,,,,,,,,,,
China,,,,,,,,,,,,,
Switzerland,,,,,,,,,,,,,
China,,,,,,,,,,,,,
USA,,,,,,,,,,,,,
China,,,,,,,,,,,,,
USA,,,,,,,,,,,,,
Poland,,,,,,,,,,,,,
Spain,,,,,,,,,,,,,
Japan,,,,,,,,,,,,,
China,,,,,,,,,,,,,
China,,,,,,,,,,,,,
Greece,,,,,,,,,,,,,
USA,,,,,,,,,,,,,
Malaysia,,,,,,,,,,,,,
China,,,,,,,,,,,,,
Japan,,,,,,,,,,,,,
Korea,,,,,,,,,,,,,
China,,,,,,,,,,,,,
Japan,,,,,,,,,,,,,
Japan,,,,,,,,,,,,,
Japan,,,,,,,,,,,,,
China,,,,,,,,,,,,,
USA,Canada,,,,,,,,,,,,
Japan,,,,,,,,,,,,,
Japan,,,,,,,,,,,,,
France,Colombia,,,,,,,,,,,,
Japan,UK,,,,,,,,,,,,
USA,,,,,,,,,,,,,
South Africa,USA,,,,,,,,,,,,
China,,,,,,,,,,,,,
Italy,,,,,,,,,,,,,
Canada,,,,,,,,,,,,,
Taiwan,,,,,,,,,,,,,
Russia,,,,,,,,,,,,,
Malaysia,,,,,,,,,,,,,
Austria,,,,,,,,,,,,,
USA,,,,,,,,,,,,,
Lithuania,,,,,,,,,,,,,
USA,,,,,,,,,,,,,
USA,,,,,,,,,,,,,
USA,,,,,,,,,,,,,
Germany,,,,,,,,,,,,,
Switzerland,,,,,,,,,,,,,
Taiwan,,,,,,,,,,,,,
China,,,,,,,,,,,,,
Japan,,,,,,,,,,,,,
Poland,,,,,,,,,,,,,
USA,,,,,,,,,,,,,
Brazil,Spain,,,,,,,,,,,,
USA,China,,,,,,,,,,,,
Mexico,,,,,,,,,,,,,
UK,,,,,,,,,,,,,
USA,,,,,,,,,,,,,
China,,,,,,,,,,,,,
Germany,,,,,,,,,,,,,
China,,,,,,,,,,,,,
Canada,,,,,,,,,,,,,
USA,China,,,,,,,,,,,,
USA,,,,,,,,,,,,,
Mexico,,,,,,,,,,,,,
France,,,,,,,,,,,,,
Saudi Arabia,Germany,,,,,,,,,,,,
The Netherlands,Germany,China,,,,,,,,,,,
China,,,,,,,,,,,,,
Australia,Czech Republic,Slovakia,,,,,,,,,,,
USA,,,,,,,,,,,,,
Malaysia,,,,,,,,,,,,,
Spain,,,,,,,,,,,,,
Taiwan,,,,,,,,,,,,,
France,Israel,,,,,,,,,,,,
USA,,,,,,,,,,,,,
USA,,,,,,,,,,,,,
Japan,,,,,,,,,,,,,
Taiwan,,,,,,,,,,,,,
Taiwan,,,,,,,,,,,,,
Japan,Thailand,,,,,,,,,,,,
France,,,,,,,,,,,,,
USA,,,,,,,,,,,,,
Denmark,,,,,,,,,,,,,
Italy,,,,,,,,,,,,,
Mexico,,,,,,,,,,,,,
China,,,,,,,,,,,,,
Italy,,,,,,,,,,,,,
China,,,,,,,,,,,,,
Denmark,UK,,,,,,,,,,,,
Malaysia,,,,,,,,,,,,,
Korea,,,,,,,,,,,,,
USA,,,,,,,,,,,,,
Malaysia,,,,,,,,,,,,,
China,,,,,,,,,,,,,
USA,,,,,,,,,,,,,
Brazil,Sweden,,,,,,,,,,,,
UK,,,,,,,,,,,,,
Italy,,,,,,,,,,,,,
UK,,,,,,,,,,,,,
USA,,,,,,,,,,,,,
Greece,,,,,,,,,,,,,
Brazil,,,,,,,,,,,,,
USA,Korea,,,,,,,,,,,,
Japan,China,,,,,,,,,,,,
Canada,,,,,,,,,,,,,
Korea,,,,,,,,,,,,,
Mexico,,,,,,,,,,,,,
Japan,,,,,,,,,,,,,
India,,,,,,,,,,,,,
Austria,,,,,,,,,,,,,
USA,UK,,,,,,,,,,,,
Japan,,,,,,,,,,,,,
USA,,,,,,,,,,,,,
Malaysia,,,,,,,,,,,,,
USA,China,,,,,,,,,,,,
Korea,,,,,,,,,,,,,
China,,,,,,,,,,,,,
USA,,,,,,,,,,,,,
India,USA,,,,,,,,,,,,
China,,,,,,,,,,,,,
USA,China,,,,,,,,,,,,
China,,,,,,,,,,,,,
Taiwan,,,,,,,,,,,,,
Italy,,,,,,,,,,,,,
Portugal,,,,,,,,,,,,,
Sweden,,,,,,,,,,,,,
Uruguay,,,,,,,,,,,,,
Canada,,,,,,,,,,,,,
Spain,Germany,,,,,,,,,,,,
Australia,,,,,,,,,,,,,
China,,,,,,,,,,,,,
China,,,,,,,,,,,,,
UK,,,,,,,,,,,,,
Mexico,Spain,,,,,,,,,,,,
Taiwan,,,,,,,,,,,,,
Denmark,,,,,,,,,,,,,
Malaysia,,,,,,,,,,,,,
USA,,,,,,,,,,,,,
China,,,,,,,,,,,,,
USA,,,,,,,,,,,,,
Norway,,,,,,,,,,,,,
USA,,,,,,,,,,,,,
China,,,,,,,,,,,,,
Malaysia,,,,,,,,,,,,,
China,,,,,,,,,,,,,
South Africa,,,,,,,,,,,,,
USA,,,,,,,,,,,,,
China,,,,,,,,,,,,,
USA,,,,,,,,,,,,,
France,,,,,,,,,,,,,
Malaysia,,,,,,,,,,,,,
Austria,Burkina Faso,,,,,,,,,,,,
Taiwan,,,,,,,,,,,,,
USA,,,,,,,,,,,,,
USA,,,,,,,,,,,,,
Italy,,,,,,,,,,,,,
Germany,,,,,,,,,,,,,
Denmark,,,,,,,,,,,,,
Switzerland,,,,,,,,,,,,,
Japan,,,,,,,,,,,,,
China,,,,,,,,,,,,,
China,,,,,,,,,,,,,
India,UK,,,,,,,,,,,,
Korea,,,,,,,,,,,,,
China,,,,,,,,,,,,,
Iran,,,,,,,,,,,,,
USA,Germany,,,,,,,,,,,,
Canada,,,,,,,,,,,,,
France,,,,,,,,,,,,,
Iran,,,,,,,,,,,,,
The Netherlands,UK,,,,,,,,,,,,
China,,,,,,,,,,,,,
USA,,,,,,,,,,,,,
Japan,,,,,,,,,,,,,
Japan,,,,,,,,,,,,,
Taiwan,,,,,,,,,,,,,
France,Belgium,,,,,,,,,,,,
Brazil,,,,,,,,,,,,,
Korea,,,,,,,,,,,,,
Brazil,,,,,,,,,,,,,
Japan,,,,,,,,,,,,,
Korea,,,,,,,,,,,,,
Canada,,,,,,,,,,,,,
USA,,,,,,,,,,,,,
UK,,,,,,,,,,,,,
China,,,,,,,,,,,,,
Belgium,Switzerland,,,,,,,,,,,,
USA,,,,,,,,,,,,,
The Netherlands,Switzerland,,,,,,,,,,,,
France,Switzerland,,,,,,,,,,,,
Japan,,,,,,,,,,,,,
Brazil,,,,,,,,,,,,,
France,,,,,,,,,,,,,
Germany,,,,,,,,,,,,,
USA,Spain,,,,,,,,,,,,
Spain,,,,,,,,,,,,,
Brazil,,,,,,,,,,,,,
USA,,,,,,,,,,,,,
Argentina,,,,,,,,,,,,,
Taiwan,,,,,,,,,,,,,
China,,,,,,,,,,,,,
France,,,,,,,,,,,,,
Spain,,,,,,,,,,,,,
Turkey,,,,,,,,,,,,,
UK,,,,,,,,,,,,,
China,,,,,,,,,,,,,
Jordan,Germany,,,,,,,,,,,,
Austria,,,,,,,,,,,,,
Sweden,,,,,,,,,,,,,
Brazil,,,,,,,,,,,,,
China,,,,,,,,,,,,,
China,,,,,,,,,,,,,
China,,,,,,,,,,,,,
Denmark,,,,,,,,,,,,,
Australia,,,,,,,,,,,,,
Romania,Germany,,,,,,,,,,,,
UK,,,,,,,,,,,,,
USA,Canada,,,,,,,,,,,,
Costa Rica,USA,Canada,,,,,,,,,,,
China,,,,,,,,,,,,,
Finland,,,,,,,,,,,,,
Canada,,,,,,,,,,,,,
Israel,,,,,,,,,,,,,
UK,,,,,,,,,,,,,
France,Portugal,Latvia,USA,,,,,,,,,,
Japan,,,,,,,,,,,,,
Russia,,,,,,,,,,,,,
South Africa,,,,,,,,,,,,,
China,,,,,,,,,,,,,
Serbia,The Netherlands,,,,,,,,,,,,
Japan,,,,,,,,,,,,,
Switzerland,,,,,,,,,,,,,
China,,,,,,,,,,,,,
USA,,,,,,,,,,,,,
Canada,,,,,,,,,,,,,
Finland,USA,,,,,,,,,,,,
The Netherlands,,,,,,,,,,,,,
Japan,Indonesia,,,,,,,,,,,,
UK,,,,,,,,,,,,,
Spain,UK,,,,,,,,,,,,
USA,,,,,,,,,,,,,
Italy,,,,,,,,,,,,,
India,,,,,,,,,,,,,
China,,,,,,,,,,,,,
USA,,,,,,,,,,,,,
Malaysia,,,,,,,,,,,,,
Saudi Arabia,,,,,,,,,,,,,
China,,,,,,,,,,,,,
China,,,,,,,,,,,,,
USA,,,,,,,,,,,,,
Spain,Germany,,,,,,,,,,,,
India,,,,,,,,,,,,,
USA,,,,,,,,,,,,,
USA,,,,,,,,,,,,,
Japan,,,,,,,,,,,,,
South Africa,Nigeria,,,,,,,,,,,,
Sweden,,,,,,,,,,,,,
USA,,,,,,,,,,,,,
Korea,,,,,,,,,,,,,
USA,,,,,,,,,,,,,
France,,,,,,,,,,,,,
Germany,,,,,,,,,,,,,
Korea,,,,,,,,,,,,,
India,,,,,,,,,,,,,
USA,Russia,,,,,,,,,,,,
South Africa,,,,,,,,,,,,,
China,,,,,,,,,,,,,
China,,,,,,,,,,,,,
Romania,Germany,,,,,,,,,,,,
Korea,,,,,,,,,,,,,
USA,,,,,,,,,,,,,
Portugal,,,,,,,,,,,,,
Germany,,,,,,,,,,,,,
Germany,,,,,,,,,,,,,
Denmark,Germany,,,,,,,,,,,,
China,,,,,,,,,,,,,
Malaysia,,,,,,,,,,,,,
Czech Republic,,,,,,,,,,,,,
Italy,,,,,,,,,,,,,
India,,,,,,,,,,,,,
China,,,,,,,,,,,,,
China,,,,,,,,,,,,,
Korea,,,,,,,,,,,,,
USA,,,,,,,,,,,,,
Italy,,,,,,,,,,,,,
China,,,,,,,,,,,,,
USA,,,,,,,,,,,,,
China,,,,,,,,,,,,,
Germany,,,,,,,,,,,,,
USA,Spain,,,,,,,,,,,,
Italy,,,,,,,,,,,,,
China,,,,,,,,,,,,,
Korea,,,,,,,,,,,,,
The Netherlands,Denmark,Czech Republic,Germany,,,,,,,,,,
Chile,,,,,,,,,,,,,
Brazil,,,,,,,,,,,,,
Iran,,,,,,,,,,,,,
USA,,,,,,,,,,,,,
USA,Spain,,,,,,,,,,,,
France,USA,,,,,,,,,,,,
South Africa,,,,,,,,,,,,,
France,,,,,,,,,,,,,
Australia,,,,,,,,,,,,,
Korea,,,,,,,,,,,,,
Korea,,,,,,,,,,,,,
USA,,,,,,,,,,,,,
Germany,,,,,,,,,,,,,
UK,,,,,,,,,,,,,
USA,,,,,,,,,,,,,
Canada,China,,,,,,,,,,,,
Brazil,,,,,,,,,,,,,
Norway,,,,,,,,,,,,,
China,,,,,,,,,,,,,
USA,,,,,,,,,,,,,
USA,,,,,,,,,,,,,
Cyprus,,,,,,,,,,,,,
Colombia,Spain,,,,,,,,,,,,
USA,,,,,,,,,,,,,
Malaysia,,,,,,,,,,,,,
USA,China,,,,,,,,,,,,
Canada,,,,,,,,,,,,,
Brazil,USA,,,,,,,,,,,,
Italy,,,,,,,,,,,,,
Italy,,,,,,,,,,,,,
South Africa,,,,,,,,,,,,,
USA,,,,,,,,,,,,,
USA,,,,,,,,,,,,,
China,,,,,,,,,,,,,
Korea,,,,,,,,,,,,,
Canada,,,,,,,,,,,,,
China,,,,,,,,,,,,,
China,,,,,,,,,,,,,
UK,,,,,,,,,,,,,
USA,,,,,,,,,,,,,
China,,,,,,,,,,,,,
Australia,,,,,,,,,,,,,
Portugal,,,,,,,,,,,,,
UK,,,,,,,,,,,,,
Australia,,,,,,,,,,,,,
Switzerland,,,,,,,,,,,,,
Brazil,,,,,,,,,,,,,
Korea,,,,,,,,,,,,,
Italy,,,,,,,,,,,,,
Turkey,,,,,,,,,,,,,
USA,,,,,,,,,,,,,
China,,,,,,,,,,,,,
USA,Canada,,,,,,,,,,,,
USA,,,,,,,,,,,,,
United Arab Emirates,,,,,,,,,,,,,
USA,,,,,,,,,,,,,
Canada,,,,,,,,,,,,,
Taiwan,,,,,,,,,,,,,
Portugal,,,,,,,,,,,,,
Portugal,Spain,,,,,,,,,,,,
Korea,,,,,,,,,,,,,
Korea,,,,,,,,,,,,,
Spain,,,,,,,,,,,,,
Japan,,,,,,,,,,,,,
Spain,,,,,,,,,,,,,
Spain,,,,,,,,,,,,,
Taiwan,,,,,,,,,,,,,
Taiwan,,,,,,,,,,,,,
USA,,,,,,,,,,,,,
UK,,,,,,,,,,,,,
Japan,,,,,,,,,,,,,
Korea,,,,,,,,,,,,,
Australia,,,,,,,,,,,,,
USA,,,,,,,,,,,,,
Brazil,,,,,,,,,,,,,
USA,China,,,,,,,,,,,,
Spain,,,,,,,,,,,,,
Brazil,,,,,,,,,,,,,
Germany,,,,,,,,,,,,,
Italy,,,,,,,,,,,,,
Canada,,,,,,,,,,,,,
Taiwan,,,,,,,,,,,,,
France,,,,,,,,,,,,,
China,,,,,,,,,,,,,
Portugal,Spain,,,,,,,,,,,,
Spain,,,,,,,,,,,,,
Italy,,,,,,,,,,,,,
The Netherlands,Germany,,,,,,,,,,,,
Japan,,,,,,,,,,,,,
Korea,,,,,,,,,,,,,
Norway,Finland,,,,,,,,,,,,
Uruguay,,,,,,,,,,,,,
USA,,,,,,,,,,,,,
UK,,,,,,,,,,,,,
Austria,,,,,,,,,,,,,
Germany,,,,,,,,,,,,,
France,,,,,,,,,,,,,
Germany,,,,,,,,,,,,,
USA,,,,,,,,,,,,,
Canada,,,,,,,,,,,,,
China,,,,,,,,,,,,,
Italy,,,,,,,,,,,,,
Mexico,,,,,,,,,,,,,
Korea,,,,,,,,,,,,,
USA,Canada,,,,,,,,,,,,
UK,USA,Belgium,Switzerland,,,,,,,,,,
Jordan,USA,,,,,,,,,,,,
Taiwan,,,,,,,,,,,,,
USA,,,,,,,,,,,,,
Malaysia,,,,,,,,,,,,,
Germany,Luxembourg,,,,,,,,,,,,
Japan,China,,,,,,,,,,,,
Malaysia,,,,,,,,,,,,,
Saudi Arabia,,,,,,,,,,,,,
Italy,,,,,,,,,,,,,
Japan,,,,,,,,,,,,,
Hungary,The Netherlands,,,,,,,,,,,,
Malaysia,,,,,,,,,,,,,
Korea,,,,,,,,,,,,,
Italy,,,,,,,,,,,,,
South Africa,,,,,,,,,,,,,
Taiwan,,,,,,,,,,,,,
USA,,,,,,,,,,,,,
Saudi Arabia,,,,,,,,,,,,,
USA,,,,,,,,,,,,,
Taiwan,,,,,,,,,,,,,
Italy,,,,,,,,,,,,,
Spain,,,,,,,,,,,,,
New Zealand,,,,,,,,,,,,,
China,,,,,,,,,,,,,
China,,,,,,,,,,,,,
India,,,,,,,,,,,,,
Brazil,,,,,,,,,,,,,
Mexico,,,,,,,,,,,,,
China,,,,,,,,,,,,,
China,,,,,,,,,,,,,
Japan,,,,,,,,,,,,,
Cyprus,Greece,,,,,,,,,,,,
China,,,,,,,,,,,,,
Brazil,,,,,,,,,,,,,
China,,,,,,,,,,,,,
Belgium,,,,,,,,,,,,,
France,USA,,,,,,,,,,,,
Germany,,,,,,,,,,,,,
USA,,,,,,,,,,,,,
South Africa,,,,,,,,,,,,,
USA,,,,,,,,,,,,,
France,,,,,,,,,,,,,
USA,,,,,,,,,,,,,
China,,,,,,,,,,,,,
France,,,,,,,,,,,,,
Japan,Brazil,,,,,,,,,,,,
USA,,,,,,,,,,,,,
USA,,,,,,,,,,,,,
Greece,,,,,,,,,,,,,
China,,,,,,,,,,,,,
The Netherlands,UK,,,,,,,,,,,,
South Africa,,,,,,,,,,,,,
South Africa,,,,,,,,,,,,,
South Africa,,,,,,,,,,,,,
China,,,,,,,,,,,,,
USA,,,,,,,,,,,,,
Saudi Arabia,,,,,,,,,,,,,
Croatia,,,,,,,,,,,,,
Canada,,,,,,,,,,,,,
USA,,,,,,,,,,,,,
India,,,,,,,,,,,,,
Canada,,,,,,,,,,,,,
Korea,,,,,,,,,,,,,
Australia,,,,,,,,,,,,,
Japan,,,,,,,,,,,,,
Mexico,,,,,,,,,,,,,
USA,,,,,,,,,,,,,
Finland,,,,,,,,,,,,,
Japan,,,,,,,,,,,,,
USA,,,,,,,,,,,,,
Italy,,,,,,,,,,,,,
USA,,,,,,,,,,,,,
Germany,,,,,,,,,,,,,
Japan,,,,,,,,,,,,,
Australia,,,,,,,,,,,,,
USA,,,,,,,,,,,,,
France,,,,,,,,,,,,,
Korea,,,,,,,,,,,,,
India,Italy,,,,,,,,,,,,
Croatia,,,,,,,,,,,,,
Spain,,,,,,,,,,,,,
Thailand,,,,,,,,,,,,,
Korea,,,,,,,,,,,,,
China,,,,,,,,,,,,,
Australia,,,,,,,,,,,,,
China,,,,,,,,,,,,,
USA,,,,,,,,,,,,,
Spain,,,,,,,,,,,,,
USA,,,,,,,,,,,,,
France,USA,Canada,,,,,,,,,,,
UK,,,,,,,,,,,,,
USA,Russia,,,,,,,,,,,,
Norway,USA,,,,,,,,,,,,
Sweden,,,,,,,,,,,,,
Japan,,,,,,,,,,,,,
France,,,,,,,,,,,,,
France,,,,,,,,,,,,,
Canada,,,,,,,,,,,,,
USA,,,,,,,,,,,,,
China,,,,,,,,,,,,,
China,,,,,,,,,,,,,
Japan,Korea,,,,,,,,,,,,
Spain,,,,,,,,,,,,,
Romania,,,,,,,,,,,,,
Spain,,,,,,,,,,,,,
Malaysia,,,,,,,,,,,,,
China,,,,,,,,,,,,,
Taiwan,,,,,,,,,,,,,
Malaysia,,,,,,,,,,,,,
Croatia,,,,,,,,,,,,,
Malaysia,,,,,,,,,,,,,
Serbia,,,,,,,,,,,,,
Germany,,,,,,,,,,,,,
USA,,,,,,,,,,,,,
Germany,,,,,,,,,,,,,
Mexico,,,,,,,,,,,,,
Malaysia,,,,,,,,,,,,,
Spain,,,,,,,,,,,,,
Malaysia,Iran,,,,,,,,,,,,
UK,,,,,,,,,,,,,
The Netherlands,,,,,,,,,,,,,
China,,,,,,,,,,,,,
Finland,,,,,,,,,,,,,
UK,,,,,,,,,,,,,
France,,,,,,,,,,,,,
USA,,,,,,,,,,,,,
USA,,,,,,,,,,,,,
USA,,,,,,,,,,,,,
France,,,,,,,,,,,,,
China,,,,,,,,,,,,,
Brazil,,,,,,,,,,,,,
Canada,,,,,,,,,,,,,
Switzerland,,,,,,,,,,,,,
USA,,,,,,,,,,,,,
Mexico,,,,,,,,,,,,,
Saudi Arabia,,,,,,,,,,,,,
Spain,,,,,,,,,,,,,
The Netherlands,,,,,,,,,,,,,
Italy,,,,,,,,,,,,,
Mexico,,,,,,,,,,,,,
Italy,,,,,,,,,,,,,
USA,,,,,,,,,,,,,
USA,,,,,,,,,,,,,
Germany,,,,,,,,,,,,,
India,,,,,,,,,,,,,
India,,,,,,,,,,,,,
India,,,,,,,,,,,,,
China,,,,,,,,,,,,,
Germany,China,,,,,,,,,,,,
Taiwan,,,,,,,,,,,,,
China,,,,,,,,,,,,,
Taiwan,,,,,,,,,,,,,
Belgium,,,,,,,,,,,,,
China,,,,,,,,,,,,,
China,,,,,,,,,,,,,
Korea,,,,,,,,,,,,,
Belgium,Germany,,,,,,,,,,,,
China,,,,,,,,,,,,,
Japan,,,,,,,,,,,,,
China,,,,,,,,,,,,,
Poland,,,,,,,,,,,,,
Austria,,,,,,,,,,,,,
China,,,,,,,,,,,,,
USA,China,,,,,,,,,,,,
Japan,,,,,,,,,,,,,
UK,,,,,,,,,,,,,
China,,,,,,,,,,,,,
USA,,,,,,,,,,,,,
China,,,,,,,,,,,,,
China,,,,,,,,,,,,,
Taiwan,,,,,,,,,,,,,
Belgium,,,,,,,,,,,,,
China,,,,,,,,,,,,,
Australia,,,,,,,,,,,,,
USA,,,,,,,,,,,,,
USA,,,,,,,,,,,,,
USA,,,,,,,,,,,,,
Italy,,,,,,,,,,,,,
USA,,,,,,,,,,,,,
France,,,,,,,,,,,,,
Spain,,,,,,,,,,,,,
Italy,,,,,,,,,,,,,
China,,,,,,,,,,,,,
Norway,,,,,,,,,,,,,
Brazil,Italy,,,,,,,,,,,,
USA,UK,Canada,,,,,,,,,,,
USA,Canada,,,,,,,,,,,,
France,UK,Hungary,,,,,,,,,,,
USA,,,,,,,,,,,,,
Korea,,,,,,,,,,,,,
Japan,,,,,,,,,,,,,
China,,,,,,,,,,,,,
USA,,,,,,,,,,,,,
Malaysia,,,,,,,,,,,,,
China,,,,,,,,,,,,,
Japan,,,,,,,,,,,,,
Thailand,,,,,,,,,,,,,
Kuwait,Egypt,,,,,,,,,,,,
Australia,,,,,,,,,,,,,
USA,,,,,,,,,,,,,
Japan,,,,,,,,,,,,,
China,,,,,,,,,,,,,
Saudi Arabia,,,,,,,,,,,,,
Germany,,,,,,,,,,,,,
Italy,,,,,,,,,,,,,
Japan,,,,,,,,,,,,,
USA,Korea,,,,,,,,,,,,
France,Algeria,,,,,,,,,,,,
Uzbekistan,Germany,,,,,,,,,,,,
Japan,,,,,,,,,,,,,
Korea,Italy,,,,,,,,,,,,
China,,,,,,,,,,,,,
Germany,,,,,,,,,,,,,
Greece,Turkey,Italy,,,,,,,,,,,
Mexico,,,,,,,,,,,,,
UK,,,,,,,,,,,,,
Australia,,,,,,,,,,,,,
Australia,,,,,,,,,,,,,
Australia,,,,,,,,,,,,,
Thailand,,,,,,,,,,,,,
Poland,,,,,,,,,,,,,
Saudi Arabia,,,,,,,,,,,,,
Finland,,,,,,,,,,,,,
Chile,,,,,,,,,,,,,
Portugal,Belgium,,,,,,,,,,,,
Japan,,,,,,,,,,,,,
Saudi Arabia,Korea,,,,,,,,,,,,
Korea,,,,,,,,,,,,,
USA,,,,,,,,,,,,,
Czech Republic,,,,,,,,,,,,,
Japan,,,,,,,,,,,,,
Finland,,,,,,,,,,,,,
India,,,,,,,,,,,,,
China,,,,,,,,,,,,,
China,,,,,,,,,,,,,
France,,,,,,,,,,,,,
Korea,,,,,,,,,,,,,
Malaysia,,,,,,,,,,,,,
Australia,,,,,,,,,,,,,
Australia,,,,,,,,,,,,,
Australia,,,,,,,,,,,,,
Australia,,,,,,,,,,,,,
Korea,,,,,,,,,,,,,
Canada,,,,,,,,,,,,,
Brazil,,,,,,,,,,,,,
USA,,,,,,,,,,,,,
USA,,,,,,,,,,,,,
USA,,,,,,,,,,,,,
Italy,,,,,,,,,,,,,
Saudi Arabia,,,,,,,,,,,,,
Taiwan,,,,,,,,,,,,,
Spain,Sweden,,,,,,,,,,,,
France,,,,,,,,,,,,,
China,,,,,,,,,,,,,
USA,,,,,,,,,,,,,
USA,,,,,,,,,,,,,
Poland,,,,,,,,,,,,,
India,USA,,,,,,,,,,,,
USA,,,,,,,,,,,,,
USA,,,,,,,,,,,,,
Hungary,,,,,,,,,,,,,
Finland,,,,,,,,,,,,,
Venezuela,,,,,,,,,,,,,
Taiwan,,,,,,,,,,,,,
China,,,,,,,,,,,,,
Thailand,,,,,,,,,,,,,
Spain,,,,,,,,,,,,,
Algeria,,,,,,,,,,,,,
Turkey,Slovenia,,,,,,,,,,,,
South Africa,USA,,,,,,,,,,,,
USA,,,,,,,,,,,,,
Japan,USA,,,,,,,,,,,,
USA,,,,,,,,,,,,,
Norway,,,,,,,,,,,,,
Turkey,,,,,,,,,,,,,
USA,,,,,,,,,,,,,
USA,Denmark,,,,,,,,,,,,
Ivory Coast,Switzerland,,,,,,,,,,,,
USA,,,,,,,,,,,,,
Italy,,,,,,,,,,,,,
Korea,,,,,,,,,,,,,
Japan,,,,,,,,,,,,,
New Zealand,China,,,,,,,,,,,,
USA,,,,,,,,,,,,,
UK,,,,,,,,,,,,,
Switzerland,,,,,,,,,,,,,
Portugal,,,,,,,,,,,,,
France,,,,,,,,,,,,,
UK,,,,,,,,,,,,,
Austria,,,,,,,,,,,,,
USA,,,,,,,,,,,,,
The Netherlands,,,,,,,,,,,,,
USA,,,,,,,,,,,,,
Singapore,China,,,,,,,,,,,,
USA,,,,,,,,,,,,,
USA,,,,,,,,,,,,,
Italy,,,,,,,,,,,,,
Japan,,,,,,,,,,,,,
Croatia,Italy,,,,,,,,,,,,
Italy,,,,,,,,,,,,,
China,,,,,,,,,,,,,
China,,,,,,,,,,,,,
China,,,,,,,,,,,,,
USA,,,,,,,,,,,,,
Japan,,,,,,,,,,,,,
USA,,,,,,,,,,,,,
Sweden,,,,,,,,,,,,,
Italy,,,,,,,,,,,,,
China,,,,,,,,,,,,,
Austria,,,,,,,,,,,,,
Korea,,,,,,,,,,,,,
Germany,,,,,,,,,,,,,
Slovenia,,,,,,,,,,,,,
USA,Korea,,,,,,,,,,,,
Germany,,,,,,,,,,,,,
USA,Malawi,,,,,,,,,,,,
Turkey,,,,,,,,,,,,,
Japan,Egypt,,,,,,,,,,,,
Japan,,,,,,,,,,,,,
China,,,,,,,,,,,,,
South Africa,,,,,,,,,,,,,
Japan,,,,,,,,,,,,,
Israel,,,,,,,,,,,,,
China,,,,,,,,,,,,,
Germany,,,,,,,,,,,,,
Korea,,,,,,,,,,,,,
Sweden,,,,,,,,,,,,,
Czech Republic,,,,,,,,,,,,,
Switzerland,,,,,,,,,,,,,
Sweden,,,,,,,,,,,,,
Ireland,,,,,,,,,,,,,
USA,,,,,,,,,,,,,
Slovenia,,,,,,,,,,,,,
USA,,,,,,,,,,,,,
The Netherlands,,,,,,,,,,,,,
Saudi Arabia,Egypt,,,,,,,,,,,,
Malaysia,,,,,,,,,,,,,
Canada,,,,,,,,,,,,,
USA,China,,,,,,,,,,,,
Malaysia,,,,,,,,,,,,,
Lithuania,Poland,Germany,,,,,,,,,,,
China,,,,,,,,,,,,,
Germany,Italy,,,,,,,,,,,,
Hungary,Spain,,,,,,,,,,,,
Serbia,,,,,,,,,,,,,
Turkey,,,,,,,,,,,,,
China,,,,,,,,,,,,,
Germany,,,,,,,,,,,,,
Sweden,,,,,,,,,,,,,
USA,,,,,,,,,,,,,
Slovenia,,,,,,,,,,,,,
Brazil,,,,,,,,,,,,,
USA,Italy,,,,,,,,,,,,
Greece,,,,,,,,,,,,,
Mexico,,,,,,,,,,,,,
Thailand,,,,,,,,,,,,,
Serbia,,,,,,,,,,,,,
China,,,,,,,,,,,,,
France,,,,,,,,,,,,,
China,,,,,,,,,,,,,
UK,China,,,,,,,,,,,,
UK,,,,,,,,,,,,,
USA,,,,,,,,,,,,,
The Netherlands,Belgium,,,,,,,,,,,,
Italy,,,,,,,,,,,,,
Sweden,,,,,,,,,,,,,
USA,,,,,,,,,,,,,
Canada,,,,,,,,,,,,,
France,Cameroon,,,,,,,,,,,,
Japan,,,,,,,,,,,,,
Colombia,Chile,,,,,,,,,,,,
Brazil,,,,,,,,,,,,,
China,,,,,,,,,,,,,
The Netherlands,,,,,,,,,,,,,
Austria,,,,,,,,,,,,,
Australia,Austria,,,,,,,,,,,,
Portugal,Germany,,,,,,,,,,,,
USA,,,,,,,,,,,,,
Ukraine,USA,,,,,,,,,,,,
Norway,,,,,,,,,,,,,
USA,,,,,,,,,,,,,
Italy,,,,,,,,,,,,,
Taiwan,,,,,,,,,,,,,
Iran,,,,,,,,,,,,,
China,,,,,,,,,,,,,
Mexico,,,,,,,,,,,,,
Sweden,,,,,,,,,,,,,
India,Malaysia,,,,,,,,,,,,
Canada,,,,,,,,,,,,,
USA,,,,,,,,,,,,,
Germany,,,,,,,,,,,,,
USA,Canada,,,,,,,,,,,,
Italy,,,,,,,,,,,,,
Portugal,Germany,,,,,,,,,,,,
USA,Italy,,,,,,,,,,,,
Italy,Israel,,,,,,,,,,,,
USA,Germany,,,,,,,,,,,,
China,,,,,,,,,,,,,
USA,Czech Republic,,,,,,,,,,,,
Brazil,,,,,,,,,,,,,
Croatia,Austria,,,,,,,,,,,,
Brazil,,,,,,,,,,,,,
Russia,Switzerland,,,,,,,,,,,,
Sweden,,,,,,,,,,,,,
Serbia,,,,,,,,,,,,,
Italy,,,,,,,,,,,,,
Singapore,,,,,,,,,,,,,
Korea,,,,,,,,,,,,,
Germany,,,,,,,,,,,,,
Argentina,Greece,Italy,,,,,,,,,,,
USA,,,,,,,,,,,,,
USA,,,,,,,,,,,,,
Japan,,,,,,,,,,,,,
USA,Austria,,,,,,,,,,,,
Belgium,,,,,,,,,,,,,
USA,,,,,,,,,,,,,
Taiwan,,,,,,,,,,,,,
Denmark,,,,,,,,,,,,,
USA,,,,,,,,,,,,,
Turkey,,,,,,,,,,,,,
Spain,,,,,,,,,,,,,
USA,,,,,,,,,,,,,
USA,,,,,,,,,,,,,
The Netherlands,,,,,,,,,,,,,
Czech Republic,,,,,,,,,,,,,
Japan,,,,,,,,,,,,,
The Netherlands,Belgium,Germany,,,,,,,,,,,
Japan,,,,,,,,,,,,,
China,,,,,,,,,,,,,
France,,,,,,,,,,,,,
Poland,,,,,,,,,,,,,
Serbia,,,,,,,,,,,,,
USA,,,,,,,,,,,,,
Japan,,,,,,,,,,,,,
France,,,,,,,,,,,,,
Germany,,,,,,,,,,,,,
USA,,,,,,,,,,,,,
USA,Italy,,,,,,,,,,,,
Australia,,,,,,,,,,,,,
USA,,,,,,,,,,,,,
Korea,,,,,,,,,,,,,
USA,,,,,,,,,,,,,
USA,,,,,,,,,,,,,
USA,,,,,,,,,,,,,
USA,,,,,,,,,,,,,
Canada,,,,,,,,,,,,,
China,,,,,,,,,,,,,
Brazil,The Netherlands,,,,,,,,,,,,
USA,,,,,,,,,,,,,
Switzerland,,,,,,,,,,,,,
France,,,,,,,,,,,,,
India,,,,,,,,,,,,,
Uzbekistan,,,,,,,,,,,,,
USA,,,,,,,,,,,,,
France,Romania,,,,,,,,,,,,
India,Nigeria,,,,,,,,,,,,
UK,Germany,,,,,,,,,,,,
USA,,,,,,,,,,,,,
Canada,,,,,,,,,,,,,
USA,,,,,,,,,,,,,
Thailand,USA,,,,,,,,,,,,
USA,,,,,,,,,,,,,
USA,,,,,,,,,,,,,
China,,,,,,,,,,,,,
Finland,Turkey,,,,,,,,,,,,
China,,,,,,,,,,,,,
China,,,,,,,,,,,,,
Brazil,,,,,,,,,,,,,
Saudi Arabia,Egypt,,,,,,,,,,,,
Canada,,,,,,,,,,,,,
Sweden,,,,,,,,,,,,,
Canada,,,,,,,,,,,,,
USA,,,,,,,,,,,,,
USA,,,,,,,,,,,,,
France,,,,,,,,,,,,,
France,Norway,Turkey,Sweden,,,,,,,,,,
USA,,,,,,,,,,,,,
Thailand,,,,,,,,,,,,,
UK,,,,,,,,,,,,,
USA,,,,,,,,,,,,,
France,Spain,,,,,,,,,,,,
USA,,,,,,,,,,,,,
Canada,,,,,,,,,,,,,
USA,,,,,,,,,,,,,
USA,Sweden,,,,,,,,,,,,
USA,China,,,,,,,,,,,,
USA,,,,,,,,,,,,,
Dominican Republic,Spain,,,,,,,,,,,,
Greece,,,,,,,,,,,,,
Japan,,,,,,,,,,,,,
USA,,,,,,,,,,,,,
Taiwan,,,,,,,,,,,,,
Taiwan,,,,,,,,,,,,,
South Africa,,,,,,,,,,,,,
Benin,Denmark,USA,,,,,,,,,,,
USA,,,,,,,,,,,,,
Korea,,,,,,,,,,,,,
Japan,,,,,,,,,,,,,
Germany,,,,,,,,,,,,,
Australia,,,,,,,,,,,,,
Australia,,,,,,,,,,,,,
The Netherlands,,,,,,,,,,,,,
Romania,,,,,,,,,,,,,
USA,,,,,,,,,,,,,
India,,,,,,,,,,,,,
Brazil,,,,,,,,,,,,,
Sweden,,,,,,,,,,,,,
Canada,,,,,,,,,,,,,
USA,,,,,,,,,,,,,
Germany,,,,,,,,,,,,,
USA,,,,,,,,,,,,,
USA,,,,,,,,,,,,,
USA,,,,,,,,,,,,,
Switzerland,,,,,,,,,,,,,
Malaysia,,,,,,,,,,,,,
Germany,,,,,,,,,,,,,
USA,,,,,,,,,,,,,
USA,,,,,,,,,,,,,
Greece,,,,,,,,,,,,,
Spain,,,,,,,,,,,,,
USA,China,,,,,,,,,,,,
USA,Italy,,,,,,,,,,,,
USA,,,,,,,,,,,,,
France,,,,,,,,,,,,,
USA,,,,,,,,,,,,,
Italy,,,,,,,,,,,,,
Thailand,,,,,,,,,,,,,
Mexico,,,,,,,,,,,,,
Switzerland,,,,,,,,,,,,,
China,,,,,,,,,,,,,
Burundi,China,,,,,,,,,,,,
USA,,,,,,,,,,,,,
USA,Canada,,,,,,,,,,,,
China,,,,,,,,,,,,,
China,,,,,,,,,,,,,
Poland,,,,,,,,,,,,,
Italy,,,,,,,,,,,,,
China,,,,,,,,,,,,,
Australia,,,,,,,,,,,,,
Canada,,,,,,,,,,,,,
Italy,,,,,,,,,,,,,
India,,,,,,,,,,,,,
Sweden,,,,,,,,,,,,,
Japan,,,,,,,,,,,,,
Japan,,,,,,,,,,,,,
Germany,,,,,,,,,,,,,
Austria,,,,,,,,,,,,,
Brazil,,,,,,,,,,,,,
USA,,,,,,,,,,,,,
USA,,,,,,,,,,,,,
Germany,,,,,,,,,,,,,
USA,,,,,,,,,,,,,
Germany,,,,,,,,,,,,,
UK,,,,,,,,,,,,,
Japan,,,,,,,,,,,,,
Finland,,,,,,,,,,,,,
China,,,,,,,,,,,,,
France,,,,,,,,,,,,,
Germany,,,,,,,,,,,,,
Germany,,,,,,,,,,,,,
USA,,,,,,,,,,,,,
USA,,,,,,,,,,,,,
Russia,,,,,,,,,,,,,
Italy,,,,,,,,,,,,,
Israel,,,,,,,,,,,,,
China,,,,,,,,,,,,,
Italy,,,,,,,,,,,,,
Taiwan,,,,,,,,,,,,,
Spain,,,,,,,,,,,,,
UK,,,,,,,,,,,,,
USA,Germany,,,,,,,,,,,,
Mexico,,,,,,,,,,,,,
The Netherlands,,,,,,,,,,,,,
USA,,,,,,,,,,,,,
Taiwan,,,,,,,,,,,,,
Germany,,,,,,,,,,,,,
Japan,,,,,,,,,,,,,
Canada,,,,,,,,,,,,,
France,The Netherlands,,,,,,,,,,,,
Japan,,,,,,,,,,,,,
Brazil,,,,,,,,,,,,,
Denmark,Sweden,,,,,,,,,,,,
Spain,,,,,,,,,,,,,
Germany,,,,,,,,,,,,,
France,,,,,,,,,,,,,
Israel,,,,,,,,,,,,,
The Netherlands,Belgium,Germany,,,,,,,,,,,
Croatia,,,,,,,,,,,,,
Italy,,,,,,,,,,,,,
USA,Germany,,,,,,,,,,,,
Finland,,,,,,,,,,,,,
USA,Italy,,,,,,,,,,,,
Italy,,,,,,,,,,,,,
Cyprus,UK,,,,,,,,,,,,
South Africa,UK,,,,,,,,,,,,
Mexico,,,,,,,,,,,,,
Italy,,,,,,,,,,,,,
Germany,,,,,,,,,,,,,
Japan,,,,,,,,,,,,,
The Netherlands,,,,,,,,,,,,,
USA,UK,,,,,,,,,,,,
Japan,,,,,,,,,,,,,
Portugal,,,,,,,,,,,,,
Denmark,,,,,,,,,,,,,
Japan,,,,,,,,,,,,,
Japan,,,,,,,,,,,,,
Spain,,,,,,,,,,,,,
Venezuela,,,,,,,,,,,,,
USA,,,,,,,,,,,,,
USA,,,,,,,,,,,,,
UK,,,,,,,,,,,,,
Japan,,,,,,,,,,,,,
USA,,,,,,,,,,,,,
France,,,,,,,,,,,,,
France,,,,,,,,,,,,,
Canada,,,,,,,,,,,,,
Brazil,,,,,,,,,,,,,
Taiwan,,,,,,,,,,,,,
Japan,,,,,,,,,,,,,
USA,,,,,,,,,,,,,
USA,,,,,,,,,,,,,
Spain,,,,,,,,,,,,,
Saudi Arabia,,,,,,,,,,,,,
China,,,,,,,,,,,,,
USA,,,,,,,,,,,,,
France,Turkey,Austria,Italy,Portugal,UK,Germany,Poland,Serbia,Lithuania,Estonia,USA,Spain,Sweden
USA,,,,,,,,,,,,,
Switzerland,,,,,,,,,,,,,
Canada,,,,,,,,,,,,,
France,USA,,,,,,,,,,,,
USA,,,,,,,,,,,,,
USA,,,,,,,,,,,,,
China,,,,,,,,,,,,,
Germany,,,,,,,,,,,,,
USA,,,,,,,,,,,,,
Canada,,,,,,,,,,,,,
Thailand,UK,,,,,,,,,,,,
USA,,,,,,,,,,,,,
USA,,,,,,,,,,,,,
New Zealand,,,,,,,,,,,,,
USA,,,,,,,,,,,,,
Spain,,,,,,,,,,,,,
Malaysia,Austria,Germany,,,,,,,,,,,
Germany,,,,,,,,,,,,,
Germany,,,,,,,,,,,,,
USA,New Zealand,,,,,,,,,,,,
China,,,,,,,,,,,,,
Poland,,,,,,,,,,,,,
Canada,,,,,,,,,,,,,
Thailand,,,,,,,,,,,,,
Korea,,,,,,,,,,,,,
China,,,,,,,,,,,,,
Cyprus,,,,,,,,,,,,,
Argentina,,,,,,,,,,,,,
USA,,,,,,,,,,,,,
UK,,,,,,,,,,,,,
Cyprus,,,,,,,,,,,,,
USA,,,,,,,,,,,,,
Mexico,Canada,,,,,,,,,,,,
Spain,Poland,,,,,,,,,,,,
Sweden,,,,,,,,,,,,,
USA,,,,,,,,,,,,,
USA,Italy,,,,,,,,,,,,
China,,,,,,,,,,,,,
Japan,,,,,,,,,,,,,
Korea,Italy,,,,,,,,,,,,
China,,,,,,,,,,,,,
Korea,,,,,,,,,,,,,
South Africa,USA,,,,,,,,,,,,
France,,,,,,,,,,,,,
UK,,,,,,,,,,,,,
Turkey,,,,,,,,,,,,,
Turkey,,,,,,,,,,,,,
Taiwan,,,,,,,,,,,,,
Turkey,,,,,,,,,,,,,
Turkey,,,,,,,,,,,,,
Turkey,,,,,,,,,,,,,
Saudi Arabia,,,,,,,,,,,,,
Turkey,,,,,,,,,,,,,
Pakistan,,,,,,,,,,,,,
Turkey,,,,,,,,,,,,,
China,,,,,,,,,,,,,
Saudi Arabia,,,,,,,,,,,,,
China,,,,,,,,,,,,,
Canada,,,,,,,,,,,,,
France,Spain,,,,,,,,,,,,
USA,,,,,,,,,,,,,
Japan,,,,,,,,,,,,,
USA,,,,,,,,,,,,,
India,,,,,,,,,,,,,
Ireland,,,,,,,,,,,,,
Canada,,,,,,,,,,,,,
Japan,,,,,,,,,,,,,
France,,,,,,,,,,,,,
Japan,,,,,,,,,,,,,
Taiwan,,,,,,,,,,,,,
China,,,,,,,,,,,,,
Germany,,,,,,,,,,,,,
Switzerland,,,,,,,,,,,,,
China,,,,,,,,,,,,,
France,,,,,,,,,,,,,
New Zealand,,,,,,,,,,,,,
USA,,,,,,,,,,,,,
USA,,,,,,,,,,,,,
Canada,,,,,,,,,,,,,
Sweden,Greece,Germany,,,,,,,,,,,
Italy,,,,,,,,,,,,,
USA,,,,,,,,,,,,,
Japan,,,,,,,,,,,,,
Greece,,,,,,,,,,,,,
China,,,,,,,,,,,,,
Taiwan,,,,,,,,,,,,,
Malaysia,,,,,,,,,,,,,
China,,,,,,,,,,,,,
Mexico,,,,,,,,,,,,,
Australia,,,,,,,,,,,,,
China,,,,,,,,,,,,,
UK,Italy,,,,,,,,,,,,
Japan,,,,,,,,,,,,,
Germany,Canada,,,,,,,,,,,,
New Zealand,UK,,,,,,,,,,,,
Canada,,,,,,,,,,,,,
France,,,,,,,,,,,,,
Spain,Germany,,,,,,,,,,,,
The Netherlands,,,,,,,,,,,,,
USA,,,,,,,,,,,,,
Algeria,,,,,,,,,,,,,
Australia,,,,,,,,,,,,,
Germany,,,,,,,,,,,,,
USA,,,,,,,,,,,,,
USA,,,,,,,,,,,,,
France,,,,,,,,,,,,,
Japan,,,,,,,,,,,,,
The Netherlands,,,,,,,,,,,,,
Japan,,,,,,,,,,,,,
Brazil,,,,,,,,,,,,,
Australia,,,,,,,,,,,,,
Greece,,,,,,,,,,,,,
Germany,Slovakia,,,,,,,,,,,,
China,,,,,,,,,,,,,
Austria,,,,,,,,,,,,,
Japan,UK,,,,,,,,,,,,
Germany,,,,,,,,,,,,,
China,,,,,,,,,,,,,
France,,,,,,,,,,,,,
Italy,,,,,,,,,,,,,
Spain,,,,,,,,,,,,,
USA,,,,,,,,,,,,,
Finland,,,,,,,,,,,,,
Italy,,,,,,,,,,,,,
Japan,,,,,,,,,,,,,
Saudi Arabia,,,,,,,,,,,,,
India,,,,,,,,,,,,,
China,,,,,,,,,,,,,
China,,,,,,,,,,,,,
USA,,,,,,,,,,,,,
Australia,,,,,,,,,,,,,
China,,,,,,,,,,,,,
Italy,,,,,,,,,,,,,
USA,,,,,,,,,,,,,
Finland,Germany,,,,,,,,,,,,
China,,,,,,,,,,,,,
China,,,,,,,,,,,,,
Switzerland,,,,,,,,,,,,,
USA,,,,,,,,,,,,,
Brazil,,,,,,,,,,,,,
Belgium,,,,,,,,,,,,,
Colombia,,,,,,,,,,,,,
Saudi Arabia,,,,,,,,,,,,,
Switzerland,,,,,,,,,,,,,
Germany,,,,,,,,,,,,,
USA,,,,,,,,,,,,,
USA,,,,,,,,,,,,,
USA,,,,,,,,,,,,,
UK,,,,,,,,,,,,,
USA,,,,,,,,,,,,,
USA,,,,,,,,,,,,,
Austria,Germany,,,,,,,,,,,,
USA,,,,,,,,,,,,,
USA,,,,,,,,,,,,,
USA,,,,,,,,,,,,,
Austria,,,,,,,,,,,,,
USA,Israel,,,,,,,,,,,,
Germany,,,,,,,,,,,,,
The Netherlands,USA,,,,,,,,,,,,
USA,,,,,,,,,,,,,
USA,,,,,,,,,,,,,
Japan,,,,,,,,,,,,,
Pakistan,USA,,,,,,,,,,,,
USA,,,,,,,,,,,,,
The Netherlands,,,,,,,,,,,,,
USA,,,,,,,,,,,,,
Portugal,UK,,,,,,,,,,,,
USA,,,,,,,,,,,,,
USA,,,,,,,,,,,,,
USA,Poland,,,,,,,,,,,,
France,,,,,,,,,,,,,
Australia,,,,,,,,,,,,,
Germany,,,,,,,,,,,,,
USA,Spain,UK,Italy,,,,,,,,,,
USA,,,,,,,,,,,,,
Japan,China,,,,,,,,,,,,
USA,UK,,,,,,,,,,,,
USA,,,,,,,,,,,,,
Spain,,,,,,,,,,,,,
Spain,,,,,,,,,,,,,
Australia,Thailand,,,,,,,,,,,,
The Netherlands,Israel,,,,,,,,,,,,
Canada,,,,,,,,,,,,,
France,,,,,,,,,,,,,
France,,,,,,,,,,,,,
The Netherlands,UK,Germany,,,,,,,,,,,
China,,,,,,,,,,,,,
Japan,,,,,,,,,,,,,
Denmark,Sweden,,,,,,,,,,,,
Korea,,,,,,,,,,,,,
USA,,,,,,,,,,,,,
UK,Sweden,,,,,,,,,,,,
France,Italy,,,,,,,,,,,,
Switzerland,Germany,,,,,,,,,,,,
China,,,,,,,,,,,,,
Japan,The Netherlands,,,,,,,,,,,,
Canada,,,,,,,,,,,,,
Spain,,,,,,,,,,,,,
Austria,,,,,,,,,,,,,
Australia,,,,,,,,,,,,,
Australia,,,,,,,,,,,,,
USA,,,,,,,,,,,,,
Vietnam,,,,,,,,,,,,,
Spain,,,,,,,,,,,,,
USA,,,,,,,,,,,,,
Italy,,,,,,,,,,,,,
USA,,,,,,,,,,,,,
Italy,,,,,,,,,,,,,
USA,,,,,,,,,,,,,
Japan,,,,,,,,,,,,,
Belgium,,,,,,,,,,,,,
Germany,,,,,,,,,,,,,
USA,,,,,,,,,,,,,
Czech Republic,,,,,,,,,,,,,
USA,,,,,,,,,,,,,
UK,,,,,,,,,,,,,
Switzerland,UK,Italy,,,,,,,,,,,
Ireland,,,,,,,,,,,,,
Lithuania,,,,,,,,,,,,,
Japan,,,,,,,,,,,,,
Germany,,,,,,,,,,,,,
USA,,,,,,,,,,,,,
Canada,,,,,,,,,,,,,
USA,,,,,,,,,,,,,
USA,Canada,,,,,,,,,,,,
Australia,Indonesia,USA,,,,,,,,,,,
The Netherlands,,,,,,,,,,,,,
Argentina,,,,,,,,,,,,,
UK,Czech Republic,,,,,,,,,,,,
USA,China,,,,,,,,,,,,
Austria,,,,,,,,,,,,,
Greece,Austria,,,,,,,,,,,,
Slovenia,,,,,,,,,,,,,
Slovenia,,,,,,,,,,,,,
Austria,,,,,,,,,,,,,
Bosnia and Herzegovina,,,,,,,,,,,,,
UK,,,,,,,,,,,,,
Austria,,,,,,,,,,,,,
Germany,,,,,,,,,,,,,
Slovenia,,,,,,,,,,,,,
Serbia,,,,,,,,,,,,,
Austria,,,,,,,,,,,,,
Bosnia and Herzegovina,,,,,,,,,,,,,
UK,,,,,,,,,,,,,
Austria,,,,,,,,,,,,,
Slovenia,,,,,,,,,,,,,
Slovenia,,,,,,,,,,,,,
Austria,,,,,,,,,,,,,
Slovenia,,,,,,,,,,,,,
Austria,,,,,,,,,,,,,
Austria,Switzerland,,,,,,,,,,,,
Italy,,,,,,,,,,,,,
UK,Switzerland,,,,,,,,,,,,
Slovenia,,,,,,,,,,,,,
Slovenia,,,,,,,,,,,,,
Slovenia,Italy,,,,,,,,,,,,
Slovenia,,,,,,,,,,,,,
Serbia,,,,,,,,,,,,,
Bosnia and Herzegovina,,,,,,,,,,,,,
Slovenia,,,,,,,,,,,,,
Slovenia,,,,,,,,,,,,,
Austria,,,,,,,,,,,,,
UK,,,,,,,,,,,,,
Germany,,,,,,,,,,,,,
Serbia,,,,,,,,,,,,,
Austria,,,,,,,,,,,,,
Indonesia,Austria,,,,,,,,,,,,
Austria,,,,,,,,,,,,,
Belgium,,,,,,,,,,,,,
New Zealand,,,,,,,,,,,,,
Germany,,,,,,,,,,,,,
India,USA,,,,,,,,,,,,
Mexico,Germany,,,,,,,,,,,,
Denmark,,,,,,,,,,,,,
USA,,,,,,,,,,,,,
UK,,,,,,,,,,,,,
China,,,,,,,,,,,,,
UK,,,,,,,,,,,,,
Spain,,,,,,,,,,,,,
Italy,,,,,,,,,,,,,
USA,,,,,,,,,,,,,
Japan,USA,,,,,,,,,,,,
USA,,,,,,,,,,,,,
USA,,,,,,,,,,,,,
Poland,,,,,,,,,,,,,
Austria,,,,,,,,,,,,,
USA,,,,,,,,,,,,,
France,Mexico,,,,,,,,,,,,
Japan,USA,,,,,,,,,,,,
Germany,,,,,,,,,,,,,
Korea,,,,,,,,,,,,,
Japan,,,,,,,,,,,,,
USA,Colombia,,,,,,,,,,,,
USA,,,,,,,,,,,,,
USA,,,,,,,,,,,,,
Australia,,,,,,,,,,,,,
USA,,,,,,,,,,,,,
Korea,,,,,,,,,,,,,
Taiwan,UK,,,,,,,,,,,,
Japan,,,,,,,,,,,,,
Korea,,,,,,,,,,,,,
Taiwan,,,,,,,,,,,,,
USA,,,,,,,,,,,,,
UK,,,,,,,,,,,,,
Spain,,,,,,,,,,,,,
USA,,,,,,,,,,,,,
Japan,,,,,,,,,,,,,
USA,,,,,,,,,,,,,
Russia,,,,,,,,,,,,,
Saudi Arabia,,,,,,,,,,,,,
Italy,,,,,,,,,,,,,
USA,,,,,,,,,,,,,
Australia,Italy,,,,,,,,,,,,
Finland,Ireland,,,,,,,,,,,,
USA,,,,,,,,,,,,,
UK,,,,,,,,,,,,,
UK,,,,,,,,,,,,,
Ireland,,,,,,,,,,,,,
USA,,,,,,,,,,,,,
Germany,,,,,,,,,,,,,
Japan,,,,,,,,,,,,,
Mexico,USA,,,,,,,,,,,,
Saudi Arabia,,,,,,,,,,,,,
USA,,,,,,,,,,,,,
Spain,,,,,,,,,,,,,
Saudi Arabia,,,,,,,,,,,,,
The Netherlands,,,,,,,,,,,,,
Japan,,,,,,,,,,,,,
Canada,,,,,,,,,,,,,
UK,Germany,,,,,,,,,,,,
Poland,,,,,,,,,,,,,
Germany,,,,,,,,,,,,,
Italy,,,,,,,,,,,,,
Poland,,,,,,,,,,,,,
USA,,,,,,,,,,,,,
France,Portugal,,,,,,,,,,,,
China,,,,,,,,,,,,,
Italy,,,,,,,,,,,,,
Saudi Arabia,,,,,,,,,,,,,
Italy,,,,,,,,,,,,,
Japan,,,,,,,,,,,,,
France,USA,,,,,,,,,,,,
UK,,,,,,,,,,,,,
France,,,,,,,,,,,,,
France,Germany,,,,,,,,,,,,
UK,,,,,,,,,,,,,
Portugal,Finland,,,,,,,,,,,,
France,UK,Germany,Indonesia,Norway,,,,,,,,,
China,,,,,,,,,,,,,
Australia,,,,,,,,,,,,,
UK,Sweden,,,,,,,,,,,,
Cameroon,,,,,,,,,,,,,
Canada,,,,,,,,,,,,,
Germany,,,,,,,,,,,,,
USA,,,,,,,,,,,,,
China,,,,,,,,,,,,,
Canada,,,,,,,,,,,,,
The Netherlands,,,,,,,,,,,,,
Korea,,,,,,,,,,,,,
Japan,,,,,,,,,,,,,
USA,,,,,,,,,,,,,
Australia,Bangladesh,,,,,,,,,,,,
China,,,,,,,,,,,,,
Russia,UK,,,,,,,,,,,,
USA,,,,,,,,,,,,,
USA,,,,,,,,,,,,,
USA,,,,,,,,,,,,,
Malaysia,,,,,,,,,,,,,
France,Poland,,,,,,,,,,,,
Australia,,,,,,,,,,,,,
France,,,,,,,,,,,,,
USA,,,,,,,,,,,,,
Hungary,,,,,,,,,,,,,
Portugal,,,,,,,,,,,,,
USA,China,,,,,,,,,,,,
USA,,,,,,,,,,,,,
USA,,,,,,,,,,,,,
India,,,,,,,,,,,,,
USA,,,,,,,,,,,,,
The Netherlands,,,,,,,,,,,,,
China,,,,,,,,,,,,,
Ireland,,,,,,,,,,,,,
Italy,,,,,,,,,,,,,
Japan,,,,,,,,,,,,,
Portugal,,,,,,,,,,,,,
The Netherlands,Israel,,,,,,,,,,,,
The Netherlands,,,,,,,,,,,,,
New Zealand,UK,,,,,,,,,,,,
Germany,,,,,,,,,,,,,
Saudi Arabia,,,,,,,,,,,,,
USA,,,,,,,,,,,,,
Switzerland,,,,,,,,,,,,,
Korea,,,,,,,,,,,,,
Poland,,,,,,,,,,,,,
Taiwan,,,,,,,,,,,,,
Italy,,,,,,,,,,,,,
China,,,,,,,,,,,,,
Sweden,,,,,,,,,,,,,
France,,,,,,,,,,,,,
The Netherlands,USA,Switzerland,Germany,,,,,,,,,,
China,,,,,,,,,,,,,
USA,,,,,,,,,,,,,
USA,,,,,,,,,,,,,
Spain,,,,,,,,,,,,,
USA,,,,,,,,,,,,,
India,,,,,,,,,,,,,
Thailand,,,,,,,,,,,,,
USA,,,,,,,,,,,,,
USA,,,,,,,,,,,,,
Austria,,,,,,,,,,,,,
Taiwan,,,,,,,,,,,,,
USA,,,,,,,,,,,,,
India,,,,,,,,,,,,,
Spain,,,,,,,,,,,,,
USA,,,,,,,,,,,,,
Japan,USA,Austria,Italy,,,,,,,,,,
China,,,,,,,,,,,,,
China,,,,,,,,,,,,,
China,,,,,,,,,,,,,
The Netherlands,Finland,USA,Belgium,,,,,,,,,,
Taiwan,,,,,,,,,,,,,
China,,,,,,,,,,,,,
China,,,,,,,,,,,,,
Malaysia,,,,,,,,,,,,,
China,,,,,,,,,,,,,
France,,,,,,,,,,,,,
China,,,,,,,,,,,,,
China,,,,,,,,,,,,,
China,,,,,,,,,,,,,
China,,,,,,,,,,,,,
Sweden,,,,,,,,,,,,,
UK,,,,,,,,,,,,,
Austria,,,,,,,,,,,,,
China,,,,,,,,,,,,,
France,,,,,,,,,,,,,
Taiwan,,,,,,,,,,,,,
Taiwan,,,,,,,,,,,,,
USA,China,,,,,,,,,,,,
Taiwan,,,,,,,,,,,,,
USA,,,,,,,,,,,,,
Korea,,,,,,,,,,,,,
China,,,,,,,,,,,,,
China,,,,,,,,,,,,,
Japan,,,,,,,,,,,,,
China,,,,,,,,,,,,,
UK,Germany,,,,,,,,,,,,
Italy,,,,,,,,,,,,,
USA,,,,,,,,,,,,,
Korea,,,,,,,,,,,,,
Belgium,,,,,,,,,,,,,
USA,,,,,,,,,,,,,
USA,,,,,,,,,,,,,
Germany,,,,,,,,,,,,,
Ireland,,,,,,,,,,,,,
Japan,China,,,,,,,,,,,,
Italy,,,,,,,,,,,,,
Malaysia,,,,,,,,,,,,,
Croatia,,,,,,,,,,,,,
Serbia,,,,,,,,,,,,,
USA,,,,,,,,,,,,,
Italy,,,,,,,,,,,,,
Japan,Malaysia,New Zealand,,,,,,,,,,,
Mexico,,,,,,,,,,,,,
USA,,,,,,,,,,,,,
Germany,,,,,,,,,,,,,
Finland,,,,,,,,,,,,,
Taiwan,,,,,,,,,,,,,
Switzerland,,,,,,,,,,,,,
Italy,,,,,,,,,,,,,
Japan,,,,,,,,,,,,,
Mexico,,,,,,,,,,,,,
Japan,,,,,,,,,,,,,
France,Uzbekistan,,,,,,,,,,,,
Germany,,,,,,,,,,,,,
China,Korea,,,,,,,,,,,,
Malaysia,,,,,,,,,,,,,
Czech Republic,Slovakia,,,,,,,,,,,,
France,,,,,,,,,,,,,
The Netherlands,,,,,,,,,,,,,
USA,,,,,,,,,,,,,
Mexico,,,,,,,,,,,,,
Korea,,,,,,,,,,,,,
Japan,Australia,Singapore,Germany,,,,,,,,,,
China,Korea,,,,,,,,,,,,
USA,Canada,,,,,,,,,,,,
Korea,,,,,,,,,,,,,
Australia,,,,,,,,,,,,,
Sweden,,,,,,,,,,,,,
Malaysia,Indonesia,,,,,,,,,,,,
Italy,,,,,,,,,,,,,
Taiwan,,,,,,,,,,,,,
Germany,,,,,,,,,,,,,
Slovakia,,,,,,,,,,,,,
Portugal,,,,,,,,,,,,,
Japan,,,,,,,,,,,,,
Switzerland,,,,,,,,,,,,,
USA,China,,,,,,,,,,,,
Sweden,,,,,,,,,,,,,
Korea,,,,,,,,,,,,,
Japan,,,,,,,,,,,,,
China,,,,,,,,,,,,,
USA,,,,,,,,,,,,,
Taiwan,,,,,,,,,,,,,
Denmark,Greece,,,,,,,,,,,,
Japan,,,,,,,,,,,,,
Sweden,Canada,,,,,,,,,,,,
Liechtenstein,,,,,,,,,,,,,
Japan,USA,,,,,,,,,,,,
USA,,,,,,,,,,,,,
Mexico,,,,,,,,,,,,,
USA,,,,,,,,,,,,,
USA,Cameroon,,,,,,,,,,,,
Spain,,,,,,,,,,,,,
UK,,,,,,,,,,,,,
USA,,,,,,,,,,,,,
USA,,,,,,,,,,,,,
USA,Canada,,,,,,,,,,,,
Egypt,UK,,,,,,,,,,,,
USA,,,,,,,,,,,,,
China,,,,,,,,,,,,,
France,Belgium,,,,,,,,,,,,
Taiwan,,,,,,,,,,,,,
Spain,,,,,,,,,,,,,
USA,,,,,,,,,,,,,
France,,,,,,,,,,,,,
Italy,,,,,,,,,,,,,
Canada,,,,,,,,,,,,,
USA,,,,,,,,,,,,,
Hungary,Belgium,,,,,,,,,,,,
UK,,,,,,,,,,,,,
Japan,Canada,,,,,,,,,,,,
France,The Netherlands,UK,Australia,USA,Korea,,,,,,,,
Japan,USA,,,,,,,,,,,,
USA,,,,,,,,,,,,,
USA,,,,,,,,,,,,,
Malaysia,,,,,,,,,,,,,
Austria,,,,,,,,,,,,,
China,,,,,,,,,,,,,
Serbia,,,,,,,,,,,,,
Austria,,,,,,,,,,,,,
South Africa,,,,,,,,,,,,,
China,,,,,,,,,,,,,
USA,,,,,,,,,,,,,
Saudi Arabia,Egypt,,,,,,,,,,,,
Italy,,,,,,,,,,,,,
USA,,,,,,,,,,,,,
Norway,,,,,,,,,,,,,
Norway,,,,,,,,,,,,,
Korea,,,,,,,,,,,,,
Malaysia,,,,,,,,,,,,,
Brazil,Italy,,,,,,,,,,,,
Belgium,,,,,,,,,,,,,
Belgium,,,,,,,,,,,,,
France,Greece,Spain,,,,,,,,,,,
USA,,,,,,,,,,,,,
Spain,Poland,,,,,,,,,,,,
USA,,,,,,,,,,,,,
South Africa,,,,,,,,,,,,,
Sweden,,,,,,,,,,,,,
China,,,,,,,,,,,,,
Brazil,USA,,,,,,,,,,,,
Malta,USA,Canada,,,,,,,,,,,
Japan,China,,,,,,,,,,,,
Brazil,,,,,,,,,,,,,
Greece,,,,,,,,,,,,,
Spain,,,,,,,,,,,,,
France,,,,,,,,,,,,,
Japan,,,,,,,,,,,,,
Italy,,,,,,,,,,,,,
USA,,,,,,,,,,,,,
USA,Ireland,,,,,,,,,,,,
USA,,,,,,,,,,,,,
France,,,,,,,,,,,,,
Australia,,,,,,,,,,,,,
Serbia,,,,,,,,,,,,,
United Arab Emirates,,,,,,,,,,,,,
France,USA,Belgium,,,,,,,,,,,
China,,,,,,,,,,,,,
USA,,,,,,,,,,,,,
China,,,,,,,,,,,,,
Canada,,,,,,,,,,,,,
France,,,,,,,,,,,,,
Japan,,,,,,,,,,,,,
Spain,,,,,,,,,,,,,
Mexico,,,,,,,,,,,,,
USA,,,,,,,,,,,,,
USA,,,,,,,,,,,,,
Croatia,,,,,,,,,,,,,
USA,,,,,,,,,,,,,
UK,,,,,,,,,,,,,
France,,,,,,,,,,,,,
Austria,Germany,,,,,,,,,,,,
USA,,,,,,,,,,,,,
Serbia,,,,,,,,,,,,,
Argentina,,,,,,,,,,,,,
China,,,,,,,,,,,,,
Iran,,,,,,,,,,,,,
Nigeria,,,,,,,,,,,,,
USA,,,,,,,,,,,,,
Iran,,,,,,,,,,,,,
China,,,,,,,,,,,,,
USA,The Netherlands,,,,,,,,,,,,
Japan,,,,,,,,,,,,,
USA,,,,,,,,,,,,,
USA,,,,,,,,,,,,,
Spain,,,,,,,,,,,,,
Saudi Arabia,,,,,,,,,,,,,
Japan,,,,,,,,,,,,,
China,,,,,,,,,,,,,
Japan,Singapore,Germany,,,,,,,,,,,
USA,,,,,,,,,,,,,
Japan,,,,,,,,,,,,,
Japan,,,,,,,,,,,,,
USA,,,,,,,,,,,,,
USA,,,,,,,,,,,,,
USA,,,,,,,,,,,,,
USA,,,,,,,,,,,,,
Belgium,,,,,,,,,,,,,
Belgium,,,,,,,,,,,,,
UK,,,,,,,,,,,,,
Portugal,Canada,,,,,,,,,,,,
Belgium,,,,,,,,,,,,,
Korea,,,,,,,,,,,,,
USA,,,,,,,,,,,,,
Germany,,,,,,,,,,,,,
Italy,,,,,,,,,,,,,
UK,,,,,,,,,,,,,
France,,,,,,,,,,,,,
Saudi Arabia,,,,,,,,,,,,,
Australia,,,,,,,,,,,,,
Spain,,,,,,,,,,,,,
USA,,,,,,,,,,,,,
USA,,,,,,,,,,,,,
USA,Taiwan,,,,,,,,,,,,
Malaysia,Singapore,,,,,,,,,,,,
Germany,,,,,,,,,,,,,
Austria,,,,,,,,,,,,,
Taiwan,,,,,,,,,,,,,
Japan,,,,,,,,,,,,,
Germany,,,,,,,,,,,,,
Colombia,,,,,,,,,,,,,
USA,,,,,,,,,,,,,
The Netherlands,,,,,,,,,,,,,
UK,,,,,,,,,,,,,
Tunisia,,,,,,,,,,,,,
UK,,,,,,,,,,,,,
USA,,,,,,,,,,,,,
Japan,,,,,,,,,,,,,
China,,,,,,,,,,,,,
India,,,,,,,,,,,,,
Italy,,,,,,,,,,,,,
Brazil,,,,,,,,,,,,,
China,,,,,,,,,,,,,
Thailand,,,,,,,,,,,,,
China,,,,,,,,,,,,,
UK,,,,,,,,,,,,,
UK,,,,,,,,,,,,,
UK,,,,,,,,,,,,,
USA,,,,,,,,,,,,,
Japan,,,,,,,,,,,,,
Australia,,,,,,,,,,,,,
USA,,,,,,,,,,,,,
Australia,UK,,,,,,,,,,,,
Indonesia,,,,,,,,,,,,,
USA,Spain,,,,,,,,,,,,
Germany,,,,,,,,,,,,,
USA,,,,,,,,,,,,,
Brazil,,,,,,,,,,,,,
Mexico,,,,,,,,,,,,,
Italy,,,,,,,,,,,,,
Germany,,,,,,,,,,,,,
China,,,,,,,,,,,,,
USA,China,,,,,,,,,,,,
USA,,,,,,,,,,,,,
Indonesia,,,,,,,,,,,,,
USA,,,,,,,,,,,,,
Spain,,,,,,,,,,,,,
USA,,,,,,,,,,,,,
Austria,,,,,,,,,,,,,
USA,,,,,,,,,,,,,
Germany,,,,,,,,,,,,,
Thailand,,,,,,,,,,,,,
Canada,Korea,,,,,,,,,,,,
Australia,,,,,,,,,,,,,
Japan,,,,,,,,,,,,,
USA,,,,,,,,,,,,,
Japan,China,,,,,,,,,,,,
USA,,,,,,,,,,,,,
Mexico,Spain,,,,,,,,,,,,
UK,,,,,,,,,,,,,
Canada,,,,,,,,,,,,,
Italy,,,,,,,,,,,,,
Korea,,,,,,,,,,,,,
Germany,,,,,,,,,,,,,
The Netherlands,Canada,,,,,,,,,,,,
Japan,,,,,,,,,,,,,
Finland,,,,,,,,,,,,,
Czech Republic,,,,,,,,,,,,,
USA,,,,,,,,,,,,,
Sweden,Germany,,,,,,,,,,,,
USA,,,,,,,,,,,,,
USA,,,,,,,,,,,,,
UK,,,,,,,,,,,,,
Slovenia,,,,,,,,,,,,,
China,,,,,,,,,,,,,
Spain,,,,,,,,,,,,,
China,,,,,,,,,,,,,
France,,,,,,,,,,,,,
Denmark,Italy,,,,,,,,,,,,
UK,,,,,,,,,,,,,
USA,,,,,,,,,,,,,
Hungary,Mexico,,,,,,,,,,,,
USA,,,,,,,,,,,,,
China,,,,,,,,,,,,,
UK,,,,,,,,,,,,,
USA,Russia,,,,,,,,,,,,
Saudi Arabia,,,,,,,,,,,,,
USA,,,,,,,,,,,,,
Brazil,,,,,,,,,,,,,
Romania,,,,,,,,,,,,,
Canada,,,,,,,,,,,,,
Poland,,,,,,,,,,,,,
Spain,,,,,,,,,,,,,
Portugal,,,,,,,,,,,,,
Greece,,,,,,,,,,,,,
Spain,,,,,,,,,,,,,
Finland,,,,,,,,,,,,,
Belgium,,,,,,,,,,,,,
UK,,,,,,,,,,,,,
USA,,,,,,,,,,,,,
Poland,,,,,,,,,,,,,
Italy,,,,,,,,,,,,,
Japan,,,,,,,,,,,,,
Canada,,,,,,,,,,,,,
Malaysia,,,,,,,,,,,,,
Italy,,,,,,,,,,,,,
Tunisia,,,,,,,,,,,,,
China,,,,,,,,,,,,,
Canada,,,,,,,,,,,,,
USA,Croatia,,,,,,,,,,,,
Taiwan,,,,,,,,,,,,,
USA,,,,,,,,,,,,,
Italy,,,,,,,,,,,,,
USA,,,,,,,,,,,,,
Australia,,,,,,,,,,,,,
Portugal,,,,,,,,,,,,,
Portugal,,,,,,,,,,,,,
Germany,,,,,,,,,,,,,
USA,Canada,,,,,,,,,,,,
USA,,,,,,,,,,,,,
Italy,,,,,,,,,,,,,
Korea,,,,,,,,,,,,,
Czech Republic,,,,,,,,,,,,,
China,,,,,,,,,,,,,
China,,,,,,,,,,,,,
USA,,,,,,,,,,,,,
Japan,,,,,,,,,,,,,
USA,,,,,,,,,,,,,
Poland,,,,,,,,,,,,,
Greece,UK,,,,,,,,,,,,
Spain,,,,,,,,,,,,,
Finland,USA,,,,,,,,,,,,
Malaysia,Singapore,,,,,,,,,,,,
Italy,,,,,,,,,,,,,
China,,,,,,,,,,,,,
USA,Ethiopia,Italy,,,,,,,,,,,
Malaysia,Singapore,,,,,,,,,,,,
The Netherlands,Spain,,,,,,,,,,,,
USA,,,,,,,,,,,,,
Canada,,,,,,,,,,,,,
Saudi Arabia,,,,,,,,,,,,,
Finland,Switzerland,,,,,,,,,,,,
Italy,,,,,,,,,,,,,
Canada,,,,,,,,,,,,,
Portugal,,,,,,,,,,,,,
USA,,,,,,,,,,,,,
Australia,,,,,,,,,,,,,
USA,,,,,,,,,,,,,
USA,,,,,,,,,,,,,
USA,,,,,,,,,,,,,
Canada,,,,,,,,,,,,,
USA,,,,,,,,,,,,,
Israel,,,,,,,,,,,,,
Korea,,,,,,,,,,,,,
USA,,,,,,,,,,,,,
Portugal,,,,,,,,,,,,,
Croatia,,,,,,,,,,,,,
Portugal,Romania,,,,,,,,,,,,
UK,Canada,,,,,,,,,,,,
USA,,,,,,,,,,,,,
Serbia,,,,,,,,,,,,,
Greece,,,,,,,,,,,,,
Spain,,,,,,,,,,,,,
Singapore,,,,,,,,,,,,,
Singapore,,,,,,,,,,,,,
USA,,,,,,,,,,,,,
USA,,,,,,,,,,,,,
USA,UK,,,,,,,,,,,,
Switzerland,,,,,,,,,,,,,
Brazil,,,,,,,,,,,,,
France,Denmark,Germany,,,,,,,,,,,
UK,,,,,,,,,,,,,
Canada,,,,,,,,,,,,,
China,,,,,,,,,,,,,
Japan,,,,,,,,,,,,,
Argentina,,,,,,,,,,,,,
Korea,,,,,,,,,,,,,
UK,China,,,,,,,,,,,,
UK,,,,,,,,,,,,,
Italy,,,,,,,,,,,,,
USA,Russia,,,,,,,,,,,,
France,China,,,,,,,,,,,,
Germany,,,,,,,,,,,,,
Malaysia,,,,,,,,,,,,,
Saudi Arabia,,,,,,,,,,,,,
Germany,Italy,,,,,,,,,,,,
USA,,,,,,,,,,,,,
USA,,,,,,,,,,,,,
USA,,,,,,,,,,,,,
USA,,,,,,,,,,,,,
China,,,,,,,,,,,,,
USA,,,,,,,,,,,,,
Denmark,Italy,,,,,,,,,,,,
USA,,,,,,,,,,,,,
Thailand,,,,,,,,,,,,,
Serbia,,,,,,,,,,,,,
Germany,,,,,,,,,,,,,
Brazil,Uzbekistan,Germany,,,,,,,,,,,
Saudi Arabia,,,,,,,,,,,,,
Malaysia,,,,,,,,,,,,,
USA,,,,,,,,,,,,,
Taiwan,,,,,,,,,,,,,
Korea,,,,,,,,,,,,,
China,,,,,,,,,,,,,
Spain,,,,,,,,,,,,,
Canada,,,,,,,,,,,,,
Canada,,,,,,,,,,,,,
Brazil,,,,,,,,,,,,,
Germany,,,,,,,,,,,,,
Switzerland,Italy,,,,,,,,,,,,
UK,,,,,,,,,,,,,
Jordan,,,,,,,,,,,,,
Malaysia,UK,,,,,,,,,,,,
USA,Spain,,,,,,,,,,,,
Spain,,,,,,,,,,,,,
France,,,,,,,,,,,,,
China,,,,,,,,,,,,,
China,,,,,,,,,,,,,
USA,,,,,,,,,,,,,
Australia,,,,,,,,,,,,,
Spain,Italy,,,,,,,,,,,,
Thailand,UK,,,,,,,,,,,,
Saudi Arabia,,,,,,,,,,,,,
Egypt,,,,,,,,,,,,,
China,,,,,,,,,,,,,
Spain,Canada,,,,,,,,,,,,
Australia,,,,,,,,,,,,,
Canada,,,,,,,,,,,,,
Serbia,,,,,,,,,,,,,
USA,,,,,,,,,,,,,
Canada,,,,,,,,,,,,,
Korea,,,,,,,,,,,,,
UK,,,,,,,,,,,,,
USA,,,,,,,,,,,,,
Australia,,,,,,,,,,,,,
Poland,,,,,,,,,,,,,
USA,,,,,,,,,,,,,
USA,Israel,,,,,,,,,,,,
Spain,,,,,,,,,,,,,
USA,,,,,,,,,,,,,
Canada,,,,,,,,,,,,,
Mexico,USA,,,,,,,,,,,,
Morocco,,,,,,,,,,,,,
Spain,,,,,,,,,,,,,
Canada,,,,,,,,,,,,,
France,,,,,,,,,,,,,
Malaysia,,,,,,,,,,,,,
Singapore,,,,,,,,,,,,,
China,,,,,,,,,,,,,
China,,,,,,,,,,,,,
China,,,,,,,,,,,,,
Korea,,,,,,,,,,,,,
UK,,,,,,,,,,,,,
Spain,,,,,,,,,,,,,
Japan,,,,,,,,,,,,,
Japan,,,,,,,,,,,,,
UK,,,,,,,,,,,,,
Portugal,,,,,,,,,,,,,
Turkey,Spain,,,,,,,,,,,,
China,,,,,,,,,,,,,
Germany,,,,,,,,,,,,,
Austria,,,,,,,,,,,,,
Korea,,,,,,,,,,,,,
UK,,,,,,,,,,,,,
Spain,,,,,,,,,,,,,
Germany,,,,,,,,,,,,,
South Africa,,,,,,,,,,,,,
USA,,,,,,,,,,,,,
Serbia,,,,,,,,,,,,,
Brazil,Germany,,,,,,,,,,,,
Spain,Chile,,,,,,,,,,,,
USA,,,,,,,,,,,,,
USA,,,,,,,,,,,,,
Australia,USA,UK,,,,,,,,,,,
Spain,,,,,,,,,,,,,
Canada,,,,,,,,,,,,,
Portugal,Spain,,,,,,,,,,,,
China,,,,,,,,,,,,,
Norway,Indonesia,Malaysia,,,,,,,,,,,
Turkey,,,,,,,,,,,,,
Belgium,Italy,,,,,,,,,,,,
Japan,,,,,,,,,,,,,
Italy,,,,,,,,,,,,,
USA,,,,,,,,,,,,,
Australia,Canada,,,,,,,,,,,,
Japan,,,,,,,,,,,,,
USA,,,,,,,,,,,,,
Turkey,,,,,,,,,,,,,
Taiwan,,,,,,,,,,,,,
Taiwan,,,,,,,,,,,,,
USA,,,,,,,,,,,,,
USA,,,,,,,,,,,,,
Greece,,,,,,,,,,,,,
Canada,,,,,,,,,,,,,
Brazil,,,,,,,,,,,,,
Greece,,,,,,,,,,,,,
Japan,,,,,,,,,,,,,
Germany,,,,,,,,,,,,,
China,,,,,,,,,,,,,
Malaysia,,,,,,,,,,,,,
Turkey,Germany,,,,,,,,,,,,
Serbia,,,,,,,,,,,,,
USA,,,,,,,,,,,,,
USA,,,,,,,,,,,,,
USA,,,,,,,,,,,,,
Australia,,,,,,,,,,,,,
Japan,,,,,,,,,,,,,
UK,,,,,,,,,,,,,
Australia,Norway,,,,,,,,,,,,
Germany,,,,,,,,,,,,,
Taiwan,,,,,,,,,,,,,
USA,,,,,,,,,,,,,
Spain,,,,,,,,,,,,,
France,Niger,,,,,,,,,,,,
USA,,,,,,,,,,,,,
Serbia,,,,,,,,,,,,,
USA,,,,,,,,,,,,,
Taiwan,,,,,,,,,,,,,
Belgium,Italy,,,,,,,,,,,,
Italy,,,,,,,,,,,,,
Germany,,,,,,,,,,,,,
France,,,,,,,,,,,,,
Japan,,,,,,,,,,,,,
Korea,,,,,,,,,,,,,
China,,,,,,,,,,,,,
USA,,,,,,,,,,,,,
Saudi Arabia,,,,,,,,,,,,,
Canada,,,,,,,,,,,,,
Austria,,,,,,,,,,,,,
USA,,,,,,,,,,,,,
USA,,,,,,,,,,,,,
Brazil,,,,,,,,,,,,,
France,,,,,,,,,,,,,
The Netherlands,,,,,,,,,,,,,
UK,,,,,,,,,,,,,
Australia,UK,,,,,,,,,,,,
Italy,,,,,,,,,,,,,
USA,,,,,,,,,,,,,
South Africa,,,,,,,,,,,,,
USA,,,,,,,,,,,,,
Japan,,,,,,,,,,,,,
USA,,,,,,,,,,,,,
USA,,,,,,,,,,,,,
Brazil,,,,,,,,,,,,,
India,USA,,,,,,,,,,,,
USA,Canada,,,,,,,,,,,,
Malaysia,,,,,,,,,,,,,
Saudi Arabia,,,,,,,,,,,,,
Romania,,,,,,,,,,,,,
USA,,,,,,,,,,,,,
USA,,,,,,,,,,,,,
Malaysia,,,,,,,,,,,,,
Finland,Sweden,,,,,,,,,,,,
Italy,,,,,,,,,,,,,
Spain,,,,,,,,,,,,,
USA,,,,,,,,,,,,,
Taiwan,,,,,,,,,,,,,
Spain,,,,,,,,,,,,,
Taiwan,,,,,,,,,,,,,
Italy,,,,,,,,,,,,,
USA,Greece,,,,,,,,,,,,
Italy,,,,,,,,,,,,,
Taiwan,,,,,,,,,,,,,
USA,,,,,,,,,,,,,
Kuwait,Egypt,,,,,,,,,,,,
Mexico,,,,,,,,,,,,,
Brazil,USA,,,,,,,,,,,,
Saudi Arabia,,,,,,,,,,,,,
China,,,,,,,,,,,,,
Denmark,,,,,,,,,,,,,
China,,,,,,,,,,,,,
Japan,China,,,,,,,,,,,,
Korea,,,,,,,,,,,,,
China,,,,,,,,,,,,,
China,,,,,,,,,,,,,
Canada,,,,,,,,,,,,,
Iceland,USA,,,,,,,,,,,,
USA,,,,,,,,,,,,,
USA,,,,,,,,,,,,,
USA,,,,,,,,,,,,,
USA,,,,,,,,,,,,,
Norway,,,,,,,,,,,,,
USA,,,,,,,,,,,,,
USA,,,,,,,,,,,,,
Mexico,USA,,,,,,,,,,,,
USA,,,,,,,,,,,,,
USA,,,,,,,,,,,,,
USA,,,,,,,,,,,,,
USA,,,,,,,,,,,,,
Spain,,,,,,,,,,,,,
Spain,,,,,,,,,,,,,
China,,,,,,,,,,,,,
Malaysia,,,,,,,,,,,,,
Italy,,,,,,,,,,,,,
Malaysia,,,,,,,,,,,,,
Argentina,Spain,Germany,,,,,,,,,,,
Japan,,,,,,,,,,,,,
Serbia,,,,,,,,,,,,,
Korea,,,,,,,,,,,,,
Poland,,,,,,,,,,,,,
Estonia,,,,,,,,,,,,,
Korea,,,,,,,,,,,,,
Norway,,,,,,,,,,,,,
USA,,,,,,,,,,,,,
UK,,,,,,,,,,,,,
Germany,China,,,,,,,,,,,,
Malaysia,,,,,,,,,,,,,
USA,,,,,,,,,,,,,
USA,,,,,,,,,,,,,
Poland,Germany,,,,,,,,,,,,
Korea,,,,,,,,,,,,,
USA,,,,,,,,,,,,,
Japan,Taiwan,,,,,,,,,,,,
USA,,,,,,,,,,,,,
USA,,,,,,,,,,,,,
Italy,,,,,,,,,,,,,
China,,,,,,,,,,,,,
South Africa,India,,,,,,,,,,,,
Canada,,,,,,,,,,,,,
Belgium,,,,,,,,,,,,,
USA,Belgium,,,,,,,,,,,,
Venezuela,,,,,,,,,,,,,
Canada,,,,,,,,,,,,,
Serbia,,,,,,,,,,,,,
Japan,,,,,,,,,,,,,
Taiwan,,,,,,,,,,,,,
Slovenia,Germany,,,,,,,,,,,,
USA,,,,,,,,,,,,,
India,Germany,,,,,,,,,,,,
Brazil,,,,,,,,,,,,,
UK,,,,,,,,,,,,,
USA,,,,,,,,,,,,,
USA,,,,,,,,,,,,,
USA,,,,,,,,,,,,,
USA,,,,,,,,,,,,,
USA,,,,,,,,,,,,,
South Africa,USA,,,,,,,,,,,,
Uruguay,,,,,,,,,,,,,
Mexico,,,,,,,,,,,,,
USA,,,,,,,,,,,,,
Italy,,,,,,,,,,,,,
USA,,,,,,,,,,,,,
USA,,,,,,,,,,,,,
USA,,,,,,,,,,,,,
Australia,,,,,,,,,,,,,
USA,China,,,,,,,,,,,,
UK,,,,,,,,,,,,,
Germany,,,,,,,,,,,,,
France,Tunisia,,,,,,,,,,,,
Turkey,,,,,,,,,,,,,
China,,,,,,,,,,,,,
Poland,,,,,,,,,,,,,
Finland,,,,,,,,,,,,,
Norway,,,,,,,,,,,,,
Australia,,,,,,,,,,,,,
Japan,,,,,,,,,,,,,
USA,,,,,,,,,,,,,
USA,,,,,,,,,,,,,
Greece,,,,,,,,,,,,,
France,,,,,,,,,,,,,
Germany,,,,,,,,,,,,,
USA,,,,,,,,,,,,,
USA,,,,,,,,,,,,,
Serbia,Greece,,,,,,,,,,,,
USA,China,,,,,,,,,,,,
Saudi Arabia,,,,,,,,,,,,,
Spain,Peru,,,,,,,,,,,,
USA,,,,,,,,,,,,,
Croatia,Slovenia,,,,,,,,,,,,
China,,,,,,,,,,,,,
France,,,,,,,,,,,,,
Japan,,,,,,,,,,,,,
Sweden,Finland,Germany,,,,,,,,,,,
Mexico,,,,,,,,,,,,,
Japan,,,,,,,,,,,,,
Austria,,,,,,,,,,,,,
India,,,,,,,,,,,,,
USA,,,,,,,,,,,,,
Brazil,,,,,,,,,,,,,
Japan,,,,,,,,,,,,,
Japan,,,,,,,,,,,,,
Australia,,,,,,,,,,,,,
China,,,,,,,,,,,,,
China,,,,,,,,,,,,,
The Netherlands,Singapore,UK,China,,,,,,,,,,
Austria,,,,,,,,,,,,,
USA,,,,,,,,,,,,,
Australia,,,,,,,,,,,,,
USA,,,,,,,,,,,,,
USA,China,,,,,,,,,,,,
China,,,,,,,,,,,,,
Portugal,,,,,,,,,,,,,
Mexico,,,,,,,,,,,,,
The Netherlands,,,,,,,,,,,,,
USA,,,,,,,,,,,,,
Italy,,,,,,,,,,,,,
UK,,,,,,,,,,,,,
UK,,,,,,,,,,,,,
Saudi Arabia,,,,,,,,,,,,,
Japan,USA,,,,,,,,,,,,
Italy,,,,,,,,,,,,,
The Netherlands,,,,,,,,,,,,,
Denmark,Germany,,,,,,,,,,,,
USA,Korea,,,,,,,,,,,,
China,,,,,,,,,,,,,
Japan,,,,,,,,,,,,,
France,,,,,,,,,,,,,
Czech Republic,,,,,,,,,,,,,
Korea,,,,,,,,,,,,,
The Netherlands,,,,,,,,,,,,,
Germany,,,,,,,,,,,,,
Malaysia,,,,,,,,,,,,,
Croatia,,,,,,,,,,,,,
Italy,,,,,,,,,,,,,
UK,,,,,,,,,,,,,
UK,,,,,,,,,,,,,
Italy,,,,,,,,,,,,,
India,,,,,,,,,,,,,
Norway,,,,,,,,,,,,,
USA,Germany,,,,,,,,,,,,
Spain,,,,,,,,,,,,,
Greece,,,,,,,,,,,,,
Belgium,,,,,,,,,,,,,
Norway,,,,,,,,,,,,,
Italy,,,,,,,,,,,,,
Australia,,,,,,,,,,,,,
Canada,,,,,,,,,,,,,
Taiwan,,,,,,,,,,,,,
Japan,,,,,,,,,,,,,
Poland,,,,,,,,,,,,,
Austria,,,,,,,,,,,,,
Germany,,,,,,,,,,,,,
USA,,,,,,,,,,,,,
Germany,,,,,,,,,,,,,
Japan,,,,,,,,,,,,,
China,,,,,,,,,,,,,
New Zealand,,,,,,,,,,,,,
USA,,,,,,,,,,,,,
Japan,,,,,,,,,,,,,
Slovenia,,,,,,,,,,,,,
Japan,,,,,,,,,,,,,
Spain,,,,,,,,,,,,,
The Netherlands,,,,,,,,,,,,,
USA,,,,,,,,,,,,,
USA,,,,,,,,,,,,,
Slovenia,,,,,,,,,,,,,
Bulgaria,,,,,,,,,,,,,
South Africa,Australia,,,,,,,,,,,,
Korea,,,,,,,,,,,,,
Italy,,,,,,,,,,,,,
Australia,,,,,,,,,,,,,
Japan,,,,,,,,,,,,,
Slovenia,Czech Republic,,,,,,,,,,,,
Sweden,,,,,,,,,,,,,
Spain,,,,,,,,,,,,,
Portugal,,,,,,,,,,,,,
USA,,,,,,,,,,,,,
Japan,,,,,,,,,,,,,
Belgium,,,,,,,,,,,,,
New Zealand,,,,,,,,,,,,,
France,,,,,,,,,,,,,
India,,,,,,,,,,,,,
USA,,,,,,,,,,,,,
France,Denmark,Germany,,,,,,,,,,,
Mexico,,,,,,,,,,,,,
USA,,,,,,,,,,,,,
USA,,,,,,,,,,,,,
South Africa,,,,,,,,,,,,,
USA,UK,,,,,,,,,,,,
USA,Korea,,,,,,,,,,,,
France,,,,,,,,,,,,,
Australia,,,,,,,,,,,,,
Germany,,,,,,,,,,,,,
Germany,,,,,,,,,,,,,
China,,,,,,,,,,,,,
Brazil,,,,,,,,,,,,,
Argentina,Spain,Germany,,,,,,,,,,,
Croatia,,,,,,,,,,,,,
France,,,,,,,,,,,,,
India,,,,,,,,,,,,,
France,,,,,,,,,,,,,
UK,,,,,,,,,,,,,
USA,,,,,,,,,,,,,
Canada,,,,,,,,,,,,,
UK,,,,,,,,,,,,,
Mexico,,,,,,,,,,,,,
Korea,,,,,,,,,,,,,
UK,,,,,,,,,,,,,
Korea,,,,,,,,,,,,,
Thailand,Austria,,,,,,,,,,,,
Germany,China,,,,,,,,,,,,
China,,,,,,,,,,,,,
Australia,New Zealand,,,,,,,,,,,,
Spain,,,,,,,,,,,,,
Russia,,,,,,,,,,,,,
Austria,,,,,,,,,,,,,
Portugal,India,,,,,,,,,,,,
France,Portugal,,,,,,,,,,,,
UK,,,,,,,,,,,,,
Australia,,,,,,,,,,,,,
Switzerland,,,,,,,,,,,,,
USA,,,,,,,,,,,,,
Norway,China,,,,,,,,,,,,
Germany,Korea,,,,,,,,,,,,
Serbia,Greece,,,,,,,,,,,,
Argentina,USA,,,,,,,,,,,,
USA,,,,,,,,,,,,,
Burkina Faso,,,,,,,,,,,,,
Saudi Arabia,,,,,,,,,,,,,
Spain,,,,,,,,,,,,,
USA,Taiwan,,,,,,,,,,,,
Italy,,,,,,,,,,,,,
USA,Israel,,,,,,,,,,,,
UK,,,,,,,,,,,,,
Germany,,,,,,,,,,,,,
UK,,,,,,,,,,,,,
France,,,,,,,,,,,,,
China,,,,,,,,,,,,,
China,,,,,,,,,,,,,
France,,,,,,,,,,,,,
Spain,,,,,,,,,,,,,
Poland,Canada,,,,,,,,,,,,
Korea,,,,,,,,,,,,,
Germany,Canada,,,,,,,,,,,,
Germany,,,,,,,,,,,,,
UK,,,,,,,,,,,,,
UK,,,,,,,,,,,,,
USA,,,,,,,,,,,,,
Sweden,Germany,,,,,,,,,,,,
Japan,,,,,,,,,,,,,
Switzerland,,,,,,,,,,,,,
USA,,,,,,,,,,,,,
Belarus,,,,,,,,,,,,,
USA,,,,,,,,,,,,,
Croatia,Slovenia,,,,,,,,,,,,
Italy,,,,,,,,,,,,,
Finland,,,,,,,,,,,,,
USA,,,,,,,,,,,,,
Canada,,,,,,,,,,,,,
Spain,,,,,,,,,,,,,
Spain,,,,,,,,,,,,,
UK,,,,,,,,,,,,,
Taiwan,,,,,,,,,,,,,
Russia,,,,,,,,,,,,,
Mexico,USA,,,,,,,,,,,,
United Arab Emirates,,,,,,,,,,,,,
Spain,Singapore,,,,,,,,,,,,
Spain,,,,,,,,,,,,,
Italy,,,,,,,,,,,,,
France,,,,,,,,,,,,,
USA,Canada,,,,,,,,,,,,
Spain,,,,,,,,,,,,,
Australia,UK,,,,,,,,,,,,
Norway,Thailand,China,,,,,,,,,,,
Italy,,,,,,,,,,,,,
USA,,,,,,,,,,,,,
Germany,,,,,,,,,,,,,
USA,,,,,,,,,,,,,
USA,,,,,,,,,,,,,
Italy,,,,,,,,,,,,,
USA,,,,,,,,,,,,,
USA,,,,,,,,,,,,,
UK,,,,,,,,,,,,,
USA,Turkey,,,,,,,,,,,,
Hungary,,,,,,,,,,,,,
Taiwan,,,,,,,,,,,,,
France,USA,,,,,,,,,,,,
France,Egypt,,,,,,,,,,,,
USA,,,,,,,,,,,,,
USA,Korea,,,,,,,,,,,,
Japan,,,,,,,,,,,,,
Canada,,,,,,,,,,,,,
Bulgaria,,,,,,,,,,,,,
Australia,Malaysia,Singapore,,,,,,,,,,,
USA,,,,,,,,,,,,,
UK,,,,,,,,,,,,,
China,,,,,,,,,,,,,
Turkey,,,,,,,,,,,,,
Portugal,,,,,,,,,,,,,
Israel,,,,,,,,,,,,,
Mexico,,,,,,,,,,,,,
Taiwan,,,,,,,,,,,,,
China,,,,,,,,,,,,,
Sweden,,,,,,,,,,,,,
China,,,,,,,,,,,,,
Hungary,,,,,,,,,,,,,
Lithuania,,,,,,,,,,,,,
Italy,,,,,,,,,,,,,
Russia,,,,,,,,,,,,,
Saudi Arabia,Egypt,,,,,,,,,,,,
USA,The Netherlands,Germany,,,,,,,,,,,
Malaysia,Singapore,,,,,,,,,,,,
Malaysia,Singapore,,,,,,,,,,,,
Malaysia,Singapore,,,,,,,,,,,,
USA,,,,,,,,,,,,,
USA,,,,,,,,,,,,,
India,,,,,,,,,,,,,
USA,,,,,,,,,,,,,
Germany,,,,,,,,,,,,,
Taiwan,,,,,,,,,,,,,
Brazil,,,,,,,,,,,,,
Italy,,,,,,,,,,,,,
China,,,,,,,,,,,,,
USA,,,,,,,,,,,,,
Italy,,,,,,,,,,,,,
Japan,USA,,,,,,,,,,,,
Spain,,,,,,,,,,,,,
Chile,Belgium,,,,,,,,,,,,
Switzerland,Italy,,,,,,,,,,,,
Turkey,,,,,,,,,,,,,
Iran,,,,,,,,,,,,,
Germany,,,,,,,,,,,,,
China,,,,,,,,,,,,,
UK,,,,,,,,,,,,,
Brazil,,,,,,,,,,,,,
India,,,,,,,,,,,,,
Turkey,,,,,,,,,,,,,
Japan,,,,,,,,,,,,,
Spain,,,,,,,,,,,,,
Germany,,,,,,,,,,,,,
Korea,,,,,,,,,,,,,
Austria,,,,,,,,,,,,,
Germany,,,,,,,,,,,,,
USA,,,,,,,,,,,,,
Japan,,,,,,,,,,,,,
The Netherlands,,,,,,,,,,,,,
Japan,,,,,,,,,,,,,
Germany,,,,,,,,,,,,,
Hungary,,,,,,,,,,,,,
Italy,,,,,,,,,,,,,
Korea,,,,,,,,,,,,,
Spain,,,,,,,,,,,,,
Mexico,,,,,,,,,,,,,
Ghana,Sweden,,,,,,,,,,,,
Czech Republic,Germany,,,,,,,,,,,,
India,,,,,,,,,,,,,
Japan,,,,,,,,,,,,,
Spain,,,,,,,,,,,,,
UK,,,,,,,,,,,,,
Malaysia,The Netherlands,,,,,,,,,,,,
China,,,,,,,,,,,,,
Switzerland,Italy,,,,,,,,,,,,
USA,,,,,,,,,,,,,
USA,Switzerland,,,,,,,,,,,,
Japan,,,,,,,,,,,,,
Taiwan,,,,,,,,,,,,,
France,USA,,,,,,,,,,,,
Belgium,,,,,,,,,,,,,
USA,,,,,,,,,,,,,
USA,,,,,,,,,,,,,
China,,,,,,,,,,,,,
USA,,,,,,,,,,,,,
USA,,,,,,,,,,,,,
Spain,,,,,,,,,,,,,
UK,,,,,,,,,,,,,
USA,,,,,,,,,,,,,
Poland,,,,,,,,,,,,,
Japan,,,,,,,,,,,,,
Korea,,,,,,,,,,,,,
Malaysia,,,,,,,,,,,,,
Malaysia,,,,,,,,,,,,,
France,,,,,,,,,,,,,
USA,,,,,,,,,,,,,
UK,Italy,,,,,,,,,,,,
Germany,,,,,,,,,,,,,
Austria,,,,,,,,,,,,,
France,,,,,,,,,,,,,
USA,,,,,,,,,,,,,
Italy,,,,,,,,,,,,,
Russia,,,,,,,,,,,,,
France,,,,,,,,,,,,,
Japan,,,,,,,,,,,,,
Turkey,,,,,,,,,,,,,
Iran,,,,,,,,,,,,,
Turkey,,,,,,,,,,,,,
India,,,,,,,,,,,,,
Azerbaijan,Turkey,,,,,,,,,,,,
Turkey,,,,,,,,,,,,,
Turkey,,,,,,,,,,,,,
Turkey,,,,,,,,,,,,,
USA,Turkey,,,,,,,,,,,,
Turkey,,,,,,,,,,,,,
Turkey,,,,,,,,,,,,,
Turkey,,,,,,,,,,,,,
Turkey,,,,,,,,,,,,,
Germany,,,,,,,,,,,,,
Russia,,,,,,,,,,,,,
Brazil,,,,,,,,,,,,,
Italy,,,,,,,,,,,,,
Germany,,,,,,,,,,,,,
Denmark,,,,,,,,,,,,,
USA,,,,,,,,,,,,,
Spain,,,,,,,,,,,,,
Germany,,,,,,,,,,,,,
Australia,,,,,,,,,,,,,
Canada,,,,,,,,,,,,,
USA,,,,,,,,,,,,,
USA,,,,,,,,,,,,,
UK,,,,,,,,,,,,,
Italy,,,,,,,,,,,,,
USA,,,,,,,,,,,,,
The Netherlands,,,,,,,,,,,,,
China,,,,,,,,,,,,,
Japan,,,,,,,,,,,,,
Serbia,,,,,,,,,,,,,
USA,,,,,,,,,,,,,
USA,Korea,,,,,,,,,,,,
Hungary,,,,,,,,,,,,,
China,,,,,,,,,,,,,
USA,,,,,,,,,,,,,
The Netherlands,Belgium,,,,,,,,,,,,
Italy,,,,,,,,,,,,,
China,,,,,,,,,,,,,
China,,,,,,,,,,,,,
Sweden,,,,,,,,,,,,,
Germany,,,,,,,,,,,,,
Finland,,,,,,,,,,,,,
USA,,,,,,,,,,,,,
Japan,,,,,,,,,,,,,
Italy,,,,,,,,,,,,,
Korea,,,,,,,,,,,,,
Malaysia,,,,,,,,,,,,,
France,Japan,Malaysia,,,,,,,,,,,
UK,Italy,,,,,,,,,,,,
New Zealand,,,,,,,,,,,,,
USA,China,,,,,,,,,,,,
Japan,Korea,,,,,,,,,,,,
Norway,,,,,,,,,,,,,
USA,Sweden,,,,,,,,,,,,
France,Switzerland,,,,,,,,,,,,
UK,,,,,,,,,,,,,
Saudi Arabia,,,,,,,,,,,,,
Japan,,,,,,,,,,,,,
Italy,,,,,,,,,,,,,
China,,,,,,,,,,,,,
Brazil,,,,,,,,,,,,,
Japan,,,,,,,,,,,,,
The Netherlands,Sweden,,,,,,,,,,,,
UK,,,,,,,,,,,,,
Sweden,,,,,,,,,,,,,
Brazil,,,,,,,,,,,,,
Japan,,,,,,,,,,,,,
Oman,United Arab Emirates,Iraq,,,,,,,,,,,
China,,,,,,,,,,,,,
USA,,,,,,,,,,,,,
Taiwan,,,,,,,,,,,,,
Canada,,,,,,,,,,,,,
Japan,,,,,,,,,,,,,
Italy,,,,,,,,,,,,,
Canada,China,,,,,,,,,,,,
USA,,,,,,,,,,,,,
The Netherlands,,,,,,,,,,,,,
Saudi Arabia,Egypt,,,,,,,,,,,,
USA,Belgium,,,,,,,,,,,,
Taiwan,,,,,,,,,,,,,
Spain,,,,,,,,,,,,,
USA,,,,,,,,,,,,,
France,Italy,,,,,,,,,,,,
France,Italy,,,,,,,,,,,,
France,,,,,,,,,,,,,
Morocco,Canada,,,,,,,,,,,,
Japan,,,,,,,,,,,,,
Macedonia,USA,,,,,,,,,,,,
Taiwan,,,,,,,,,,,,,
Spain,,,,,,,,,,,,,
Taiwan,,,,,,,,,,,,,
Serbia,,,,,,,,,,,,,
Italy,,,,,,,,,,,,,
USA,UK,Italy,,,,,,,,,,,
Italy,,,,,,,,,,,,,
Italy,,,,,,,,,,,,,
Germany,,,,,,,,,,,,,
Italy,,,,,,,,,,,,,
Malaysia,,,,,,,,,,,,,
USA,,,,,,,,,,,,,
Portugal,,,,,,,,,,,,,
USA,,,,,,,,,,,,,
Malaysia,,,,,,,,,,,,,
Japan,,,,,,,,,,,,,
Korea,,,,,,,,,,,,,
China,Korea,,,,,,,,,,,,
China,,,,,,,,,,,,,
USA,,,,,,,,,,,,,
Australia,,,,,,,,,,,,,
USA,,,,,,,,,,,,,
Korea,,,,,,,,,,,,,
Sweden,,,,,,,,,,,,,
UK,,,,,,,,,,,,,
Lebanon,,,,,,,,,,,,,
Sweden,,,,,,,,,,,,,
Brazil,,,,,,,,,,,,,
USA,Italy,,,,,,,,,,,,
Italy,,,,,,,,,,,,,
Italy,,,,,,,,,,,,,
China,,,,,,,,,,,,,
Turkey,,,,,,,,,,,,,
Korea,,,,,,,,,,,,,
Turkey,,,,,,,,,,,,,
Belgium,,,,,,,,,,,,,
Germany,,,,,,,,,,,,,
Japan,,,,,,,,,,,,,
China,,,,,,,,,,,,,
China,,,,,,,,,,,,,
China,,,,,,,,,,,,,
China,,,,,,,,,,,,,
China,,,,,,,,,,,,,
Belgium,,,,,,,,,,,,,
USA,Taiwan,,,,,,,,,,,,
China,,,,,,,,,,,,,
Finland,,,,,,,,,,,,,
Finland,,,,,,,,,,,,,
China,,,,,,,,,,,,,
China,,,,,,,,,,,,,
China,,,,,,,,,,,,,
Finland,,,,,,,,,,,,,
Italy,,,,,,,,,,,,,
China,Germany,,,,,,,,,,,,
Taiwan,,,,,,,,,,,,,
Sweden,,,,,,,,,,,,,
China,,,,,,,,,,,,,
Taiwan,,,,,,,,,,,,,
Japan,,,,,,,,,,,,,
Taiwan,,,,,,,,,,,,,
Japan,,,,,,,,,,,,,
Taiwan,,,,,,,,,,,,,
Japan,,,,,,,,,,,,,
Germany,,,,,,,,,,,,,
Germany,,,,,,,,,,,,,
Romania,,,,,,,,,,,,,
Korea,,,,,,,,,,,,,
UK,,,,,,,,,,,,,
Korea,,,,,,,,,,,,,
Switzerland,,,,,,,,,,,,,
Germany,,,,,,,,,,,,,
Japan,,,,,,,,,,,,,
Germany,,,,,,,,,,,,,
China,,,,,,,,,,,,,
USA,,,,,,,,,,,,,
France,Hungary,,,,,,,,,,,,
USA,,,,,,,,,,,,,
USA,,,,,,,,,,,,,
Germany,,,,,,,,,,,,,
Japan,USA,,,,,,,,,,,,
Spain,,,,,,,,,,,,,
Italy,,,,,,,,,,,,,
USA,,,,,,,,,,,,,
USA,,,,,,,,,,,,,
Taiwan,,,,,,,,,,,,,
Mexico,Spain,,,,,,,,,,,,
Taiwan,,,,,,,,,,,,,
USA,,,,,,,,,,,,,
USA,Israel,,,,,,,,,,,,
Poland,,,,,,,,,,,,,
China,,,,,,,,,,,,,
Spain,,,,,,,,,,,,,
Malaysia,,,,,,,,,,,,,
USA,,,,,,,,,,,,,
Ireland,,,,,,,,,,,,,
Italy,,,,,,,,,,,,,
Italy,Israel,,,,,,,,,,,,
Australia,,,,,,,,,,,,,
The Netherlands,,,,,,,,,,,,,
Japan,,,,,,,,,,,,,
Canada,,,,,,,,,,,,,
USA,,,,,,,,,,,,,
USA,Canada,,,,,,,,,,,,
USA,,,,,,,,,,,,,
USA,,,,,,,,,,,,,
Uruguay,,,,,,,,,,,,,
Germany,,,,,,,,,,,,,
Italy,,,,,,,,,,,,,
Taiwan,,,,,,,,,,,,,
Spain,,,,,,,,,,,,,
Taiwan,,,,,,,,,,,,,
China,,,,,,,,,,,,,
Germany,,,,,,,,,,,,,
Austria,,,,,,,,,,,,,
Italy,,,,,,,,,,,,,
China,,,,,,,,,,,,,
China,,,,,,,,,,,,,
Serbia,,,,,,,,,,,,,
Italy,,,,,,,,,,,,,
Brazil,,,,,,,,,,,,,
Israel,,,,,,,,,,,,,
Taiwan,,,,,,,,,,,,,
China,,,,,,,,,,,,,
Korea,,,,,,,,,,,,,
France,USA,,,,,,,,,,,,
Australia,USA,,,,,,,,,,,,
Jordan,,,,,,,,,,,,,
USA,,,,,,,,,,,,,
UK,,,,,,,,,,,,,
USA,,,,,,,,,,,,,
Macedonia,,,,,,,,,,,,,
Lebanon,USA,,,,,,,,,,,,
Sweden,,,,,,,,,,,,,
Germany,,,,,,,,,,,,,
USA,,,,,,,,,,,,,
USA,,,,,,,,,,,,,
The Netherlands,Germany,,,,,,,,,,,,
Japan,,,,,,,,,,,,,
China,,,,,,,,,,,,,
USA,,,,,,,,,,,,,
Australia,,,,,,,,,,,,,
Finland,,,,,,,,,,,,,
Germany,,,,,,,,,,,,,
Russia,,,,,,,,,,,,,
Canada,,,,,,,,,,,,,
Cuba,,,,,,,,,,,,,
India,USA,,,,,,,,,,,,
USA,,,,,,,,,,,,,
Taiwan,China,,,,,,,,,,,,
USA,,,,,,,,,,,,,
South Africa,,,,,,,,,,,,,
USA,,,,,,,,,,,,,
Serbia,,,,,,,,,,,,,
Denmark,,,,,,,,,,,,,
Germany,,,,,,,,,,,,,
Australia,,,,,,,,,,,,,
Poland,,,,,,,,,,,,,
Slovenia,,,,,,,,,,,,,
Brazil,,,,,,,,,,,,,
Sweden,,,,,,,,,,,,,
UK,,,,,,,,,,,,,
Japan,Indonesia,,,,,,,,,,,,
USA,,,,,,,,,,,,,
USA,,,,,,,,,,,,,
Austria,,,,,,,,,,,,,
Finland,,,,,,,,,,,,,
Saudi Arabia,Egypt,Germany,,,,,,,,,,,
Korea,,,,,,,,,,,,,
USA,,,,,,,,,,,,,
Italy,,,,,,,,,,,,,
The Netherlands,,,,,,,,,,,,,
India,,,,,,,,,,,,,
Greece,,,,,,,,,,,,,
Japan,,,,,,,,,,,,,
Japan,,,,,,,,,,,,,
France,Malaysia,,,,,,,,,,,,
Germany,,,,,,,,,,,,,
USA,,,,,,,,,,,,,
China,,,,,,,,,,,,,
USA,,,,,,,,,,,,,
Japan,,,,,,,,,,,,,
Japan,,,,,,,,,,,,,
Germany,,,,,,,,,,,,,
Japan,,,,,,,,,,,,,
France,,,,,,,,,,,,,
USA,Poland,,,,,,,,,,,,
Canada,,,,,,,,,,,,,
Czech Republic,,,,,,,,,,,,,
Australia,China,,,,,,,,,,,,
Poland,,,,,,,,,,,,,
Japan,,,,,,,,,,,,,
China,,,,,,,,,,,,,
Australia,,,,,,,,,,,,,
UK,,,,,,,,,,,,,
USA,,,,,,,,,,,,,
UK,,,,,,,,,,,,,
Greece,,,,,,,,,,,,,
UK,,,,,,,,,,,,,
South Africa,,,,,,,,,,,,,
UK,,,,,,,,,,,,,
Italy,,,,,,,,,,,,,
UK,,,,,,,,,,,,,
Saudi Arabia,,,,,,,,,,,,,
Saudi Arabia,,,,,,,,,,,,,
USA,,,,,,,,,,,,,
Japan,,,,,,,,,,,,,
Spain,,,,,,,,,,,,,
Spain,,,,,,,,,,,,,
USA,,,,,,,,,,,,,
Portugal,,,,,,,,,,,,,
France,,,,,,,,,,,,,
Portugal,,,,,,,,,,,,,
Germany,,,,,,,,,,,,,
UK,Germany,,,,,,,,,,,,
Germany,,,,,,,,,,,,,
Brazil,,,,,,,,,,,,,
Spain,,,,,,,,,,,,,
UK,,,,,,,,,,,,,
Spain,,,,,,,,,,,,,
USA,,,,,,,,,,,,,
China,,,,,,,,,,,,,
China,,,,,,,,,,,,,
Mexico,Brazil,,,,,,,,,,,,
USA,,,,,,,,,,,,,
Saudi Arabia,,,,,,,,,,,,,
China,,,,,,,,,,,,,
Colombia,Spain,,,,,,,,,,,,
USA,,,,,,,,,,,,,
Italy,,,,,,,,,,,,,
Canada,,,,,,,,,,,,,
USA,,,,,,,,,,,,,
Italy,,,,,,,,,,,,,
Germany,,,,,,,,,,,,,
UK,Sweden,,,,,,,,,,,,
Canada,,,,,,,,,,,,,
China,,,,,,,,,,,,,
USA,,,,,,,,,,,,,
China,,,,,,,,,,,,,
Japan,,,,,,,,,,,,,
Israel,,,,,,,,,,,,,
Greece,,,,,,,,,,,,,
The Netherlands,,,,,,,,,,,,,
Malaysia,,,,,,,,,,,,,
China,,,,,,,,,,,,,
The Netherlands,,,,,,,,,,,,,
USA,China,,,,,,,,,,,,
USA,,,,,,,,,,,,,
Canada,,,,,,,,,,,,,
Israel,,,,,,,,,,,,,
Germany,,,,,,,,,,,,,
Japan,,,,,,,,,,,,,
New Zealand,,,,,,,,,,,,,
France,,,,,,,,,,,,,
USA,,,,,,,,,,,,,
USA,Spain,,,,,,,,,,,,
Spain,,,,,,,,,,,,,
Japan,,,,,,,,,,,,,
Korea,,,,,,,,,,,,,
Jordan,,,,,,,,,,,,,
USA,Belgium,,,,,,,,,,,,
Germany,,,,,,,,,,,,,
Thailand,,,,,,,,,,,,,
Spain,,,,,,,,,,,,,
Canada,,,,,,,,,,,,,
Saudi Arabia,,,,,,,,,,,,,
USA,,,,,,,,,,,,,
Sweden,,,,,,,,,,,,,
UK,Germany,,,,,,,,,,,,
Italy,,,,,,,,,,,,,
UK,,,,,,,,,,,,,
USA,,,,,,,,,,,,,
USA,,,,,,,,,,,,,
Japan,,,,,,,,,,,,,
China,,,,,,,,,,,,,
Estonia,Sweden,,,,,,,,,,,,
Italy,,,,,,,,,,,,,
Armenia,Iran,,,,,,,,,,,,
USA,,,,,,,,,,,,,
UK,,,,,,,,,,,,,
Taiwan,,,,,,,,,,,,,
Malaysia,,,,,,,,,,,,,
India,USA,,,,,,,,,,,,
USA,,,,,,,,,,,,,
Sweden,,,,,,,,,,,,,
UK,,,,,,,,,,,,,
Canada,,,,,,,,,,,,,
USA,Greece,UK,,,,,,,,,,,
Canada,,,,,,,,,,,,,
USA,,,,,,,,,,,,,
Italy,,,,,,,,,,,,,
Croatia,,,,,,,,,,,,,
Romania,,,,,,,,,,,,,
Germany,,,,,,,,,,,,,
France,Russia,,,,,,,,,,,,
Canada,,,,,,,,,,,,,
USA,,,,,,,,,,,,,
China,,,,,,,,,,,,,
USA,,,,,,,,,,,,,
Kyrgyzstan,,,,,,,,,,,,,
Canada,,,,,,,,,,,,,
Ukraine,,,,,,,,,,,,,
Romania,,,,,,,,,,,,,
Italy,,,,,,,,,,,,,
Pakistan,,,,,,,,,,,,,
USA,,,,,,,,,,,,,
USA,,,,,,,,,,,,,
USA,,,,,,,,,,,,,
Canada,,,,,,,,,,,,,
Australia,UK,,,,,,,,,,,,
Japan,,,,,,,,,,,,,
Switzerland,,,,,,,,,,,,,
Austria,,,,,,,,,,,,,
Mexico,,,,,,,,,,,,,
Turkey,,,,,,,,,,,,,
USA,,,,,,,,,,,,,
Brazil,,,,,,,,,,,,,
UK,,,,,,,,,,,,,
USA,Canada,,,,,,,,,,,,
Spain,,,,,,,,,,,,,
Spain,UK,,,,,,,,,,,,
Australia,,,,,,,,,,,,,
Thailand,,,,,,,,,,,,,
Turkey,,,,,,,,,,,,,
China,,,,,,,,,,,,,
Denmark,UK,,,,,,,,,,,,
Japan,,,,,,,,,,,,,
China,,,,,,,,,,,,,
China,,,,,,,,,,,,,
Australia,,,,,,,,,,,,,
Japan,,,,,,,,,,,,,
Thailand,UK,,,,,,,,,,,,
Italy,,,,,,,,,,,,,
China,,,,,,,,,,,,,
USA,,,,,,,,,,,,,
France,,,,,,,,,,,,,
UK,,,,,,,,,,,,,
Germany,,,,,,,,,,,,,
Italy,,,,,,,,,,,,,
France,,,,,,,,,,,,,
USA,,,,,,,,,,,,,
Taiwan,,,,,,,,,,,,,
USA,,,,,,,,,,,,,
Italy,,,,,,,,,,,,,
Iran,,,,,,,,,,,,,
Saudi Arabia,,,,,,,,,,,,,
Japan,USA,,,,,,,,,,,,
Japan,China,,,,,,,,,,,,
France,Japan,,,,,,,,,,,,
USA,,,,,,,,,,,,,
Israel,,,,,,,,,,,,,
USA,,,,,,,,,,,,,
Germany,Canada,,,,,,,,,,,,
China,,,,,,,,,,,,,
Australia,,,,,,,,,,,,,
USA,,,,,,,,,,,,,
Italy,,,,,,,,,,,,,
Italy,,,,,,,,,,,,,
Italy,,,,,,,,,,,,,
India,,,,,,,,,,,,,
Taiwan,,,,,,,,,,,,,
Japan,Ecuador,Peru,,,,,,,,,,,
Spain,,,,,,,,,,,,,
UK,,,,,,,,,,,,,
Germany,,,,,,,,,,,,,
Portugal,Spain,,,,,,,,,,,,
India,UK,Canada,Australia,Italy,,,,,,,,,
Japan,,,,,,,,,,,,,
Italy,,,,,,,,,,,,,
Croatia,Italy,,,,,,,,,,,,
USA,,,,,,,,,,,,,
Australia,,,,,,,,,,,,,
Korea,Germany,,,,,,,,,,,,
Italy,,,,,,,,,,,,,
Denmark,,,,,,,,,,,,,
Belgium,,,,,,,,,,,,,
USA,,,,,,,,,,,,,
Colombia,,,,,,,,,,,,,
USA,,,,,,,,,,,,,
Iran,,,,,,,,,,,,,
Italy,,,,,,,,,,,,,
Taiwan,,,,,,,,,,,,,
Taiwan,,,,,,,,,,,,,
Germany,,,,,,,,,,,,,
Turkey,Germany,,,,,,,,,,,,
Mexico,,,,,,,,,,,,,
Japan,,,,,,,,,,,,,
Austria,Germany,,,,,,,,,,,,
Taiwan,,,,,,,,,,,,,
Japan,,,,,,,,,,,,,
UK,,,,,,,,,,,,,
Taiwan,,,,,,,,,,,,,
Czech Republic,,,,,,,,,,,,,
Italy,,,,,,,,,,,,,
USA,,,,,,,,,,,,,
Croatia,,,,,,,,,,,,,
Saudi Arabia,,,,,,,,,,,,,
Germany,,,,,,,,,,,,,
Spain,,,,,,,,,,,,,
Spain,,,,,,,,,,,,,
Japan,,,,,,,,,,,,,
Canada,,,,,,,,,,,,,
USA,,,,,,,,,,,,,
USA,,,,,,,,,,,,,
China,,,,,,,,,,,,,
USA,,,,,,,,,,,,,
USA,,,,,,,,,,,,,
Canada,,,,,,,,,,,,,
USA,,,,,,,,,,,,,
Canada,,,,,,,,,,,,,
China,,,,,,,,,,,,,
Thailand,USA,Taiwan,,,,,,,,,,,
China,,,,,,,,,,,,,
Portugal,,,,,,,,,,,,,
Portugal,,,,,,,,,,,,,
Germany,,,,,,,,,,,,,
Canada,,,,,,,,,,,,,
USA,,,,,,,,,,,,,
Belgium,,,,,,,,,,,,,
China,,,,,,,,,,,,,
USA,,,,,,,,,,,,,
USA,Spain,,,,,,,,,,,,
France,,,,,,,,,,,,,
Canada,,,,,,,,,,,,,
Finland,,,,,,,,,,,,,
China,,,,,,,,,,,,,
Belgium,,,,,,,,,,,,,
The Netherlands,,,,,,,,,,,,,
USA,,,,,,,,,,,,,
Germany,,,,,,,,,,,,,
USA,,,,,,,,,,,,,
China,,,,,,,,,,,,,
Australia,,,,,,,,,,,,,
Hungary,,,,,,,,,,,,,
India,USA,,,,,,,,,,,,
USA,,,,,,,,,,,,,
Switzerland,,,,,,,,,,,,,
Spain,,,,,,,,,,,,,
USA,Belgium,,,,,,,,,,,,
Spain,,,,,,,,,,,,,
USA,,,,,,,,,,,,,
Korea,,,,,,,,,,,,,
Korea,,,,,,,,,,,,,
Italy,,,,,,,,,,,,,
USA,,,,,,,,,,,,,
Austria,,,,,,,,,,,,,
Finland,,,,,,,,,,,,,
Italy,Korea,,,,,,,,,,,,
USA,,,,,,,,,,,,,
Poland,Germany,,,,,,,,,,,,
USA,,,,,,,,,,,,,
Serbia,,,,,,,,,,,,,
Saudi Arabia,Jordan,USA,,,,,,,,,,,
The Netherlands,,,,,,,,,,,,,
Mexico,,,,,,,,,,,,,
Germany,,,,,,,,,,,,,
USA,,,,,,,,,,,,,
USA,,,,,,,,,,,,,
Ireland,,,,,,,,,,,,,
Switzerland,,,,,,,,,,,,,
Australia,USA,UK,,,,,,,,,,,
USA,,,,,,,,,,,,,
Japan,,,,,,,,,,,,,
China,,,,,,,,,,,,,
USA,,,,,,,,,,,,,
USA,,,,,,,,,,,,,
Italy,,,,,,,,,,,,,
USA,,,,,,,,,,,,,
USA,,,,,,,,,,,,,
Brazil,,,,,,,,,,,,,
Japan,UK,Russia,Canada,,,,,,,,,,
Japan,,,,,,,,,,,,,
USA,,,,,,,,,,,,,
Macedonia,,,,,,,,,,,,,
USA,,,,,,,,,,,,,
The Netherlands,UK,,,,,,,,,,,,
Italy,,,,,,,,,,,,,
Germany,,,,,,,,,,,,,
Italy,,,,,,,,,,,,,
Portugal,,,,,,,,,,,,,
Australia,,,,,,,,,,,,,
USA,,,,,,,,,,,,,
USA,,,,,,,,,,,,,
Belgium,,,,,,,,,,,,,
Germany,,,,,,,,,,,,,
India,Nepal,Germany,,,,,,,,,,,
USA,,,,,,,,,,,,,
USA,,,,,,,,,,,,,
Japan,,,,,,,,,,,,,
UK,,,,,,,,,,,,,
USA,,,,,,,,,,,,,
USA,,,,,,,,,,,,,
China,,,,,,,,,,,,,
Spain,,,,,,,,,,,,,
USA,Germany,,,,,,,,,,,,
Denmark,,,,,,,,,,,,,
USA,,,,,,,,,,,,,
Germany,,,,,,,,,,,,,
USA,,,,,,,,,,,,,
Italy,,,,,,,,,,,,,
Canada,,,,,,,,,,,,,
Italy,,,,,,,,,,,,,
USA,,,,,,,,,,,,,
USA,,,,,,,,,,,,,
Germany,,,,,,,,,,,,,
USA,,,,,,,,,,,,,
USA,Tunisia,,,,,,,,,,,,
France,Algeria,,,,,,,,,,,,
France,,,,,,,,,,,,,
France,,,,,,,,,,,,,
Saudi Arabia,,,,,,,,,,,,,
Slovenia,Czech Republic,Slovakia,,,,,,,,,,,
Ukraine,USA,,,,,,,,,,,,
Thailand,,,,,,,,,,,,,
Malaysia,,,,,,,,,,,,,
China,Germany,,,,,,,,,,,,
USA,,,,,,,,,,,,,
Canada,,,,,,,,,,,,,
Jordan,USA,,,,,,,,,,,,
USA,,,,,,,,,,,,,
Canada,,,,,,,,,,,,,
Switzerland,,,,,,,,,,,,,
Germany,Italy,,,,,,,,,,,,
USA,,,,,,,,,,,,,
Australia,,,,,,,,,,,,,
Portugal,UK,,,,,,,,,,,,
Japan,Singapore,,,,,,,,,,,,
Denmark,,,,,,,,,,,,,
Canada,,,,,,,,,,,,,
USA,,,,,,,,,,,,,
Australia,Canada,,,,,,,,,,,,
Spain,,,,,,,,,,,,,
Austria,,,,,,,,,,,,,
Japan,,,,,,,,,,,,,
Greece,,,,,,,,,,,,,
Greece,,,,,,,,,,,,,
Finland,New Zealand,,,,,,,,,,,,
USA,,,,,,,,,,,,,
Italy,,,,,,,,,,,,,
Germany,,,,,,,,,,,,,
Jordan,,,,,,,,,,,,,
USA,,,,,,,,,,,,,
Italy,,,,,,,,,,,,,
Japan,Brazil,USA,,,,,,,,,,,
Japan,,,,,,,,,,,,,
Australia,,,,,,,,,,,,,
Australia,,,,,,,,,,,,,
New Zealand,,,,,,,,,,,,,
USA,,,,,,,,,,,,,
USA,,,,,,,,,,,,,
Russia,Canada,,,,,,,,,,,,
Thailand,,,,,,,,,,,,,
USA,,,,,,,,,,,,,
USA,,,,,,,,,,,,,
Canada,,,,,,,,,,,,,
USA,,,,,,,,,,,,,
Taiwan,,,,,,,,,,,,,
Denmark,,,,,,,,,,,,,
USA,Canada,,,,,,,,,,,,
USA,,,,,,,,,,,,,
China,,,,,,,,,,,,,
USA,,,,,,,,,,,,,
Canada,,,,,,,,,,,,,
Switzerland,,,,,,,,,,,,,
USA,UK,,,,,,,,,,,,
Japan,,,,,,,,,,,,,
Spain,,,,,,,,,,,,,
Japan,,,,,,,,,,,,,
Austria,,,,,,,,,,,,,
Australia,,,,,,,,,,,,,
Italy,Canada,,,,,,,,,,,,
Korea,China,,,,,,,,,,,,
USA,,,,,,,,,,,,,
Spain,,,,,,,,,,,,,
Korea,China,,,,,,,,,,,,
UK,,,,,,,,,,,,,
Spain,,,,,,,,,,,,,
United Arab Emirates,New Zealand,,,,,,,,,,,,
Taiwan,,,,,,,,,,,,,
USA,,,,,,,,,,,,,
USA,China,,,,,,,,,,,,
Japan,,,,,,,,,,,,,
USA,,,,,,,,,,,,,
Australia,,,,,,,,,,,,,
Poland,,,,,,,,,,,,,
Australia,,,,,,,,,,,,,
Australia,,,,,,,,,,,,,
Australia,,,,,,,,,,,,,
Argentina,Spain,,,,,,,,,,,,
Italy,,,,,,,,,,,,,
Japan,,,,,,,,,,,,,
Italy,,,,,,,,,,,,,
USA,,,,,,,,,,,,,
Poland,,,,,,,,,,,,,
China,,,,,,,,,,,,,
Hungary,,,,,,,,,,,,,
Japan,,,,,,,,,,,,,
USA,,,,,,,,,,,,,
Italy,,,,,,,,,,,,,
China,,,,,,,,,,,,,
Austria,,,,,,,,,,,,,
Japan,,,,,,,,,,,,,
USA,,,,,,,,,,,,,
USA,,,,,,,,,,,,,
France,Turkey,,,,,,,,,,,,
Germany,,,,,,,,,,,,,
Japan,,,,,,,,,,,,,
Italy,,,,,,,,,,,,,
France,Morocco,,,,,,,,,,,,
Italy,,,,,,,,,,,,,
The Netherlands,,,,,,,,,,,,,
Switzerland,UK,,,,,,,,,,,,
Australia,USA,,,,,,,,,,,,
Hungary,,,,,,,,,,,,,
China,,,,,,,,,,,,,
Czech Republic,,,,,,,,,,,,,
Taiwan,,,,,,,,,,,,,
China,,,,,,,,,,,,,
Spain,,,,,,,,,,,,,
Belgium,,,,,,,,,,,,,
Austria,,,,,,,,,,,,,
Canada,,,,,,,,,,,,,
Denmark,,,,,,,,,,,,,
Italy,,,,,,,,,,,,,
Australia,,,,,,,,,,,,,
China,,,,,,,,,,,,,
USA,,,,,,,,,,,,,
Canada,,,,,,,,,,,,,
Austria,,,,,,,,,,,,,
USA,Canada,,,,,,,,,,,,
France,Spain,,,,,,,,,,,,
Ghana,,,,,,,,,,,,,
Japan,,,,,,,,,,,,,
Portugal,,,,,,,,,,,,,
Malaysia,USA,,,,,,,,,,,,
Canada,,,,,,,,,,,,,
India,USA,,,,,,,,,,,,
Portugal,,,,,,,,,,,,,
UK,,,,,,,,,,,,,
Brazil,,,,,,,,,,,,,
China,,,,,,,,,,,,,
Estonia,,,,,,,,,,,,,
USA,,,,,,,,,,,,,
Australia,,,,,,,,,,,,,
USA,,,,,,,,,,,,,
USA,Switzerland,Germany,,,,,,,,,,,
Australia,,,,,,,,,,,,,
China,,,,,,,,,,,,,
USA,,,,,,,,,,,,,
USA,,,,,,,,,,,,,
China,,,,,,,,,,,,,
Taiwan,,,,,,,,,,,,,
USA,China,,,,,,,,,,,,
Italy,,,,,,,,,,,,,
Brazil,,,,,,,,,,,,,
USA,,,,,,,,,,,,,
Italy,,,,,,,,,,,,,
Spain,,,,,,,,,,,,,
China,,,,,,,,,,,,,
Switzerland,,,,,,,,,,,,,
Saudi Arabia,Germany,,,,,,,,,,,,
Australia,,,,,,,,,,,,,
Norway,UK,,,,,,,,,,,,
Switzerland,,,,,,,,,,,,,
USA,China,,,,,,,,,,,,
China,,,,,,,,,,,,,
Malaysia,,,,,,,,,,,,,
Italy,,,,,,,,,,,,,
Taiwan,,,,,,,,,,,,,
Brazil,,,,,,,,,,,,,
Italy,,,,,,,,,,,,,
USA,Italy,,,,,,,,,,,,
USA,,,,,,,,,,,,,
Germany,,,,,,,,,,,,,
Denmark,,,,,,,,,,,,,
USA,,,,,,,,,,,,,
Brazil,USA,,,,,,,,,,,,
Austria,,,,,,,,,,,,,
Czech Republic,,,,,,,,,,,,,
France,,,,,,,,,,,,,
UK,,,,,,,,,,,,,
Germany,,,,,,,,,,,,,
Australia,,,,,,,,,,,,,
Switzerland,,,,,,,,,,,,,
Canada,,,,,,,,,,,,,
Spain,UK,,,,,,,,,,,,
Finland,,,,,,,,,,,,,
USA,,,,,,,,,,,,,
France,,,,,,,,,,,,,
China,,,,,,,,,,,,,
Australia,USA,,,,,,,,,,,,
Australia,,,,,,,,,,,,,
Turkey,,,,,,,,,,,,,
Thailand,,,,,,,,,,,,,
Finland,,,,,,,,,,,,,
Norway,,,,,,,,,,,,,
USA,,,,,,,,,,,,,
Italy,,,,,,,,,,,,,
China,,,,,,,,,,,,,
China,,,,,,,,,,,,,
China,,,,,,,,,,,,,
UK,,,,,,,,,,,,,
Germany,,,,,,,,,,,,,
USA,,,,,,,,,,,,,
UK,,,,,,,,,,,,,
Israel,,,,,,,,,,,,,
The Netherlands,,,,,,,,,,,,,
Japan,,,,,,,,,,,,,
USA,,,,,,,,,,,,,
China,,,,,,,,,,,,,
Spain,,,,,,,,,,,,,
Venezuela,,,,,,,,,,,,,
Canada,China,,,,,,,,,,,,
Portugal,,,,,,,,,,,,,
UK,,,,,,,,,,,,,
Italy,China,,,,,,,,,,,,
Saudi Arabia,,,,,,,,,,,,,
Spain,,,,,,,,,,,,,
Spain,,,,,,,,,,,,,
India,,,,,,,,,,,,,
France,,,,,,,,,,,,,
France,USA,China,,,,,,,,,,,
USA,,,,,,,,,,,,,
India,,,,,,,,,,,,,
Japan,,,,,,,,,,,,,
USA,,,,,,,,,,,,,
USA,,,,,,,,,,,,,
Hungary,,,,,,,,,,,,,
Argentina,Spain,,,,,,,,,,,,
Sweden,,,,,,,,,,,,,
Greece,,,,,,,,,,,,,
Korea,China,,,,,,,,,,,,
USA,,,,,,,,,,,,,
USA,,,,,,,,,,,,,
France,,,,,,,,,,,,,
Finland,China,,,,,,,,,,,,
Argentina,,,,,,,,,,,,,
USA,,,,,,,,,,,,,
Japan,,,,,,,,,,,,,
The Netherlands,,,,,,,,,,,,,
China,,,,,,,,,,,,,
USA,,,,,,,,,,,,,
Serbia,,,,,,,,,,,,,
USA,,,,,,,,,,,,,
USA,Spain,,,,,,,,,,,,
Italy,,,,,,,,,,,,,
Taiwan,,,,,,,,,,,,,
Thailand,,,,,,,,,,,,,
Czech Republic,,,,,,,,,,,,,
USA,,,,,,,,,,,,,
Spain,,,,,,,,,,,,,
Poland,,,,,,,,,,,,,
Japan,,,,,,,,,,,,,
Austria,,,,,,,,,,,,,
India,,,,,,,,,,,,,
Japan,,,,,,,,,,,,,
Iran,,,,,,,,,,,,,
Saudi Arabia,,,,,,,,,,,,,
Italy,,,,,,,,,,,,,
Germany,,,,,,,,,,,,,
USA,,,,,,,,,,,,,
Turkey,,,,,,,,,,,,,
Australia,,,,,,,,,,,,,
Ecuador,,,,,,,,,,,,,
Germany,,,,,,,,,,,,,
Spain,,,,,,,,,,,,,
Luxembourg,,,,,,,,,,,,,
Japan,The Netherlands,,,,,,,,,,,,
USA,,,,,,,,,,,,,
Germany,,,,,,,,,,,,,
Finland,,,,,,,,,,,,,
Belgium,,,,,,,,,,,,,
Zambia,USA,Greece,Malawi,,,,,,,,,,
Portugal,,,,,,,,,,,,,
Korea,,,,,,,,,,,,,
Taiwan,,,,,,,,,,,,,
UK,,,,,,,,,,,,,
Korea,,,,,,,,,,,,,
China,,,,,,,,,,,,,
USA,Canada,,,,,,,,,,,,
Turkey,,,,,,,,,,,,,
USA,,,,,,,,,,,,,
Finland,Spain,,,,,,,,,,,,
Thailand,USA,,,,,,,,,,,,
South Africa,,,,,,,,,,,,,
Italy,,,,,,,,,,,,,
Denmark,Estonia,,,,,,,,,,,,
Italy,,,,,,,,,,,,,
USA,,,,,,,,,,,,,
Malaysia,,,,,,,,,,,,,
France,Indonesia,,,,,,,,,,,,
China,,,,,,,,,,,,,
Finland,,,,,,,,,,,,,
Kuwait,,,,,,,,,,,,,
France,Morocco,,,,,,,,,,,,
Ukraine,,,,,,,,,,,,,
Spain,,,,,,,,,,,,,
Norway,,,,,,,,,,,,,
Italy,,,,,,,,,,,,,
Germany,,,,,,,,,,,,,
USA,,,,,,,,,,,,,
Portugal,,,,,,,,,,,,,
USA,,,,,,,,,,,,,
Serbia,,,,,,,,,,,,,
USA,,,,,,,,,,,,,
China,,,,,,,,,,,,,
Portugal,,,,,,,,,,,,,
Finland,,,,,,,,,,,,,
USA,,,,,,,,,,,,,
USA,,,,,,,,,,,,,
Japan,,,,,,,,,,,,,
Sweden,,,,,,,,,,,,,
Azerbaijan,Mexico,USA,Poland,,,,,,,,,,
Taiwan,,,,,,,,,,,,,
Japan,,,,,,,,,,,,,
USA,,,,,,,,,,,,,
USA,,,,,,,,,,,,,
Czech Republic,,,,,,,,,,,,,
India,,,,,,,,,,,,,
France,,,,,,,,,,,,,
Canada,,,,,,,,,,,,,
Korea,,,,,,,,,,,,,
Italy,,,,,,,,,,,,,
Korea,,,,,,,,,,,,,
Italy,,,,,,,,,,,,,
USA,,,,,,,,,,,,,
USA,,,,,,,,,,,,,
Portugal,,,,,,,,,,,,,
France,,,,,,,,,,,,,
UK,,,,,,,,,,,,,
The Netherlands,,,,,,,,,,,,,
Tunisia,,,,,,,,,,,,,
Australia,,,,,,,,,,,,,
USA,,,,,,,,,,,,,
Italy,,,,,,,,,,,,,
India,,,,,,,,,,,,,
USA,,,,,,,,,,,,,
France,Japan,Canada,,,,,,,,,,,
Japan,,,,,,,,,,,,,
Ireland,,,,,,,,,,,,,
China,,,,,,,,,,,,,
China,,,,,,,,,,,,,
Mexico,,,,,,,,,,,,,
Turkey,UK,Switzerland,,,,,,,,,,,
Japan,,,,,,,,,,,,,
The Netherlands,,,,,,,,,,,,,
Hungary,,,,,,,,,,,,,
USA,,,,,,,,,,,,,
The Netherlands,,,,,,,,,,,,,
USA,,,,,,,,,,,,,
Czech Republic,,,,,,,,,,,,,
USA,,,,,,,,,,,,,
Italy,Korea,,,,,,,,,,,,
Italy,,,,,,,,,,,,,
China,,,,,,,,,,,,,
France,,,,,,,,,,,,,
USA,Poland,,,,,,,,,,,,
Australia,,,,,,,,,,,,,
Austria,,,,,,,,,,,,,
Ghana,Germany,,,,,,,,,,,,
USA,,,,,,,,,,,,,
USA,Italy,,,,,,,,,,,,
Switzerland,,,,,,,,,,,,,
USA,,,,,,,,,,,,,
USA,China,,,,,,,,,,,,
Japan,,,,,,,,,,,,,
China,,,,,,,,,,,,,
USA,,,,,,,,,,,,,
Poland,,,,,,,,,,,,,
Spain,,,,,,,,,,,,,
Germany,,,,,,,,,,,,,
China,,,,,,,,,,,,,
China,,,,,,,,,,,,,
Switzerland,,,,,,,,,,,,,
Japan,,,,,,,,,,,,,
Bangladesh,,,,,,,,,,,,,
Slovakia,Poland,Czech Republic,,,,,,,,,,,
India,USA,,,,,,,,,,,,
USA,,,,,,,,,,,,,
Switzerland,,,,,,,,,,,,,
Korea,,,,,,,,,,,,,
France,,,,,,,,,,,,,
Taiwan,,,,,,,,,,,,,
Spain,,,,,,,,,,,,,
Germany,,,,,,,,,,,,,
Portugal,Spain,Italy,,,,,,,,,,,
UK,,,,,,,,,,,,,
USA,,,,,,,,,,,,,
USA,,,,,,,,,,,,,
USA,,,,,,,,,,,,,
UK,China,,,,,,,,,,,,
China,Germany,Nigeria,,,,,,,,,,,
Russia,,,,,,,,,,,,,
USA,,,,,,,,,,,,,
Korea,,,,,,,,,,,,,
Japan,Denmark,,,,,,,,,,,,
Canada,,,,,,,,,,,,,
USA,,,,,,,,,,,,,
Spain,,,,,,,,,,,,,
USA,,,,,,,,,,,,,
France,,,,,,,,,,,,,
Canada,,,,,,,,,,,,,
Korea,,,,,,,,,,,,,
France,,,,,,,,,,,,,
UK,,,,,,,,,,,,,
Italy,,,,,,,,,,,,,
USA,,,,,,,,,,,,,
Canada,,,,,,,,,,,,,
China,,,,,,,,,,,,,
USA,,,,,,,,,,,,,
China,,,,,,,,,,,,,
USA,,,,,,,,,,,,,
USA,Greece,,,,,,,,,,,,
China,,,,,,,,,,,,,
USA,,,,,,,,,,,,,
USA,,,,,,,,,,,,,
Japan,,,,,,,,,,,,,
France,Spain,,,,,,,,,,,,
Italy,,,,,,,,,,,,,
USA,,,,,,,,,,,,,
France,,,,,,,,,,,,,
The Netherlands,Switzerland,Italy,,,,,,,,,,,
Japan,,,,,,,,,,,,,
Spain,Romania,,,,,,,,,,,,
Portugal,,,,,,,,,,,,,
Japan,,,,,,,,,,,,,
Serbia,Austria,,,,,,,,,,,,
France,Italy,,,,,,,,,,,,
UK,,,,,,,,,,,,,
Japan,,,,,,,,,,,,,
Korea,,,,,,,,,,,,,
Korea,,,,,,,,,,,,,
Taiwan,,,,,,,,,,,,,
Japan,,,,,,,,,,,,,
USA,,,,,,,,,,,,,
France,Brazil,,,,,,,,,,,,
Thailand,,,,,,,,,,,,,
Italy,,,,,,,,,,,,,
India,,,,,,,,,,,,,
The Netherlands,,,,,,,,,,,,,
USA,,,,,,,,,,,,,
USA,,,,,,,,,,,,,
New Zealand,,,,,,,,,,,,,
USA,,,,,,,,,,,,,
France,Tunisia,,,,,,,,,,,,
Japan,,,,,,,,,,,,,
Taiwan,,,,,,,,,,,,,
UK,,,,,,,,,,,,,
Norway,,,,,,,,,,,,,
Sweden,,,,,,,,,,,,,
Spain,,,,,,,,,,,,,
USA,,,,,,,,,,,,,
USA,China,,,,,,,,,,,,
USA,,,,,,,,,,,,,
UK,,,,,,,,,,,,,
Australia,USA,,,,,,,,,,,,
UK,Switzerland,Canada,,,,,,,,,,,
USA,Slovenia,,,,,,,,,,,,
Korea,,,,,,,,,,,,,
Australia,,,,,,,,,,,,,
USA,Lebanon,,,,,,,,,,,,
China,,,,,,,,,,,,,
Japan,China,,,,,,,,,,,,
China,,,,,,,,,,,,,
USA,,,,,,,,,,,,,
