0,1,2,3,4,5,6,7,8,9,10,11
USA,,,,,,,,,,,
USA,,,,,,,,,,,
Australia,,,,,,,,,,,
USA,,,,,,,,,,,
Japan,,,,,,,,,,,
Taiwan,,,,,,,,,,,
Taiwan,Russia,,,,,,,,,,
Japan,,,,,,,,,,,
Korea,,,,,,,,,,,
China,,,,,,,,,,,
China,,,,,,,,,,,
USA,,,,,,,,,,,
Japan,,,,,,,,,,,
China,,,,,,,,,,,
China,,,,,,,,,,,
New Zealand,Canada,,,,,,,,,,
China,,,,,,,,,,,
China,,,,,,,,,,,
Sweden,,,,,,,,,,,
USA,,,,,,,,,,,
USA,,,,,,,,,,,
USA,,,,,,,,,,,
Australia,USA,UK,,,,,,,,,
Greece,,,,,,,,,,,
USA,Germany,,,,,,,,,,
Brazil,,,,,,,,,,,
Japan,China,,,,,,,,,,
USA,,,,,,,,,,,
Japan,,,,,,,,,,,
Slovenia,,,,,,,,,,,
Poland,,,,,,,,,,,
Brazil,,,,,,,,,,,
Malaysia,,,,,,,,,,,
Iran,,,,,,,,,,,
The Netherlands,,,,,,,,,,,
Switzerland,Germany,,,,,,,,,,
Sweden,,,,,,,,,,,
USA,,,,,,,,,,,
Mexico,USA,,,,,,,,,,
Malaysia,,,,,,,,,,,
Spain,,,,,,,,,,,
China,,,,,,,,,,,
China,,,,,,,,,,,
Australia,,,,,,,,,,,
Portugal,,,,,,,,,,,
Philippines,,,,,,,,,,,
Italy,,,,,,,,,,,
Japan,,,,,,,,,,,
USA,,,,,,,,,,,
Spain,,,,,,,,,,,
USA,Germany,,,,,,,,,,
Slovakia,,,,,,,,,,,
Korea,,,,,,,,,,,
France,,,,,,,,,,,
Malaysia,,,,,,,,,,,
China,,,,,,,,,,,
Serbia,,,,,,,,,,,
France,Japan,Malaysia,,,,,,,,,
Malaysia,,,,,,,,,,,
Korea,,,,,,,,,,,
Saudi Arabia,Jordan,Germany,,,,,,,,,
USA,,,,,,,,,,,
Belgium,,,,,,,,,,,
USA,,,,,,,,,,,
Italy,,,,,,,,,,,
USA,China,,,,,,,,,,
Spain,,,,,,,,,,,
Japan,,,,,,,,,,,
China,Korea,,,,,,,,,,
USA,,,,,,,,,,,
Japan,,,,,,,,,,,
France,,,,,,,,,,,
Spain,,,,,,,,,,,
France,Belgium,Germany,Canada,,,,,,,,
China,,,,,,,,,,,
China,,,,,,,,,,,
France,Germany,,,,,,,,,,
Canada,,,,,,,,,,,
Germany,Morocco,,,,,,,,,,
Japan,,,,,,,,,,,
Malaysia,,,,,,,,,,,
Mexico,,,,,,,,,,,
Germany,,,,,,,,,,,
USA,,,,,,,,,,,
Malaysia,,,,,,,,,,,
USA,,,,,,,,,,,
Mexico,Spain,,,,,,,,,,
Taiwan,,,,,,,,,,,
France,USA,,,,,,,,,,
USA,China,,,,,,,,,,
Brazil,,,,,,,,,,,
China,,,,,,,,,,,
Spain,,,,,,,,,,,
USA,,,,,,,,,,,
Canada,,,,,,,,,,,
Oman,,,,,,,,,,,
Switzerland,,,,,,,,,,,
Egypt,,,,,,,,,,,
Ukraine,,,,,,,,,,,
Russia,,,,,,,,,,,
USA,,,,,,,,,,,
USA,,,,,,,,,,,
Japan,Ukraine,,,,,,,,,,
Canada,Sweden,,,,,,,,,,
New Zealand,,,,,,,,,,,
USA,China,,,,,,,,,,
USA,,,,,,,,,,,
Japan,,,,,,,,,,,
China,,,,,,,,,,,
Kuwait,,,,,,,,,,,
Japan,,,,,,,,,,,
UK,,,,,,,,,,,
Mexico,,,,,,,,,,,
Brazil,,,,,,,,,,,
Brazil,,,,,,,,,,,
Italy,,,,,,,,,,,
Korea,,,,,,,,,,,
South Africa,Switzerland,,,,,,,,,,
Pakistan,Korea,,,,,,,,,,
Serbia,Czech Republic,,,,,,,,,,
Canada,,,,,,,,,,,
Egypt,USA,Qatar,,,,,,,,,
Italy,,,,,,,,,,,
France,Sweden,Germany,,,,,,,,,
Canada,,,,,,,,,,,
Japan,,,,,,,,,,,
Poland,,,,,,,,,,,
Bulgaria,UK,Slovakia,,,,,,,,,
Czech Republic,Slovakia,,,,,,,,,,
China,,,,,,,,,,,
China,,,,,,,,,,,
China,,,,,,,,,,,
Colombia,,,,,,,,,,,
South Africa,,,,,,,,,,,
Greece,,,,,,,,,,,
Korea,,,,,,,,,,,
UK,,,,,,,,,,,
Taiwan,,,,,,,,,,,
Taiwan,,,,,,,,,,,
Japan,,,,,,,,,,,
Mexico,,,,,,,,,,,
Brazil,,,,,,,,,,,
Lebanon,,,,,,,,,,,
USA,,,,,,,,,,,
Australia,,,,,,,,,,,
France,,,,,,,,,,,
Italy,,,,,,,,,,,
USA,Germany,,,,,,,,,,
Italy,,,,,,,,,,,
France,Morocco,,,,,,,,,,
France,,,,,,,,,,,
USA,,,,,,,,,,,
USA,,,,,,,,,,,
USA,,,,,,,,,,,
Switzerland,,,,,,,,,,,
USA,,,,,,,,,,,
Switzerland,,,,,,,,,,,
Italy,,,,,,,,,,,
Malta,Austria,,,,,,,,,,
Australia,,,,,,,,,,,
China,,,,,,,,,,,
USA,,,,,,,,,,,
Spain,Germany,,,,,,,,,,
Argentina,Spain,,,,,,,,,,
Germany,,,,,,,,,,,
Taiwan,,,,,,,,,,,
Italy,,,,,,,,,,,
Uganda,,,,,,,,,,,
Canada,,,,,,,,,,,
Portugal,Spain,,,,,,,,,,
Spain,Italy,,,,,,,,,,
USA,,,,,,,,,,,
China,,,,,,,,,,,
Poland,,,,,,,,,,,
Spain,,,,,,,,,,,
China,,,,,,,,,,,
Spain,,,,,,,,,,,
Korea,,,,,,,,,,,
Korea,,,,,,,,,,,
Taiwan,China,,,,,,,,,,
Romania,,,,,,,,,,,
Malaysia,,,,,,,,,,,
Germany,,,,,,,,,,,
South Africa,Cameroon,,,,,,,,,,
Egypt,,,,,,,,,,,
USA,,,,,,,,,,,
Saudi Arabia,Italy,,,,,,,,,,
Romania,,,,,,,,,,,
Japan,USA,,,,,,,,,,
Spain,Italy,,,,,,,,,,
USA,China,,,,,,,,,,
Japan,,,,,,,,,,,
China,,,,,,,,,,,
Brazil,,,,,,,,,,,
Spain,Chile,,,,,,,,,,
Germany,Ghana,Kenya,,,,,,,,,
China,,,,,,,,,,,
USA,,,,,,,,,,,
Canada,,,,,,,,,,,
Poland,,,,,,,,,,,
China,,,,,,,,,,,
USA,,,,,,,,,,,
Brazil,,,,,,,,,,,
Spain,Chile,,,,,,,,,,
USA,,,,,,,,,,,
USA,,,,,,,,,,,
Korea,,,,,,,,,,,
Taiwan,,,,,,,,,,,
Japan,China,,,,,,,,,,
Germany,,,,,,,,,,,
China,,,,,,,,,,,
USA,,,,,,,,,,,
China,,,,,,,,,,,
Australia,,,,,,,,,,,
Brazil,,,,,,,,,,,
USA,UK,Sweden,,,,,,,,,
France,Tunisia,,,,,,,,,,
China,,,,,,,,,,,
China,,,,,,,,,,,
Czech Republic,,,,,,,,,,,
Pakistan,Cameroon,,,,,,,,,,
USA,,,,,,,,,,,
USA,,,,,,,,,,,
USA,,,,,,,,,,,
USA,,,,,,,,,,,
USA,Israel,,,,,,,,,,
USA,UK,,,,,,,,,,
Brazil,,,,,,,,,,,
China,,,,,,,,,,,
Italy,,,,,,,,,,,
The Netherlands,Germany,,,,,,,,,,
Ireland,,,,,,,,,,,
UK,,,,,,,,,,,
Norway,,,,,,,,,,,
USA,,,,,,,,,,,
South Africa,,,,,,,,,,,
Greece,Germany,,,,,,,,,,
Brazil,,,,,,,,,,,
Japan,,,,,,,,,,,
China,,,,,,,,,,,
Korea,,,,,,,,,,,
Canada,,,,,,,,,,,
Australia,,,,,,,,,,,
Germany,,,,,,,,,,,
Brazil,,,,,,,,,,,
Mexico,,,,,,,,,,,
USA,,,,,,,,,,,
Spain,Russia,,,,,,,,,,
USA,,,,,,,,,,,
Taiwan,,,,,,,,,,,
Spain,,,,,,,,,,,
USA,,,,,,,,,,,
The Netherlands,,,,,,,,,,,
China,,,,,,,,,,,
Brazil,,,,,,,,,,,
Denmark,,,,,,,,,,,
China,,,,,,,,,,,
Japan,,,,,,,,,,,
Saudi Arabia,Egypt,,,,,,,,,,
China,,,,,,,,,,,
Egypt,,,,,,,,,,,
Korea,,,,,,,,,,,
Egypt,,,,,,,,,,,
Italy,,,,,,,,,,,
USA,,,,,,,,,,,
Japan,,,,,,,,,,,
New Zealand,,,,,,,,,,,
USA,,,,,,,,,,,
USA,,,,,,,,,,,
Japan,,,,,,,,,,,
China,,,,,,,,,,,
Cameroon,,,,,,,,,,,
Portugal,Brazil,,,,,,,,,,
Japan,,,,,,,,,,,
USA,,,,,,,,,,,
China,USA,Italy,,,,,,,,,
Japan,USA,,,,,,,,,,
UK,,,,,,,,,,,
USA,,,,,,,,,,,
USA,,,,,,,,,,,
Switzerland,,,,,,,,,,,
USA,,,,,,,,,,,
USA,,,,,,,,,,,
USA,,,,,,,,,,,
Argentina,,,,,,,,,,,
Italy,,,,,,,,,,,
China,,,,,,,,,,,
Pakistan,,,,,,,,,,,
USA,,,,,,,,,,,
Ukraine,Israel,,,,,,,,,,
Italy,,,,,,,,,,,
Romania,,,,,,,,,,,
France,,,,,,,,,,,
France,Estonia,Russia,,,,,,,,,
Australia,,,,,,,,,,,
USA,,,,,,,,,,,
USA,,,,,,,,,,,
China,,,,,,,,,,,
Brazil,,,,,,,,,,,
Japan,,,,,,,,,,,
Taiwan,,,,,,,,,,,
Japan,Denmark,,,,,,,,,,
Brazil,,,,,,,,,,,
Croatia,,,,,,,,,,,
USA,,,,,,,,,,,
Taiwan,China,,,,,,,,,,
Taiwan,,,,,,,,,,,
Taiwan,China,,,,,,,,,,
Italy,,,,,,,,,,,
India,,,,,,,,,,,
India,,,,,,,,,,,
Australia,USA,Sweden,,,,,,,,,
The Netherlands,,,,,,,,,,,
USA,,,,,,,,,,,
Korea,,,,,,,,,,,
Japan,,,,,,,,,,,
Japan,,,,,,,,,,,
Japan,,,,,,,,,,,
Korea,,,,,,,,,,,
Canada,,,,,,,,,,,
Japan,,,,,,,,,,,
USA,,,,,,,,,,,
Saudi Arabia,,,,,,,,,,,
Korea,,,,,,,,,,,
Korea,,,,,,,,,,,
Japan,USA,,,,,,,,,,
Portugal,Germany,,,,,,,,,,
USA,,,,,,,,,,,
UK,Germany,,,,,,,,,,
Australia,,,,,,,,,,,
Spain,,,,,,,,,,,
Spain,,,,,,,,,,,
Spain,,,,,,,,,,,
South Africa,,,,,,,,,,,
Japan,,,,,,,,,,,
Spain,,,,,,,,,,,
South Africa,Cameroon,,,,,,,,,,
Italy,,,,,,,,,,,
Italy,,,,,,,,,,,
Korea,,,,,,,,,,,
Japan,,,,,,,,,,,
USA,,,,,,,,,,,
Germany,,,,,,,,,,,
Japan,,,,,,,,,,,
Spain,,,,,,,,,,,
USA,,,,,,,,,,,
Denmark,,,,,,,,,,,
Italy,,,,,,,,,,,
Pakistan,USA,,,,,,,,,,
USA,,,,,,,,,,,
USA,,,,,,,,,,,
Japan,USA,,,,,,,,,,
USA,,,,,,,,,,,
Morocco,,,,,,,,,,,
Italy,,,,,,,,,,,
Portugal,,,,,,,,,,,
USA,,,,,,,,,,,
France,,,,,,,,,,,
Japan,Thailand,,,,,,,,,,
Kuwait,,,,,,,,,,,
Malaysia,Vietnam,,,,,,,,,,
Saudi Arabia,Pakistan,,,,,,,,,,
Malaysia,,,,,,,,,,,
USA,UK,Germany,,,,,,,,,
USA,,,,,,,,,,,
Mexico,,,,,,,,,,,
China,,,,,,,,,,,
Japan,Uzbekistan,,,,,,,,,,
UK,,,,,,,,,,,
USA,,,,,,,,,,,
Italy,,,,,,,,,,,
USA,,,,,,,,,,,
Japan,,,,,,,,,,,
China,,,,,,,,,,,
Pakistan,Germany,,,,,,,,,,
USA,,,,,,,,,,,
Taiwan,,,,,,,,,,,
UK,,,,,,,,,,,
Saudi Arabia,,,,,,,,,,,
Australia,,,,,,,,,,,
Australia,UK,,,,,,,,,,
Denmark,,,,,,,,,,,
Saudi Arabia,Egypt,,,,,,,,,,
Japan,Spain,,,,,,,,,,
USA,Italy,,,,,,,,,,
USA,Sweden,,,,,,,,,,
Australia,,,,,,,,,,,
Germany,Korea,,,,,,,,,,
USA,,,,,,,,,,,
Brazil,,,,,,,,,,,
UK,,,,,,,,,,,
Belgium,,,,,,,,,,,
China,,,,,,,,,,,
Taiwan,,,,,,,,,,,
USA,,,,,,,,,,,
Taiwan,,,,,,,,,,,
China,,,,,,,,,,,
Malaysia,,,,,,,,,,,
China,,,,,,,,,,,
China,,,,,,,,,,,
China,,,,,,,,,,,
China,,,,,,,,,,,
Germany,,,,,,,,,,,
The Netherlands,,,,,,,,,,,
USA,,,,,,,,,,,
China,,,,,,,,,,,
Spain,,,,,,,,,,,
Canada,,,,,,,,,,,
China,,,,,,,,,,,
Australia,,,,,,,,,,,
USA,,,,,,,,,,,
USA,,,,,,,,,,,
Italy,,,,,,,,,,,
France,,,,,,,,,,,
India,,,,,,,,,,,
India,,,,,,,,,,,
USA,,,,,,,,,,,
Germany,,,,,,,,,,,
Japan,Iran,,,,,,,,,,
UK,,,,,,,,,,,
Taiwan,,,,,,,,,,,
China,,,,,,,,,,,
China,,,,,,,,,,,
Germany,,,,,,,,,,,
USA,Chile,,,,,,,,,,
China,,,,,,,,,,,
Argentina,,,,,,,,,,,
Korea,,,,,,,,,,,
Pakistan,Germany,,,,,,,,,,
Pakistan,Italy,Bosnia and Herzegovina,,,,,,,,,
China,,,,,,,,,,,
USA,,,,,,,,,,,
China,,,,,,,,,,,
France,,,,,,,,,,,
Taiwan,,,,,,,,,,,
China,,,,,,,,,,,
Taiwan,,,,,,,,,,,
China,,,,,,,,,,,
Spain,,,,,,,,,,,
USA,,,,,,,,,,,
Sweden,,,,,,,,,,,
Cyprus,,,,,,,,,,,
USA,,,,,,,,,,,
Canada,,,,,,,,,,,
Uganda,USA,UK,,,,,,,,,
France,Spain,,,,,,,,,,
China,,,,,,,,,,,
USA,,,,,,,,,,,
USA,China,,,,,,,,,,
Japan,,,,,,,,,,,
USA,,,,,,,,,,,
Turkey,,,,,,,,,,,
Iran,,,,,,,,,,,
Iran,,,,,,,,,,,
Turkey,,,,,,,,,,,
Iran,,,,,,,,,,,
Turkey,,,,,,,,,,,
Turkey,,,,,,,,,,,
Turkey,,,,,,,,,,,
Turkey,,,,,,,,,,,
Turkey,,,,,,,,,,,
Iran,,,,,,,,,,,
Turkey,,,,,,,,,,,
Turkey,,,,,,,,,,,
USA,Turkey,,,,,,,,,,
Turkey,,,,,,,,,,,
Turkey,,,,,,,,,,,
Taiwan,,,,,,,,,,,
Turkey,,,,,,,,,,,
Turkey,,,,,,,,,,,
Turkey,,,,,,,,,,,
Turkey,,,,,,,,,,,
Turkey,,,,,,,,,,,
Turkey,,,,,,,,,,,
Turkey,,,,,,,,,,,
Turkey,,,,,,,,,,,
Turkey,,,,,,,,,,,
Turkey,,,,,,,,,,,
Turkey,,,,,,,,,,,
Turkey,,,,,,,,,,,
Turkey,,,,,,,,,,,
Turkey,,,,,,,,,,,
Turkey,,,,,,,,,,,
Turkey,,,,,,,,,,,
Turkey,,,,,,,,,,,
Romania,,,,,,,,,,,
Poland,Italy,,,,,,,,,,
Brazil,Mexico,,,,,,,,,,
Brazil,,,,,,,,,,,
China,,,,,,,,,,,
China,,,,,,,,,,,
Italy,,,,,,,,,,,
Taiwan,,,,,,,,,,,
The Netherlands,,,,,,,,,,,
Canada,,,,,,,,,,,
China,,,,,,,,,,,
USA,China,,,,,,,,,,
Malaysia,,,,,,,,,,,
USA,,,,,,,,,,,
Malaysia,,,,,,,,,,,
USA,,,,,,,,,,,
Canada,,,,,,,,,,,
Belgium,Spain,,,,,,,,,,
USA,Austria,Germany,,,,,,,,,
Malaysia,,,,,,,,,,,
USA,,,,,,,,,,,
Spain,Italy,,,,,,,,,,
Spain,USA,Taiwan,Canada,,,,,,,,
Canada,,,,,,,,,,,
USA,UK,,,,,,,,,,
USA,,,,,,,,,,,
France,Tunisia,,,,,,,,,,
Malaysia,,,,,,,,,,,
South Africa,Germany,,,,,,,,,,
Malaysia,Indonesia,Iran,,,,,,,,,
Chile,,,,,,,,,,,
USA,,,,,,,,,,,
USA,,,,,,,,,,,
Malaysia,Iran,,,,,,,,,,
Switzerland,,,,,,,,,,,
Mexico,,,,,,,,,,,
Australia,Malaysia,,,,,,,,,,
USA,,,,,,,,,,,
Austria,,,,,,,,,,,
Austria,,,,,,,,,,,
Japan,,,,,,,,,,,
Saudi Arabia,Egypt,,,,,,,,,,
China,,,,,,,,,,,
China,,,,,,,,,,,
China,,,,,,,,,,,
USA,Spain,,,,,,,,,,
Taiwan,,,,,,,,,,,
Mexico,,,,,,,,,,,
Italy,,,,,,,,,,,
Croatia,,,,,,,,,,,
France,USA,,,,,,,,,,
USA,,,,,,,,,,,
Slovakia,,,,,,,,,,,
Serbia,,,,,,,,,,,
USA,,,,,,,,,,,
Japan,,,,,,,,,,,
Canada,,,,,,,,,,,
Denmark,Spain,,,,,,,,,,
Korea,,,,,,,,,,,
France,Spain,,,,,,,,,,
Korea,,,,,,,,,,,
Tunisia,,,,,,,,,,,
Finland,Germany,,,,,,,,,,
Russia,Poland,,,,,,,,,,
Spain,,,,,,,,,,,
Canada,,,,,,,,,,,
Korea,,,,,,,,,,,
Mexico,USA,Spain,,,,,,,,,
USA,Korea,,,,,,,,,,
China,,,,,,,,,,,
China,,,,,,,,,,,
USA,China,,,,,,,,,,
Canada,,,,,,,,,,,
Argentina,Spain,,,,,,,,,,
Taiwan,,,,,,,,,,,
Spain,Switzerland,,,,,,,,,,
Japan,,,,,,,,,,,
Spain,,,,,,,,,,,
Japan,USA,,,,,,,,,,
Finland,UK,,,,,,,,,,
Taiwan,,,,,,,,,,,
Brazil,,,,,,,,,,,
Argentina,,,,,,,,,,,
USA,,,,,,,,,,,
China,,,,,,,,,,,
Brazil,,,,,,,,,,,
USA,,,,,,,,,,,
USA,China,,,,,,,,,,
China,,,,,,,,,,,
Italy,,,,,,,,,,,
Germany,,,,,,,,,,,
Brazil,,,,,,,,,,,
USA,,,,,,,,,,,
USA,,,,,,,,,,,
Australia,,,,,,,,,,,
USA,,,,,,,,,,,
USA,,,,,,,,,,,
Japan,,,,,,,,,,,
Japan,,,,,,,,,,,
China,,,,,,,,,,,
Brazil,,,,,,,,,,,
Spain,,,,,,,,,,,
Iran,,,,,,,,,,,
Canada,,,,,,,,,,,
Russia,,,,,,,,,,,
China,,,,,,,,,,,
New Zealand,,,,,,,,,,,
Greece,UK,,,,,,,,,,
USA,China,,,,,,,,,,
USA,Germany,,,,,,,,,,
Italy,,,,,,,,,,,
China,,,,,,,,,,,
Israel,Germany,,,,,,,,,,
USA,,,,,,,,,,,
Spain,USA,Singapore,UK,,,,,,,,
China,,,,,,,,,,,
Japan,,,,,,,,,,,
USA,,,,,,,,,,,
Denmark,,,,,,,,,,,
China,,,,,,,,,,,
Korea,,,,,,,,,,,
Taiwan,,,,,,,,,,,
Spain,,,,,,,,,,,
USA,The Netherlands,,,,,,,,,,
India,,,,,,,,,,,
USA,,,,,,,,,,,
Finland,China,,,,,,,,,,
China,,,,,,,,,,,
Malaysia,,,,,,,,,,,
Malaysia,,,,,,,,,,,
Brazil,,,,,,,,,,,
Brazil,,,,,,,,,,,
Lebanon,,,,,,,,,,,
Taiwan,,,,,,,,,,,
USA,,,,,,,,,,,
UK,,,,,,,,,,,
China,,,,,,,,,,,
USA,,,,,,,,,,,
Switzerland,,,,,,,,,,,
Slovenia,,,,,,,,,,,
Korea,,,,,,,,,,,
USA,,,,,,,,,,,
Australia,USA,UK,,,,,,,,,
USA,,,,,,,,,,,
China,,,,,,,,,,,
Mexico,,,,,,,,,,,
USA,Korea,,,,,,,,,,
USA,,,,,,,,,,,
USA,,,,,,,,,,,
USA,,,,,,,,,,,
Spain,,,,,,,,,,,
Spain,,,,,,,,,,,
USA,,,,,,,,,,,
USA,,,,,,,,,,,
Portugal,,,,,,,,,,,
China,,,,,,,,,,,
Taiwan,,,,,,,,,,,
China,,,,,,,,,,,
Korea,,,,,,,,,,,
Taiwan,UK,,,,,,,,,,
China,,,,,,,,,,,
Spain,,,,,,,,,,,
The Netherlands,USA,,,,,,,,,,
Spain,,,,,,,,,,,
USA,,,,,,,,,,,
Philippines,Belgium,,,,,,,,,,
USA,New Zealand,,,,,,,,,,
Finland,,,,,,,,,,,
Malaysia,,,,,,,,,,,
The Netherlands,,,,,,,,,,,
Cuba,Spain,,,,,,,,,,
Finland,USA,,,,,,,,,,
Germany,,,,,,,,,,,
USA,,,,,,,,,,,
South Africa,Nigeria,,,,,,,,,,
China,,,,,,,,,,,
USA,,,,,,,,,,,
USA,,,,,,,,,,,
China,,,,,,,,,,,
Korea,,,,,,,,,,,
The Netherlands,,,,,,,,,,,
Japan,,,,,,,,,,,
Australia,,,,,,,,,,,
Canada,,,,,,,,,,,
USA,,,,,,,,,,,
UK,,,,,,,,,,,
USA,,,,,,,,,,,
USA,,,,,,,,,,,
Brazil,USA,,,,,,,,,,
China,,,,,,,,,,,
USA,,,,,,,,,,,
Brazil,,,,,,,,,,,
Mexico,,,,,,,,,,,
UK,,,,,,,,,,,
Germany,,,,,,,,,,,
France,Mexico,,,,,,,,,,
USA,,,,,,,,,,,
USA,,,,,,,,,,,
Canada,,,,,,,,,,,
Uganda,,,,,,,,,,,
Germany,,,,,,,,,,,
Japan,Russia,,,,,,,,,,
Italy,,,,,,,,,,,
Korea,,,,,,,,,,,
USA,,,,,,,,,,,
USA,China,,,,,,,,,,
China,,,,,,,,,,,
Portugal,,,,,,,,,,,
USA,Canada,,,,,,,,,,
Spain,,,,,,,,,,,
Australia,,,,,,,,,,,
Japan,,,,,,,,,,,
USA,,,,,,,,,,,
UK,,,,,,,,,,,
USA,,,,,,,,,,,
UK,,,,,,,,,,,
USA,,,,,,,,,,,
USA,,,,,,,,,,,
Israel,Germany,,,,,,,,,,
Portugal,,,,,,,,,,,
USA,,,,,,,,,,,
Poland,,,,,,,,,,,
Austria,Poland,Germany,,,,,,,,,
Poland,,,,,,,,,,,
Hungary,,,,,,,,,,,
France,USA,,,,,,,,,,
India,,,,,,,,,,,
Germany,,,,,,,,,,,
Pakistan,The Netherlands,,,,,,,,,,
China,,,,,,,,,,,
Brazil,,,,,,,,,,,
France,,,,,,,,,,,
Italy,,,,,,,,,,,
Japan,,,,,,,,,,,
USA,,,,,,,,,,,
USA,,,,,,,,,,,
China,,,,,,,,,,,
Germany,Romania,Italy,,,,,,,,,
Poland,,,,,,,,,,,
Spain,,,,,,,,,,,
Spain,,,,,,,,,,,
Australia,,,,,,,,,,,
Malaysia,,,,,,,,,,,
UK,Canada,,,,,,,,,,
Mexico,Bulgaria,Spain,Canada,,,,,,,,
UK,,,,,,,,,,,
UK,,,,,,,,,,,
France,Romania,,,,,,,,,,
China,,,,,,,,,,,
United Arab Emirates,,,,,,,,,,,
Spain,,,,,,,,,,,
Indonesia,,,,,,,,,,,
Greece,,,,,,,,,,,
USA,,,,,,,,,,,
Germany,,,,,,,,,,,
USA,,,,,,,,,,,
Italy,,,,,,,,,,,
France,,,,,,,,,,,
The Netherlands,,,,,,,,,,,
Canada,,,,,,,,,,,
Japan,,,,,,,,,,,
China,,,,,,,,,,,
USA,Germany,Israel,,,,,,,,,
USA,Canada,,,,,,,,,,
Taiwan,,,,,,,,,,,
Spain,,,,,,,,,,,
Saudi Arabia,,,,,,,,,,,
China,,,,,,,,,,,
USA,,,,,,,,,,,
Brazil,,,,,,,,,,,
USA,,,,,,,,,,,
Australia,USA,,,,,,,,,,
USA,,,,,,,,,,,
Finland,,,,,,,,,,,
France,,,,,,,,,,,
USA,,,,,,,,,,,
Japan,,,,,,,,,,,
Bangladesh,Czech Republic,Portugal,Botswana,Japan,USA,,,,,,
Australia,Canada,,,,,,,,,,
France,USA,,,,,,,,,,
Australia,New Zealand,,,,,,,,,,
France,Finland,Austria,Italy,,,,,,,,
Japan,,,,,,,,,,,
Brazil,,,,,,,,,,,
Japan,,,,,,,,,,,
UK,,,,,,,,,,,
Taiwan,,,,,,,,,,,
Brazil,,,,,,,,,,,
Brazil,,,,,,,,,,,
Japan,Malaysia,,,,,,,,,,
Finland,Czech Republic,,,,,,,,,,
Slovakia,,,,,,,,,,,
Brazil,,,,,,,,,,,
USA,,,,,,,,,,,
Philippines,,,,,,,,,,,
USA,Korea,,,,,,,,,,
Poland,,,,,,,,,,,
Slovakia,,,,,,,,,,,
UK,,,,,,,,,,,
China,,,,,,,,,,,
Canada,,,,,,,,,,,
Canada,,,,,,,,,,,
Egypt,,,,,,,,,,,
Hungary,,,,,,,,,,,
Hungary,,,,,,,,,,,
USA,,,,,,,,,,,
USA,,,,,,,,,,,
USA,,,,,,,,,,,
Jordan,USA,Egypt,,,,,,,,,
Spain,,,,,,,,,,,
Poland,,,,,,,,,,,
UK,,,,,,,,,,,
Australia,,,,,,,,,,,
Sweden,,,,,,,,,,,
Italy,,,,,,,,,,,
Mexico,,,,,,,,,,,
United Arab Emirates,,,,,,,,,,,
USA,Denmark,Austria,Germany,,,,,,,,
The Netherlands,,,,,,,,,,,
Finland,,,,,,,,,,,
USA,,,,,,,,,,,
UK,,,,,,,,,,,
Korea,,,,,,,,,,,
Malaysia,,,,,,,,,,,
China,,,,,,,,,,,
China,,,,,,,,,,,
USA,,,,,,,,,,,
China,,,,,,,,,,,
USA,Switzerland,,,,,,,,,,
USA,,,,,,,,,,,
Korea,,,,,,,,,,,
China,,,,,,,,,,,
Canada,,,,,,,,,,,
Sweden,,,,,,,,,,,
Saudi Arabia,Canada,,,,,,,,,,
Korea,,,,,,,,,,,
USA,Israel,,,,,,,,,,
Czech Republic,,,,,,,,,,,
USA,Israel,,,,,,,,,,
Denmark,,,,,,,,,,,
China,,,,,,,,,,,
Czech Republic,,,,,,,,,,,
USA,,,,,,,,,,,
Australia,,,,,,,,,,,
Canada,,,,,,,,,,,
Australia,,,,,,,,,,,
USA,,,,,,,,,,,
USA,,,,,,,,,,,
Germany,,,,,,,,,,,
Spain,,,,,,,,,,,
Taiwan,,,,,,,,,,,
Malaysia,,,,,,,,,,,
Japan,,,,,,,,,,,
USA,,,,,,,,,,,
Germany,,,,,,,,,,,
Japan,,,,,,,,,,,
Korea,,,,,,,,,,,
Malaysia,,,,,,,,,,,
Finland,Estonia,,,,,,,,,,
China,,,,,,,,,,,
Serbia,Denmark,,,,,,,,,,
USA,,,,,,,,,,,
China,,,,,,,,,,,
China,,,,,,,,,,,
China,,,,,,,,,,,
Taiwan,,,,,,,,,,,
Brazil,,,,,,,,,,,
Brazil,,,,,,,,,,,
USA,,,,,,,,,,,
USA,,,,,,,,,,,
Portugal,,,,,,,,,,,
Spain,,,,,,,,,,,
USA,Israel,,,,,,,,,,
Latvia,,,,,,,,,,,
Latvia,,,,,,,,,,,
India,,,,,,,,,,,
Estonia,,,,,,,,,,,
USA,,,,,,,,,,,
UK,,,,,,,,,,,
UK,,,,,,,,,,,
Spain,Canada,Italy,,,,,,,,,
USA,,,,,,,,,,,
China,,,,,,,,,,,
France,,,,,,,,,,,
France,,,,,,,,,,,
Japan,Malaysia,,,,,,,,,,
Estonia,,,,,,,,,,,
USA,,,,,,,,,,,
Malaysia,,,,,,,,,,,
Thailand,,,,,,,,,,,
China,,,,,,,,,,,
USA,,,,,,,,,,,
USA,,,,,,,,,,,
China,,,,,,,,,,,
Malaysia,,,,,,,,,,,
China,,,,,,,,,,,
Czech Republic,,,,,,,,,,,
Greece,,,,,,,,,,,
USA,,,,,,,,,,,
Poland,Germany,,,,,,,,,,
Taiwan,,,,,,,,,,,
Korea,,,,,,,,,,,
China,,,,,,,,,,,
Canada,,,,,,,,,,,
USA,Germany,Canada,,,,,,,,,
France,Australia,,,,,,,,,,
USA,,,,,,,,,,,
Brazil,,,,,,,,,,,
USA,,,,,,,,,,,
USA,The Netherlands,Germany,,,,,,,,,
USA,,,,,,,,,,,
Brazil,,,,,,,,,,,
USA,,,,,,,,,,,
Germany,,,,,,,,,,,
China,,,,,,,,,,,
Japan,,,,,,,,,,,
Korea,,,,,,,,,,,
China,,,,,,,,,,,
Malaysia,,,,,,,,,,,
USA,,,,,,,,,,,
South Africa,UK,,,,,,,,,,
Australia,,,,,,,,,,,
Switzerland,,,,,,,,,,,
USA,,,,,,,,,,,
Russia,,,,,,,,,,,
Germany,,,,,,,,,,,
Czech Republic,,,,,,,,,,,
Germany,,,,,,,,,,,
China,,,,,,,,,,,
USA,,,,,,,,,,,
China,,,,,,,,,,,
Spain,,,,,,,,,,,
China,,,,,,,,,,,
France,Brazil,,,,,,,,,,
Japan,,,,,,,,,,,
USA,,,,,,,,,,,
Japan,,,,,,,,,,,
USA,,,,,,,,,,,
Spain,,,,,,,,,,,
Israel,,,,,,,,,,,
Mexico,,,,,,,,,,,
USA,,,,,,,,,,,
China,,,,,,,,,,,
Iran,,,,,,,,,,,
Argentina,Spain,,,,,,,,,,
Taiwan,,,,,,,,,,,
Canada,,,,,,,,,,,
Taiwan,,,,,,,,,,,
Germany,,,,,,,,,,,
Australia,,,,,,,,,,,
Slovenia,,,,,,,,,,,
Indonesia,,,,,,,,,,,
USA,,,,,,,,,,,
South Africa,Cameroon,,,,,,,,,,
USA,,,,,,,,,,,
Argentina,,,,,,,,,,,
The Netherlands,Germany,,,,,,,,,,
USA,,,,,,,,,,,
Spain,,,,,,,,,,,
Spain,,,,,,,,,,,
Brazil,,,,,,,,,,,
UK,,,,,,,,,,,
Mexico,,,,,,,,,,,
USA,,,,,,,,,,,
Korea,,,,,,,,,,,
Finland,,,,,,,,,,,
Canada,,,,,,,,,,,
Australia,Austria,,,,,,,,,,
Sweden,,,,,,,,,,,
USA,,,,,,,,,,,
Italy,,,,,,,,,,,
Japan,,,,,,,,,,,
Japan,,,,,,,,,,,
USA,,,,,,,,,,,
Finland,,,,,,,,,,,
China,,,,,,,,,,,
Philippines,The Netherlands,,,,,,,,,,
China,,,,,,,,,,,
China,,,,,,,,,,,
China,,,,,,,,,,,
Korea,,,,,,,,,,,
Korea,,,,,,,,,,,
USA,Spain,,,,,,,,,,
China,,,,,,,,,,,
Germany,,,,,,,,,,,
Korea,,,,,,,,,,,
Brazil,,,,,,,,,,,
USA,,,,,,,,,,,
Japan,,,,,,,,,,,
Sweden,,,,,,,,,,,
The Netherlands,Belgium,,,,,,,,,,
China,,,,,,,,,,,
Brazil,,,,,,,,,,,
Italy,,,,,,,,,,,
Iran,,,,,,,,,,,
USA,,,,,,,,,,,
China,,,,,,,,,,,
Spain,,,,,,,,,,,
Portugal,,,,,,,,,,,
Thailand,,,,,,,,,,,
Denmark,Brunei,,,,,,,,,,
China,,,,,,,,,,,
USA,Sweden,,,,,,,,,,
Canada,,,,,,,,,,,
Japan,,,,,,,,,,,
Japan,China,,,,,,,,,,
Saudi Arabia,Denmark,USA,,,,,,,,,
China,,,,,,,,,,,
USA,,,,,,,,,,,
China,,,,,,,,,,,
USA,The Netherlands,Switzerland,,,,,,,,,
Japan,China,,,,,,,,,,
Japan,,,,,,,,,,,
USA,,,,,,,,,,,
Switzerland,Germany,,,,,,,,,,
Cyprus,,,,,,,,,,,
Brazil,,,,,,,,,,,
Australia,,,,,,,,,,,
Malaysia,,,,,,,,,,,
USA,,,,,,,,,,,
Canada,,,,,,,,,,,
Spain,,,,,,,,,,,
UK,,,,,,,,,,,
Australia,Denmark,Canada,Italy,,,,,,,,
Iran,,,,,,,,,,,
Italy,,,,,,,,,,,
Switzerland,Italy,,,,,,,,,,
Taiwan,,,,,,,,,,,
Spain,,,,,,,,,,,
Malaysia,,,,,,,,,,,
Mexico,,,,,,,,,,,
Japan,,,,,,,,,,,
South Africa,,,,,,,,,,,
Korea,,,,,,,,,,,
China,,,,,,,,,,,
China,,,,,,,,,,,
Poland,,,,,,,,,,,
France,Brazil,,,,,,,,,,
Malaysia,,,,,,,,,,,
USA,,,,,,,,,,,
Spain,,,,,,,,,,,
Italy,,,,,,,,,,,
Korea,,,,,,,,,,,
USA,,,,,,,,,,,
Canada,,,,,,,,,,,
Japan,UK,,,,,,,,,,
USA,,,,,,,,,,,
China,,,,,,,,,,,
Norway,USA,,,,,,,,,,
Spain,,,,,,,,,,,
Australia,,,,,,,,,,,
Germany,,,,,,,,,,,
Spain,Chile,,,,,,,,,,
Argentina,,,,,,,,,,,
Singapore,,,,,,,,,,,
China,,,,,,,,,,,
Australia,,,,,,,,,,,
Switzerland,Germany,,,,,,,,,,
Denmark,,,,,,,,,,,
Brazil,,,,,,,,,,,
USA,,,,,,,,,,,
The Netherlands,USA,,,,,,,,,,
Spain,,,,,,,,,,,
Saudi Arabia,,,,,,,,,,,
Brazil,,,,,,,,,,,
Italy,,,,,,,,,,,
South Africa,China,,,,,,,,,,
USA,China,,,,,,,,,,
France,Canada,,,,,,,,,,
USA,,,,,,,,,,,
USA,,,,,,,,,,,
India,,,,,,,,,,,
Switzerland,Germany,,,,,,,,,,
USA,Denmark,Spain,,,,,,,,,
USA,,,,,,,,,,,
USA,,,,,,,,,,,
Spain,,,,,,,,,,,
USA,,,,,,,,,,,
Canada,China,,,,,,,,,,
Taiwan,,,,,,,,,,,
Germany,,,,,,,,,,,
Brazil,,,,,,,,,,,
Taiwan,,,,,,,,,,,
China,,,,,,,,,,,
Taiwan,,,,,,,,,,,
South Africa,,,,,,,,,,,
Korea,,,,,,,,,,,
USA,,,,,,,,,,,
USA,,,,,,,,,,,
Australia,,,,,,,,,,,
Canada,China,,,,,,,,,,
Brazil,Germany,,,,,,,,,,
Malaysia,,,,,,,,,,,
Mexico,,,,,,,,,,,
China,,,,,,,,,,,
Korea,,,,,,,,,,,
Tanzania,The Netherlands,UK,Canada,,,,,,,,
Canada,,,,,,,,,,,
Australia,,,,,,,,,,,
Austria,Switzerland,Germany,,,,,,,,,
Taiwan,,,,,,,,,,,
Italy,,,,,,,,,,,
USA,,,,,,,,,,,
USA,,,,,,,,,,,
Germany,Spain,Canada,,,,,,,,,
USA,Canada,,,,,,,,,,
Germany,,,,,,,,,,,
Singapore,,,,,,,,,,,
Germany,,,,,,,,,,,
India,,,,,,,,,,,
USA,,,,,,,,,,,
USA,Switzerland,,,,,,,,,,
France,USA,,,,,,,,,,
USA,,,,,,,,,,,
Singapore,Germany,,,,,,,,,,
China,,,,,,,,,,,
Greece,,,,,,,,,,,
USA,,,,,,,,,,,
USA,Italy,,,,,,,,,,
USA,,,,,,,,,,,
Korea,,,,,,,,,,,
Greece,,,,,,,,,,,
Australia,Indonesia,,,,,,,,,,
Finland,,,,,,,,,,,
Canada,,,,,,,,,,,
Italy,,,,,,,,,,,
Japan,,,,,,,,,,,
Mexico,,,,,,,,,,,
China,,,,,,,,,,,
Portugal,,,,,,,,,,,
USA,Tunisia,,,,,,,,,,
China,,,,,,,,,,,
Bangladesh,Korea,,,,,,,,,,
Japan,,,,,,,,,,,
Australia,Malaysia,,,,,,,,,,
Spain,,,,,,,,,,,
Japan,Ukraine,Poland,,,,,,,,,
USA,,,,,,,,,,,
Australia,,,,,,,,,,,
Canada,,,,,,,,,,,
Saudi Arabia,Egypt,,,,,,,,,,
Italy,,,,,,,,,,,
France,,,,,,,,,,,
China,,,,,,,,,,,
Mexico,,,,,,,,,,,
Italy,,,,,,,,,,,
Denmark,Belgium,,,,,,,,,,
Taiwan,,,,,,,,,,,
USA,,,,,,,,,,,
Taiwan,,,,,,,,,,,
Croatia,Germany,,,,,,,,,,
Japan,,,,,,,,,,,
Japan,,,,,,,,,,,
Argentina,,,,,,,,,,,
Spain,,,,,,,,,,,
Spain,,,,,,,,,,,
China,,,,,,,,,,,
Taiwan,,,,,,,,,,,
Austria,,,,,,,,,,,
Australia,,,,,,,,,,,
USA,,,,,,,,,,,
Portugal,Brazil,,,,,,,,,,
Japan,,,,,,,,,,,
Australia,USA,,,,,,,,,,
USA,,,,,,,,,,,
Japan,Thailand,,,,,,,,,,
Belgium,,,,,,,,,,,
USA,,,,,,,,,,,
USA,,,,,,,,,,,
China,,,,,,,,,,,
Canada,,,,,,,,,,,
India,,,,,,,,,,,
USA,Israel,,,,,,,,,,
Colombia,,,,,,,,,,,
New Zealand,,,,,,,,,,,
Hungary,USA,UK,Germany,,,,,,,,
Taiwan,,,,,,,,,,,
USA,,,,,,,,,,,
USA,,,,,,,,,,,
UK,,,,,,,,,,,
USA,Canada,,,,,,,,,,
USA,,,,,,,,,,,
China,,,,,,,,,,,
Singapore,,,,,,,,,,,
Brazil,USA,,,,,,,,,,
France,UK,Italy,,,,,,,,,
USA,,,,,,,,,,,
USA,,,,,,,,,,,
Saudi Arabia,Pakistan,,,,,,,,,,
Spain,,,,,,,,,,,
USA,,,,,,,,,,,
France,,,,,,,,,,,
Canada,,,,,,,,,,,
China,,,,,,,,,,,
Germany,,,,,,,,,,,
France,Spain,Germany,,,,,,,,,
Italy,,,,,,,,,,,
Austria,,,,,,,,,,,
France,Romania,,,,,,,,,,
Switzerland,,,,,,,,,,,
Japan,China,,,,,,,,,,
Australia,Russia,,,,,,,,,,
India,,,,,,,,,,,
Turkey,,,,,,,,,,,
Hungary,Germany,,,,,,,,,,
Malaysia,,,,,,,,,,,
France,Colombia,,,,,,,,,,
Greece,,,,,,,,,,,
USA,,,,,,,,,,,
Romania,,,,,,,,,,,
India,,,,,,,,,,,
USA,,,,,,,,,,,
UK,,,,,,,,,,,
China,,,,,,,,,,,
Saudi Arabia,,,,,,,,,,,
Spain,Turkey,Chile,,,,,,,,,
USA,,,,,,,,,,,
Spain,,,,,,,,,,,
Spain,,,,,,,,,,,
Australia,,,,,,,,,,,
Thailand,,,,,,,,,,,
China,,,,,,,,,,,
Taiwan,,,,,,,,,,,
Korea,,,,,,,,,,,
Italy,,,,,,,,,,,
Spain,Poland,Sweden,,,,,,,,,
USA,,,,,,,,,,,
USA,,,,,,,,,,,
USA,,,,,,,,,,,
New Zealand,Germany,,,,,,,,,,
Italy,,,,,,,,,,,
USA,,,,,,,,,,,
Serbia,,,,,,,,,,,
China,,,,,,,,,,,
China,,,,,,,,,,,
Italy,,,,,,,,,,,
China,,,,,,,,,,,
Germany,,,,,,,,,,,
Japan,,,,,,,,,,,
Korea,,,,,,,,,,,
France,USA,Germany,,,,,,,,,
Italy,,,,,,,,,,,
Spain,,,,,,,,,,,
Taiwan,,,,,,,,,,,
USA,,,,,,,,,,,
Canada,,,,,,,,,,,
China,,,,,,,,,,,
USA,,,,,,,,,,,
USA,,,,,,,,,,,
USA,Switzerland,,,,,,,,,,
USA,,,,,,,,,,,
USA,,,,,,,,,,,
Lebanon,,,,,,,,,,,
Sweden,,,,,,,,,,,
Japan,,,,,,,,,,,
Australia,,,,,,,,,,,
Italy,,,,,,,,,,,
Malaysia,,,,,,,,,,,
Mexico,,,,,,,,,,,
Canada,,,,,,,,,,,
Romania,,,,,,,,,,,
Belgium,,,,,,,,,,,
USA,,,,,,,,,,,
Switzerland,,,,,,,,,,,
China,,,,,,,,,,,
UK,,,,,,,,,,,
Brazil,,,,,,,,,,,
Taiwan,,,,,,,,,,,
Germany,,,,,,,,,,,
China,,,,,,,,,,,
The Netherlands,,,,,,,,,,,
Australia,USA,,,,,,,,,,
China,,,,,,,,,,,
Australia,,,,,,,,,,,
Korea,,,,,,,,,,,
Spain,Italy,,,,,,,,,,
France,,,,,,,,,,,
Italy,,,,,,,,,,,
USA,,,,,,,,,,,
USA,,,,,,,,,,,
Germany,,,,,,,,,,,
Japan,,,,,,,,,,,
USA,,,,,,,,,,,
Canada,,,,,,,,,,,
France,Germany,,,,,,,,,,
China,,,,,,,,,,,
Japan,,,,,,,,,,,
Canada,,,,,,,,,,,
Switzerland,Germany,,,,,,,,,,
Australia,,,,,,,,,,,
China,,,,,,,,,,,
The Netherlands,USA,UK,,,,,,,,,
USA,,,,,,,,,,,
Japan,,,,,,,,,,,
China,,,,,,,,,,,
Thailand,,,,,,,,,,,
Greece,,,,,,,,,,,
China,,,,,,,,,,,
Spain,,,,,,,,,,,
France,Pakistan,Romania,,,,,,,,,
Korea,,,,,,,,,,,
Korea,,,,,,,,,,,
Brazil,,,,,,,,,,,
USA,,,,,,,,,,,
Malaysia,,,,,,,,,,,
France,Mexico,,,,,,,,,,
Portugal,,,,,,,,,,,
China,,,,,,,,,,,
Taiwan,,,,,,,,,,,
China,,,,,,,,,,,
Malaysia,Pakistan,,,,,,,,,,
USA,,,,,,,,,,,
Spain,,,,,,,,,,,
USA,,,,,,,,,,,
Egypt,,,,,,,,,,,
Austria,,,,,,,,,,,
Japan,China,,,,,,,,,,
USA,,,,,,,,,,,
UK,,,,,,,,,,,
USA,UK,,,,,,,,,,
Australia,Singapore,,,,,,,,,,
Austria,,,,,,,,,,,
The Netherlands,Germany,,,,,,,,,,
China,,,,,,,,,,,
China,,,,,,,,,,,
Saudi Arabia,Egypt,,,,,,,,,,
Japan,,,,,,,,,,,
Ukraine,Poland,,,,,,,,,,
USA,,,,,,,,,,,
USA,,,,,,,,,,,
Germany,,,,,,,,,,,
Brazil,,,,,,,,,,,
Italy,,,,,,,,,,,
USA,,,,,,,,,,,
Japan,,,,,,,,,,,
Spain,,,,,,,,,,,
Switzerland,,,,,,,,,,,
India,Thailand,USA,China,,,,,,,,
USA,,,,,,,,,,,
Australia,,,,,,,,,,,
USA,,,,,,,,,,,
Saudi Arabia,USA,,,,,,,,,,
Australia,,,,,,,,,,,
Serbia,Slovenia,,,,,,,,,,
Germany,,,,,,,,,,,
USA,,,,,,,,,,,
USA,,,,,,,,,,,
Japan,,,,,,,,,,,
Portugal,,,,,,,,,,,
South Africa,,,,,,,,,,,
China,,,,,,,,,,,
France,,,,,,,,,,,
USA,,,,,,,,,,,
Italy,,,,,,,,,,,
USA,,,,,,,,,,,
Spain,,,,,,,,,,,
Thailand,,,,,,,,,,,
Mexico,Spain,,,,,,,,,,
Japan,,,,,,,,,,,
UK,,,,,,,,,,,
Spain,,,,,,,,,,,
Portugal,,,,,,,,,,,
Australia,USA,,,,,,,,,,
Canada,,,,,,,,,,,
Spain,,,,,,,,,,,
Malaysia,,,,,,,,,,,
Japan,China,,,,,,,,,,
Jordan,,,,,,,,,,,
France,Madagascar,,,,,,,,,,
Spain,,,,,,,,,,,
Brazil,USA,,,,,,,,,,
Germany,,,,,,,,,,,
Germany,,,,,,,,,,,
Russia,,,,,,,,,,,
USA,,,,,,,,,,,
USA,,,,,,,,,,,
South Africa,,,,,,,,,,,
Uruguay,,,,,,,,,,,
China,,,,,,,,,,,
USA,,,,,,,,,,,
Mexico,,,,,,,,,,,
China,,,,,,,,,,,
Egypt,,,,,,,,,,,
China,,,,,,,,,,,
Japan,,,,,,,,,,,
Slovakia,,,,,,,,,,,
Taiwan,,,,,,,,,,,
Spain,,,,,,,,,,,
USA,,,,,,,,,,,
Australia,,,,,,,,,,,
Saudi Arabia,USA,,,,,,,,,,
Mexico,Germany,,,,,,,,,,
Canada,,,,,,,,,,,
China,,,,,,,,,,,
USA,China,,,,,,,,,,
China,,,,,,,,,,,
Romania,,,,,,,,,,,
Turkey,,,,,,,,,,,
USA,,,,,,,,,,,
USA,Italy,,,,,,,,,,
Japan,,,,,,,,,,,
Mexico,New Zealand,,,,,,,,,,
USA,,,,,,,,,,,
Belgium,Canada,,,,,,,,,,
USA,,,,,,,,,,,
Australia,,,,,,,,,,,
UK,,,,,,,,,,,
France,,,,,,,,,,,
USA,,,,,,,,,,,
Malaysia,,,,,,,,,,,
Italy,,,,,,,,,,,
Taiwan,,,,,,,,,,,
USA,,,,,,,,,,,
China,,,,,,,,,,,
USA,,,,,,,,,,,
Spain,,,,,,,,,,,
China,,,,,,,,,,,
Spain,,,,,,,,,,,
Italy,,,,,,,,,,,
China,,,,,,,,,,,
Korea,,,,,,,,,,,
New Zealand,UK,,,,,,,,,,
Germany,,,,,,,,,,,
Spain,,,,,,,,,,,
Australia,,,,,,,,,,,
Japan,,,,,,,,,,,
USA,Canada,,,,,,,,,,
USA,,,,,,,,,,,
USA,,,,,,,,,,,
Greece,,,,,,,,,,,
Egypt,Spain,Austria,Germany,,,,,,,,
Italy,,,,,,,,,,,
USA,Canada,Germany,,,,,,,,,
Japan,,,,,,,,,,,
USA,UK,,,,,,,,,,
USA,,,,,,,,,,,
Japan,,,,,,,,,,,
USA,,,,,,,,,,,
Germany,,,,,,,,,,,
Portugal,Germany,,,,,,,,,,
France,,,,,,,,,,,
Brazil,,,,,,,,,,,
Austria,Israel,,,,,,,,,,
South Africa,Nigeria,,,,,,,,,,
Taiwan,,,,,,,,,,,
USA,,,,,,,,,,,
France,The Netherlands,,,,,,,,,,
Australia,New Zealand,,,,,,,,,,
Malaysia,,,,,,,,,,,
USA,,,,,,,,,,,
USA,,,,,,,,,,,
Bahrain,Saudi Arabia,,,,,,,,,,
USA,,,,,,,,,,,
France,,,,,,,,,,,
Spain,,,,,,,,,,,
Norway,,,,,,,,,,,
Thailand,,,,,,,,,,,
USA,UK,Turkey,,,,,,,,,
Malaysia,Iran,,,,,,,,,,
Malaysia,,,,,,,,,,,
Malaysia,Pakistan,,,,,,,,,,
Italy,,,,,,,,,,,
China,,,,,,,,,,,
Italy,,,,,,,,,,,
Japan,,,,,,,,,,,
China,,,,,,,,,,,
Mexico,,,,,,,,,,,
USA,,,,,,,,,,,
South Africa,Saudi Arabia,,,,,,,,,,
Spain,,,,,,,,,,,
Spain,,,,,,,,,,,
Colombia,USA,Mexico,,,,,,,,,
Denmark,,,,,,,,,,,
Uzbekistan,Belgium,,,,,,,,,,
Italy,Finland,UK,Germany,Lithuania,Sweden,,,,,,
Korea,,,,,,,,,,,
Italy,,,,,,,,,,,
Switzerland,,,,,,,,,,,
USA,,,,,,,,,,,
Malaysia,,,,,,,,,,,
China,,,,,,,,,,,
Canada,,,,,,,,,,,
Canada,,,,,,,,,,,
Korea,,,,,,,,,,,
USA,,,,,,,,,,,
USA,,,,,,,,,,,
Germany,,,,,,,,,,,
Germany,,,,,,,,,,,
Croatia,,,,,,,,,,,
Italy,,,,,,,,,,,
China,,,,,,,,,,,
Germany,,,,,,,,,,,
Romania,,,,,,,,,,,
Lebanon,Chile,,,,,,,,,,
USA,,,,,,,,,,,
USA,Denmark,,,,,,,,,,
China,,,,,,,,,,,
Canada,,,,,,,,,,,
Spain,,,,,,,,,,,
Korea,,,,,,,,,,,
Spain,,,,,,,,,,,
China,,,,,,,,,,,
Italy,China,,,,,,,,,,
USA,,,,,,,,,,,
India,,,,,,,,,,,
USA,,,,,,,,,,,
USA,,,,,,,,,,,
USA,,,,,,,,,,,
USA,,,,,,,,,,,
Thailand,,,,,,,,,,,
Taiwan,,,,,,,,,,,
China,Canada,,,,,,,,,,
Spain,,,,,,,,,,,
Norway,China,,,,,,,,,,
USA,,,,,,,,,,,
Japan,,,,,,,,,,,
China,,,,,,,,,,,
Switzerland,,,,,,,,,,,
Spain,,,,,,,,,,,
France,Denmark,,,,,,,,,,
Saudi Arabia,,,,,,,,,,,
Germany,,,,,,,,,,,
USA,,,,,,,,,,,
Brazil,,,,,,,,,,,
Brazil,,,,,,,,,,,
China,,,,,,,,,,,
USA,Taiwan,Korea,,,,,,,,,
Taiwan,,,,,,,,,,,
The Netherlands,,,,,,,,,,,
Hungary,,,,,,,,,,,
China,,,,,,,,,,,
China,,,,,,,,,,,
China,,,,,,,,,,,
Australia,,,,,,,,,,,
China,,,,,,,,,,,
Taiwan,,,,,,,,,,,
USA,China,,,,,,,,,,
USA,,,,,,,,,,,
Spain,Italy,,,,,,,,,,
USA,,,,,,,,,,,
Switzerland,,,,,,,,,,,
UK,,,,,,,,,,,
Malaysia,Iran,,,,,,,,,,
Serbia,Slovakia,,,,,,,,,,
China,,,,,,,,,,,
Latvia,,,,,,,,,,,
United Arab Emirates,Romania,Germany,,,,,,,,,
USA,,,,,,,,,,,
Japan,,,,,,,,,,,
Taiwan,,,,,,,,,,,
Germany,,,,,,,,,,,
USA,,,,,,,,,,,
USA,,,,,,,,,,,
The Netherlands,,,,,,,,,,,
Australia,,,,,,,,,,,
Denmark,,,,,,,,,,,
Korea,,,,,,,,,,,
Taiwan,,,,,,,,,,,
Italy,,,,,,,,,,,
Korea,,,,,,,,,,,
China,,,,,,,,,,,
China,,,,,,,,,,,
Korea,,,,,,,,,,,
Japan,USA,,,,,,,,,,
Switzerland,,,,,,,,,,,
USA,,,,,,,,,,,
China,,,,,,,,,,,
UK,Iran,,,,,,,,,,
USA,,,,,,,,,,,
Belgium,,,,,,,,,,,
Kenya,,,,,,,,,,,
UK,Switzerland,,,,,,,,,,
Argentina,,,,,,,,,,,
USA,Canada,,,,,,,,,,
USA,,,,,,,,,,,
Sweden,,,,,,,,,,,
Australia,,,,,,,,,,,
Malaysia,,,,,,,,,,,
Taiwan,,,,,,,,,,,
Spain,,,,,,,,,,,
UK,Poland,,,,,,,,,,
China,,,,,,,,,,,
USA,Germany,,,,,,,,,,
Japan,,,,,,,,,,,
Austria,,,,,,,,,,,
Spain,,,,,,,,,,,
Australia,Malaysia,,,,,,,,,,
Czech Republic,,,,,,,,,,,
USA,,,,,,,,,,,
China,,,,,,,,,,,
Romania,,,,,,,,,,,
Spain,Morocco,,,,,,,,,,
USA,,,,,,,,,,,
USA,,,,,,,,,,,
Italy,,,,,,,,,,,
Canada,,,,,,,,,,,
Serbia,,,,,,,,,,,
Italy,,,,,,,,,,,
Taiwan,,,,,,,,,,,
Japan,,,,,,,,,,,
USA,,,,,,,,,,,
Spain,,,,,,,,,,,
Taiwan,,,,,,,,,,,
Spain,,,,,,,,,,,
Greece,Spain,UK,Germany,,,,,,,,
Spain,,,,,,,,,,,
China,,,,,,,,,,,
Croatia,,,,,,,,,,,
USA,,,,,,,,,,,
Japan,,,,,,,,,,,
China,,,,,,,,,,,
Spain,,,,,,,,,,,
Australia,,,,,,,,,,,
Italy,,,,,,,,,,,
Spain,UK,Italy,,,,,,,,,
China,,,,,,,,,,,
USA,Korea,,,,,,,,,,
Saudi Arabia,USA,Egypt,,,,,,,,,
Japan,,,,,,,,,,,
Spain,,,,,,,,,,,
China,,,,,,,,,,,
Spain,,,,,,,,,,,
Malaysia,Pakistan,,,,,,,,,,
Norway,Romania,,,,,,,,,,
Serbia,,,,,,,,,,,
Taiwan,,,,,,,,,,,
USA,,,,,,,,,,,
Ireland,,,,,,,,,,,
Italy,,,,,,,,,,,
France,South Africa,New Zealand,,,,,,,,,
Spain,,,,,,,,,,,
USA,,,,,,,,,,,
USA,,,,,,,,,,,
Saudi Arabia,,,,,,,,,,,
USA,,,,,,,,,,,
France,Italy,,,,,,,,,,
USA,,,,,,,,,,,
USA,,,,,,,,,,,
Canada,,,,,,,,,,,
USA,Germany,,,,,,,,,,
Malaysia,,,,,,,,,,,
Germany,,,,,,,,,,,
Australia,,,,,,,,,,,
China,,,,,,,,,,,
China,,,,,,,,,,,
USA,,,,,,,,,,,
USA,,,,,,,,,,,
USA,,,,,,,,,,,
Denmark,USA,,,,,,,,,,
Germany,,,,,,,,,,,
China,,,,,,,,,,,
Mexico,,,,,,,,,,,
UK,,,,,,,,,,,
Taiwan,,,,,,,,,,,
Portugal,Brazil,Spain,,,,,,,,,
Malaysia,,,,,,,,,,,
Japan,,,,,,,,,,,
USA,,,,,,,,,,,
Mexico,,,,,,,,,,,
Korea,,,,,,,,,,,
USA,,,,,,,,,,,
USA,China,,,,,,,,,,
Ukraine,Germany,,,,,,,,,,
Italy,,,,,,,,,,,
Germany,China,,,,,,,,,,
Poland,,,,,,,,,,,
Egypt,,,,,,,,,,,
Malaysia,,,,,,,,,,,
UK,Germany,,,,,,,,,,
Taiwan,,,,,,,,,,,
Austria,,,,,,,,,,,
Japan,,,,,,,,,,,
Thailand,UK,,,,,,,,,,
Bahrain,,,,,,,,,,,
USA,,,,,,,,,,,
Switzerland,,,,,,,,,,,
Taiwan,,,,,,,,,,,
Iran,,,,,,,,,,,
Spain,,,,,,,,,,,
Spain,,,,,,,,,,,
Italy,,,,,,,,,,,
Saudi Arabia,,,,,,,,,,,
USA,,,,,,,,,,,
France,UK,,,,,,,,,,
USA,,,,,,,,,,,
Malaysia,Iraq,,,,,,,,,,
UK,,,,,,,,,,,
Japan,,,,,,,,,,,
Singapore,,,,,,,,,,,
USA,China,,,,,,,,,,
Ghana,,,,,,,,,,,
USA,,,,,,,,,,,
USA,,,,,,,,,,,
UK,Sweden,,,,,,,,,,
Hungary,,,,,,,,,,,
Portugal,Morocco,,,,,,,,,,
Turkey,,,,,,,,,,,
China,,,,,,,,,,,
Mexico,,,,,,,,,,,
USA,,,,,,,,,,,
China,,,,,,,,,,,
Malaysia,,,,,,,,,,,
Germany,Italy,,,,,,,,,,
Canada,,,,,,,,,,,
Australia,Thailand,,,,,,,,,,
Germany,,,,,,,,,,,
Taiwan,,,,,,,,,,,
Romania,,,,,,,,,,,
Spain,,,,,,,,,,,
USA,,,,,,,,,,,
The Netherlands,Switzerland,,,,,,,,,,
USA,,,,,,,,,,,
USA,,,,,,,,,,,
Malaysia,Yemen,,,,,,,,,,
Malaysia,,,,,,,,,,,
Korea,,,,,,,,,,,
China,,,,,,,,,,,
China,,,,,,,,,,,
USA,China,,,,,,,,,,
Czech Republic,,,,,,,,,,,
China,,,,,,,,,,,
Belgium,Italy,,,,,,,,,,
China,,,,,,,,,,,
Japan,,,,,,,,,,,
USA,,,,,,,,,,,
USA,,,,,,,,,,,
Germany,,,,,,,,,,,
Australia,Ireland,,,,,,,,,,
United Arab Emirates,Egypt,,,,,,,,,,
China,,,,,,,,,,,
Singapore,,,,,,,,,,,
Austria,,,,,,,,,,,
Spain,,,,,,,,,,,
USA,,,,,,,,,,,
Australia,,,,,,,,,,,
Taiwan,,,,,,,,,,,
Austria,,,,,,,,,,,
Australia,,,,,,,,,,,
Germany,,,,,,,,,,,
Australia,,,,,,,,,,,
USA,,,,,,,,,,,
Mexico,,,,,,,,,,,
Brazil,Canada,,,,,,,,,,
Brazil,,,,,,,,,,,
Canada,Germany,,,,,,,,,,
Taiwan,,,,,,,,,,,
Taiwan,,,,,,,,,,,
USA,,,,,,,,,,,
The Netherlands,USA,,,,,,,,,,
Finland,,,,,,,,,,,
Taiwan,China,,,,,,,,,,
South Africa,Cameroon,,,,,,,,,,
Spain,,,,,,,,,,,
Spain,,,,,,,,,,,
Taiwan,,,,,,,,,,,
Slovenia,,,,,,,,,,,
USA,,,,,,,,,,,
Spain,,,,,,,,,,,
UK,,,,,,,,,,,
Czech Republic,,,,,,,,,,,
USA,,,,,,,,,,,
Thailand,,,,,,,,,,,
USA,,,,,,,,,,,
Spain,,,,,,,,,,,
USA,,,,,,,,,,,
Australia,UK,,,,,,,,,,
The Netherlands,,,,,,,,,,,
Brazil,,,,,,,,,,,
Brazil,,,,,,,,,,,
Switzerland,,,,,,,,,,,
USA,,,,,,,,,,,
USA,,,,,,,,,,,
Venezuela,,,,,,,,,,,
China,,,,,,,,,,,
South Africa,Nigeria,,,,,,,,,,
South Africa,,,,,,,,,,,
Spain,,,,,,,,,,,
Korea,,,,,,,,,,,
Brazil,,,,,,,,,,,
USA,,,,,,,,,,,
France,,,,,,,,,,,
Finland,,,,,,,,,,,
Poland,,,,,,,,,,,
Japan,,,,,,,,,,,
China,,,,,,,,,,,
Germany,,,,,,,,,,,
USA,,,,,,,,,,,
USA,,,,,,,,,,,
Syria,Ethiopia,,,,,,,,,,
Serbia,,,,,,,,,,,
China,,,,,,,,,,,
France,,,,,,,,,,,
The Netherlands,,,,,,,,,,,
Denmark,,,,,,,,,,,
Portugal,Spain,,,,,,,,,,
Taiwan,,,,,,,,,,,
Mexico,,,,,,,,,,,
Romania,,,,,,,,,,,
Sweden,,,,,,,,,,,
USA,,,,,,,,,,,
USA,,,,,,,,,,,
UK,,,,,,,,,,,
Sweden,,,,,,,,,,,
Canada,,,,,,,,,,,
South Africa,,,,,,,,,,,
Mexico,,,,,,,,,,,
Malaysia,,,,,,,,,,,
France,Canada,,,,,,,,,,
Japan,,,,,,,,,,,
USA,,,,,,,,,,,
France,,,,,,,,,,,
Japan,Pakistan,,,,,,,,,,
USA,,,,,,,,,,,
China,,,,,,,,,,,
Korea,,,,,,,,,,,
Spain,,,,,,,,,,,
Taiwan,,,,,,,,,,,
USA,,,,,,,,,,,
USA,,,,,,,,,,,
USA,,,,,,,,,,,
Mexico,,,,,,,,,,,
Japan,,,,,,,,,,,
Spain,,,,,,,,,,,
China,,,,,,,,,,,
Australia,Italy,,,,,,,,,,
Germany,,,,,,,,,,,
Brazil,,,,,,,,,,,
Mexico,,,,,,,,,,,
India,Malaysia,,,,,,,,,,
Lithuania,,,,,,,,,,,
USA,Korea,,,,,,,,,,
USA,,,,,,,,,,,
USA,,,,,,,,,,,
USA,,,,,,,,,,,
Spain,,,,,,,,,,,
USA,,,,,,,,,,,
Croatia,,,,,,,,,,,
Malaysia,,,,,,,,,,,
Japan,,,,,,,,,,,
China,,,,,,,,,,,
Italy,,,,,,,,,,,
Canada,,,,,,,,,,,
USA,,,,,,,,,,,
Japan,USA,,,,,,,,,,
USA,Korea,,,,,,,,,,
China,,,,,,,,,,,
Pakistan,Malaysia,,,,,,,,,,
Italy,,,,,,,,,,,
China,,,,,,,,,,,
Denmark,,,,,,,,,,,
Denmark,,,,,,,,,,,
Japan,Malaysia,,,,,,,,,,
China,,,,,,,,,,,
USA,,,,,,,,,,,
Germany,,,,,,,,,,,
India,,,,,,,,,,,
India,,,,,,,,,,,
Malaysia,,,,,,,,,,,
Japan,,,,,,,,,,,
Iran,,,,,,,,,,,
Malaysia,,,,,,,,,,,
Italy,,,,,,,,,,,
Croatia,,,,,,,,,,,
Germany,,,,,,,,,,,
Korea,,,,,,,,,,,
Japan,,,,,,,,,,,
Canada,,,,,,,,,,,
Chile,Switzerland,,,,,,,,,,
USA,,,,,,,,,,,
China,,,,,,,,,,,
Japan,Mexico,,,,,,,,,,
Singapore,,,,,,,,,,,
Germany,,,,,,,,,,,
USA,,,,,,,,,,,
Japan,,,,,,,,,,,
UK,,,,,,,,,,,
USA,,,,,,,,,,,
USA,Russia,,,,,,,,,,
USA,,,,,,,,,,,
Japan,,,,,,,,,,,
USA,China,,,,,,,,,,
Australia,,,,,,,,,,,
Ireland,,,,,,,,,,,
Italy,,,,,,,,,,,
Serbia,,,,,,,,,,,
Germany,,,,,,,,,,,
Switzerland,,,,,,,,,,,
China,,,,,,,,,,,
USA,,,,,,,,,,,
Spain,,,,,,,,,,,
USA,,,,,,,,,,,
Denmark,Brunei,,,,,,,,,,
USA,,,,,,,,,,,
Serbia,,,,,,,,,,,
Brazil,,,,,,,,,,,
Malaysia,,,,,,,,,,,
Brazil,,,,,,,,,,,
China,,,,,,,,,,,
Australia,USA,,,,,,,,,,
China,,,,,,,,,,,
Spain,Germany,,,,,,,,,,
USA,Spain,,,,,,,,,,
Turkey,,,,,,,,,,,
Singapore,,,,,,,,,,,
Italy,,,,,,,,,,,
Korea,,,,,,,,,,,
Saudi Arabia,Singapore,,,,,,,,,,
The Netherlands,Germany,,,,,,,,,,
Greece,,,,,,,,,,,
Thailand,,,,,,,,,,,
USA,,,,,,,,,,,
Japan,,,,,,,,,,,
Italy,,,,,,,,,,,
Bangladesh,USA,,,,,,,,,,
Brazil,,,,,,,,,,,
USA,,,,,,,,,,,
USA,,,,,,,,,,,
Japan,,,,,,,,,,,
Hungary,,,,,,,,,,,
UK,Poland,Italy,,,,,,,,,
USA,Germany,,,,,,,,,,
USA,,,,,,,,,,,
UK,,,,,,,,,,,
Poland,,,,,,,,,,,
Taiwan,,,,,,,,,,,
Germany,,,,,,,,,,,
USA,,,,,,,,,,,
USA,,,,,,,,,,,
China,,,,,,,,,,,
Finland,,,,,,,,,,,
USA,Austria,Canada,,,,,,,,,
USA,,,,,,,,,,,
Thailand,,,,,,,,,,,
Venezuela,,,,,,,,,,,
USA,,,,,,,,,,,
USA,,,,,,,,,,,
Finland,,,,,,,,,,,
Canada,Germany,,,,,,,,,,
Brazil,,,,,,,,,,,
Hungary,,,,,,,,,,,
USA,,,,,,,,,,,
USA,,,,,,,,,,,
Belgium,Romania,,,,,,,,,,
UK,,,,,,,,,,,
China,,,,,,,,,,,
USA,,,,,,,,,,,
Brazil,Bulgaria,Spain,,,,,,,,,
Egypt,,,,,,,,,,,
Italy,,,,,,,,,,,
USA,,,,,,,,,,,
USA,China,,,,,,,,,,
Mexico,Sweden,,,,,,,,,,
Malaysia,,,,,,,,,,,
Spain,,,,,,,,,,,
France,,,,,,,,,,,
Taiwan,,,,,,,,,,,
China,,,,,,,,,,,
Thailand,,,,,,,,,,,
USA,,,,,,,,,,,
USA,,,,,,,,,,,
Japan,Indonesia,,,,,,,,,,
Romania,,,,,,,,,,,
Poland,,,,,,,,,,,
France,UK,,,,,,,,,,
China,,,,,,,,,,,
Finland,,,,,,,,,,,
Japan,USA,Germany,,,,,,,,,
Croatia,,,,,,,,,,,
UK,China,,,,,,,,,,
Saudi Arabia,Egypt,,,,,,,,,,
USA,,,,,,,,,,,
Germany,,,,,,,,,,,
Finland,,,,,,,,,,,
USA,,,,,,,,,,,
Canada,,,,,,,,,,,
USA,Germany,Canada,,,,,,,,,
USA,,,,,,,,,,,
Malaysia,,,,,,,,,,,
Bulgaria,,,,,,,,,,,
Italy,,,,,,,,,,,
USA,Germany,,,,,,,,,,
Hungary,,,,,,,,,,,
Canada,,,,,,,,,,,
Hungary,China,,,,,,,,,,
USA,,,,,,,,,,,
USA,New Zealand,,,,,,,,,,
China,,,,,,,,,,,
Japan,,,,,,,,,,,
Greece,,,,,,,,,,,
Bangladesh,Germany,,,,,,,,,,
Ireland,,,,,,,,,,,
Canada,,,,,,,,,,,
Germany,,,,,,,,,,,
USA,,,,,,,,,,,
USA,,,,,,,,,,,
Russia,Italy,,,,,,,,,,
Japan,,,,,,,,,,,
China,,,,,,,,,,,
Japan,,,,,,,,,,,
USA,,,,,,,,,,,
Australia,,,,,,,,,,,
Malaysia,Iraq,,,,,,,,,,
Mexico,,,,,,,,,,,
Mexico,Spain,,,,,,,,,,
Germany,,,,,,,,,,,
Brazil,Argentina,,,,,,,,,,
France,USA,Germany,,,,,,,,,
Korea,,,,,,,,,,,
Korea,,,,,,,,,,,
Germany,China,,,,,,,,,,
China,,,,,,,,,,,
China,,,,,,,,,,,
Turkey,Spain,,,,,,,,,,
Switzerland,,,,,,,,,,,
USA,,,,,,,,,,,
Australia,UK,,,,,,,,,,
USA,Hong Kong,,,,,,,,,,
Cuba,,,,,,,,,,,
USA,,,,,,,,,,,
USA,,,,,,,,,,,
Japan,,,,,,,,,,,
Saudi Arabia,Australia,,,,,,,,,,
USA,,,,,,,,,,,
Spain,,,,,,,,,,,
USA,Canada,,,,,,,,,,
China,,,,,,,,,,,
France,,,,,,,,,,,
USA,,,,,,,,,,,
Australia,France,The Netherlands,Austria,Turkey,Portugal,UK,Poland,South Africa,Sweden,Spain,Italy
Australia,,,,,,,,,,,
Australia,Singapore,,,,,,,,,,
Italy,,,,,,,,,,,
China,,,,,,,,,,,
The Netherlands,,,,,,,,,,,
China,,,,,,,,,,,
Switzerland,,,,,,,,,,,
Germany,China,,,,,,,,,,
Italy,,,,,,,,,,,
India,,,,,,,,,,,
Italy,,,,,,,,,,,
Australia,Singapore,Russia,,,,,,,,,
France,,,,,,,,,,,
Korea,,,,,,,,,,,
Malaysia,USA,,,,,,,,,,
Romania,,,,,,,,,,,
USA,,,,,,,,,,,
Estonia,,,,,,,,,,,
Greece,,,,,,,,,,,
Germany,,,,,,,,,,,
Taiwan,,,,,,,,,,,
Germany,,,,,,,,,,,
USA,,,,,,,,,,,
Belgium,Italy,,,,,,,,,,
Malaysia,,,,,,,,,,,
Japan,,,,,,,,,,,
Korea,,,,,,,,,,,
Japan,,,,,,,,,,,
Brazil,,,,,,,,,,,
Brazil,,,,,,,,,,,
Malaysia,Iraq,,,,,,,,,,
Portugal,,,,,,,,,,,
Turkey,,,,,,,,,,,
Japan,China,,,,,,,,,,
Italy,,,,,,,,,,,
China,,,,,,,,,,,
Japan,,,,,,,,,,,
USA,Germany,,,,,,,,,,
USA,,,,,,,,,,,
USA,,,,,,,,,,,
France,USA,,,,,,,,,,
Australia,UK,,,,,,,,,,
UK,,,,,,,,,,,
France,USA,Spain,,,,,,,,,
Poland,,,,,,,,,,,
USA,,,,,,,,,,,
Switzerland,Germany,,,,,,,,,,
Brazil,,,,,,,,,,,
Malaysia,,,,,,,,,,,
China,,,,,,,,,,,
Japan,,,,,,,,,,,
China,,,,,,,,,,,
Japan,,,,,,,,,,,
Saudi Arabia,,,,,,,,,,,
China,,,,,,,,,,,
Sweden,,,,,,,,,,,
Sweden,,,,,,,,,,,
Australia,,,,,,,,,,,
Korea,,,,,,,,,,,
Korea,,,,,,,,,,,
Malaysia,,,,,,,,,,,
Japan,,,,,,,,,,,
USA,,,,,,,,,,,
Korea,China,,,,,,,,,,
USA,,,,,,,,,,,
France,,,,,,,,,,,
China,,,,,,,,,,,
Romania,,,,,,,,,,,
Italy,,,,,,,,,,,
Thailand,,,,,,,,,,,
China,,,,,,,,,,,
China,,,,,,,,,,,
USA,,,,,,,,,,,
UK,China,,,,,,,,,,
Taiwan,,,,,,,,,,,
China,,,,,,,,,,,
China,,,,,,,,,,,
Turkey,,,,,,,,,,,
The Netherlands,,,,,,,,,,,
Malaysia,,,,,,,,,,,
Spain,,,,,,,,,,,
Germany,,,,,,,,,,,
USA,Germany,,,,,,,,,,
Spain,,,,,,,,,,,
USA,,,,,,,,,,,
USA,,,,,,,,,,,
USA,,,,,,,,,,,
France,USA,,,,,,,,,,
Canada,,,,,,,,,,,
Germany,,,,,,,,,,,
India,,,,,,,,,,,
India,,,,,,,,,,,
India,,,,,,,,,,,
USA,,,,,,,,,,,
Taiwan,,,,,,,,,,,
Taiwan,,,,,,,,,,,
China,,,,,,,,,,,
Hungary,,,,,,,,,,,
Canada,,,,,,,,,,,
China,,,,,,,,,,,
USA,,,,,,,,,,,
Spain,,,,,,,,,,,
Germany,,,,,,,,,,,
Malaysia,,,,,,,,,,,
South Africa,,,,,,,,,,,
China,,,,,,,,,,,
Serbia,,,,,,,,,,,
Malaysia,,,,,,,,,,,
Mexico,,,,,,,,,,,
China,,,,,,,,,,,
Romania,Cameroon,,,,,,,,,,
USA,,,,,,,,,,,
Korea,,,,,,,,,,,
Greece,,,,,,,,,,,
Japan,,,,,,,,,,,
USA,,,,,,,,,,,
Mexico,,,,,,,,,,,
USA,,,,,,,,,,,
France,USA,,,,,,,,,,
USA,,,,,,,,,,,
Finland,,,,,,,,,,,
Denmark,Sweden,,,,,,,,,,
China,,,,,,,,,,,
France,Malaysia,,,,,,,,,,
China,,,,,,,,,,,
Korea,,,,,,,,,,,
Mexico,,,,,,,,,,,
Egypt,,,,,,,,,,,
Switzerland,,,,,,,,,,,
Malaysia,,,,,,,,,,,
Italy,,,,,,,,,,,
China,,,,,,,,,,,
China,,,,,,,,,,,
Switzerland,,,,,,,,,,,
Brazil,,,,,,,,,,,
New Zealand,Germany,,,,,,,,,,
France,Spain,,,,,,,,,,
UK,,,,,,,,,,,
Japan,USA,,,,,,,,,,
Japan,,,,,,,,,,,
China,,,,,,,,,,,
China,,,,,,,,,,,
Poland,,,,,,,,,,,
Turkey,,,,,,,,,,,
Canada,,,,,,,,,,,
Saudi Arabia,,,,,,,,,,,
China,,,,,,,,,,,
Japan,,,,,,,,,,,
China,,,,,,,,,,,
Korea,,,,,,,,,,,
Chile,,,,,,,,,,,
USA,,,,,,,,,,,
Sweden,,,,,,,,,,,
Ireland,,,,,,,,,,,
USA,,,,,,,,,,,
USA,,,,,,,,,,,
USA,,,,,,,,,,,
USA,,,,,,,,,,,
Spain,,,,,,,,,,,
USA,,,,,,,,,,,
Japan,,,,,,,,,,,
Germany,,,,,,,,,,,
Hungary,,,,,,,,,,,
USA,,,,,,,,,,,
Canada,China,,,,,,,,,,
Malaysia,,,,,,,,,,,
China,,,,,,,,,,,
Czech Republic,,,,,,,,,,,
Korea,,,,,,,,,,,
The Netherlands,Canada,,,,,,,,,,
USA,The Netherlands,Germany,,,,,,,,,
China,,,,,,,,,,,
Turkey,,,,,,,,,,,
Turkey,,,,,,,,,,,
Turkey,,,,,,,,,,,
Turkey,,,,,,,,,,,
Turkey,,,,,,,,,,,
Turkey,,,,,,,,,,,
Turkey,,,,,,,,,,,
Turkey,,,,,,,,,,,
Iran,,,,,,,,,,,
Turkey,,,,,,,,,,,
Turkey,,,,,,,,,,,
Turkey,,,,,,,,,,,
Turkey,,,,,,,,,,,
Turkey,,,,,,,,,,,
Turkey,,,,,,,,,,,
China,,,,,,,,,,,
Taiwan,,,,,,,,,,,
Taiwan,,,,,,,,,,,
Canada,,,,,,,,,,,
USA,,,,,,,,,,,
Spain,,,,,,,,,,,
Taiwan,,,,,,,,,,,
China,,,,,,,,,,,
Slovenia,,,,,,,,,,,
Brazil,,,,,,,,,,,
Pakistan,,,,,,,,,,,
Poland,,,,,,,,,,,
The Netherlands,,,,,,,,,,,
Korea,,,,,,,,,,,
Japan,,,,,,,,,,,
USA,,,,,,,,,,,
USA,,,,,,,,,,,
USA,China,,,,,,,,,,
USA,Burkina Faso,,,,,,,,,,
USA,,,,,,,,,,,
USA,,,,,,,,,,,
UK,Bosnia and Herzegovina,,,,,,,,,,
India,USA,China,,,,,,,,,
Taiwan,,,,,,,,,,,
Spain,,,,,,,,,,,
Taiwan,,,,,,,,,,,
UK,,,,,,,,,,,
Portugal,USA,UK,,,,,,,,,
Germany,,,,,,,,,,,
The Netherlands,,,,,,,,,,,
Australia,USA,,,,,,,,,,
Hungary,,,,,,,,,,,
UK,,,,,,,,,,,
USA,,,,,,,,,,,
Taiwan,,,,,,,,,,,
Malaysia,,,,,,,,,,,
Spain,,,,,,,,,,,
France,,,,,,,,,,,
Norway,New Zealand,,,,,,,,,,
USA,China,,,,,,,,,,
Norway,,,,,,,,,,,
Thailand,,,,,,,,,,,
USA,,,,,,,,,,,
USA,,,,,,,,,,,
Korea,,,,,,,,,,,
Finland,,,,,,,,,,,
Egypt,,,,,,,,,,,
India,,,,,,,,,,,
India,,,,,,,,,,,
India,,,,,,,,,,,
Argentina,,,,,,,,,,,
India,,,,,,,,,,,
Thailand,,,,,,,,,,,
Finland,,,,,,,,,,,
China,,,,,,,,,,,
Croatia,,,,,,,,,,,
USA,,,,,,,,,,,
USA,,,,,,,,,,,
USA,China,,,,,,,,,,
USA,,,,,,,,,,,
China,,,,,,,,,,,
USA,,,,,,,,,,,
Mexico,Spain,,,,,,,,,,
USA,,,,,,,,,,,
South Africa,Cameroon,,,,,,,,,,
USA,,,,,,,,,,,
China,,,,,,,,,,,
Italy,,,,,,,,,,,
China,,,,,,,,,,,
Taiwan,,,,,,,,,,,
Korea,,,,,,,,,,,
Italy,,,,,,,,,,,
Korea,,,,,,,,,,,
China,,,,,,,,,,,
China,,,,,,,,,,,
Italy,,,,,,,,,,,
Taiwan,,,,,,,,,,,
Malaysia,,,,,,,,,,,
China,,,,,,,,,,,
Austria,,,,,,,,,,,
USA,Israel,,,,,,,,,,
Korea,,,,,,,,,,,
USA,,,,,,,,,,,
Spain,,,,,,,,,,,
Germany,,,,,,,,,,,
Japan,,,,,,,,,,,
France,,,,,,,,,,,
Hungary,,,,,,,,,,,
Greece,Tunisia,,,,,,,,,,
Denmark,China,,,,,,,,,,
Canada,,,,,,,,,,,
China,,,,,,,,,,,
Italy,,,,,,,,,,,
Japan,,,,,,,,,,,
Poland,,,,,,,,,,,
China,,,,,,,,,,,
Sudan,,,,,,,,,,,
Germany,,,,,,,,,,,
Belgium,,,,,,,,,,,
USA,,,,,,,,,,,
Finland,,,,,,,,,,,
Japan,,,,,,,,,,,
Argentina,,,,,,,,,,,
China,,,,,,,,,,,
Japan,,,,,,,,,,,
Canada,China,,,,,,,,,,
USA,,,,,,,,,,,
USA,,,,,,,,,,,
France,,,,,,,,,,,
Germany,,,,,,,,,,,
USA,,,,,,,,,,,
Australia,,,,,,,,,,,
Malaysia,Pakistan,,,,,,,,,,
Switzerland,,,,,,,,,,,
USA,,,,,,,,,,,
Spain,,,,,,,,,,,
USA,Singapore,,,,,,,,,,
USA,,,,,,,,,,,
Mexico,,,,,,,,,,,
USA,UK,,,,,,,,,,
Spain,,,,,,,,,,,
Germany,,,,,,,,,,,
USA,,,,,,,,,,,
Kuwait,,,,,,,,,,,
Greece,,,,,,,,,,,
Germany,Canada,,,,,,,,,,
Italy,,,,,,,,,,,
Malaysia,,,,,,,,,,,
China,,,,,,,,,,,
Argentina,Belgium,,,,,,,,,,
Japan,,,,,,,,,,,
Australia,,,,,,,,,,,
Australia,,,,,,,,,,,
USA,,,,,,,,,,,
France,,,,,,,,,,,
Belgium,Slovenia,Croatia,Bosnia and Herzegovina,,,,,,,,
Japan,,,,,,,,,,,
Japan,,,,,,,,,,,
China,,,,,,,,,,,
UK,,,,,,,,,,,
USA,,,,,,,,,,,
USA,,,,,,,,,,,
Japan,USA,,,,,,,,,,
Canada,,,,,,,,,,,
Finland,,,,,,,,,,,
India,,,,,,,,,,,
India,,,,,,,,,,,
Argentina,,,,,,,,,,,
USA,,,,,,,,,,,
USA,,,,,,,,,,,
Hungary,Denmark,,,,,,,,,,
USA,,,,,,,,,,,
Belgium,,,,,,,,,,,
China,,,,,,,,,,,
Poland,,,,,,,,,,,
Finland,Romania,,,,,,,,,,
Germany,,,,,,,,,,,
Japan,,,,,,,,,,,
Spain,,,,,,,,,,,
Taiwan,Canada,,,,,,,,,,
Korea,,,,,,,,,,,
Japan,,,,,,,,,,,
Spain,,,,,,,,,,,
Switzerland,Cameroon,,,,,,,,,,
UK,,,,,,,,,,,
USA,China,,,,,,,,,,
Germany,,,,,,,,,,,
USA,,,,,,,,,,,
Mexico,,,,,,,,,,,
China,,,,,,,,,,,
USA,,,,,,,,,,,
USA,,,,,,,,,,,
Japan,Thailand,,,,,,,,,,
Japan,,,,,,,,,,,
Germany,,,,,,,,,,,
USA,,,,,,,,,,,
Iran,,,,,,,,,,,
China,,,,,,,,,,,
Brazil,,,,,,,,,,,
Italy,,,,,,,,,,,
Italy,,,,,,,,,,,
China,,,,,,,,,,,
Israel,,,,,,,,,,,
USA,,,,,,,,,,,
Germany,,,,,,,,,,,
USA,,,,,,,,,,,
The Netherlands,,,,,,,,,,,
USA,,,,,,,,,,,
China,,,,,,,,,,,
Japan,,,,,,,,,,,
China,Germany,,,,,,,,,,
Korea,,,,,,,,,,,
Japan,,,,,,,,,,,
USA,,,,,,,,,,,
Mexico,,,,,,,,,,,
Japan,,,,,,,,,,,
Poland,,,,,,,,,,,
Spain,Morocco,,,,,,,,,,
Mexico,USA,,,,,,,,,,
Italy,,,,,,,,,,,
Taiwan,,,,,,,,,,,
Canada,,,,,,,,,,,
Brazil,,,,,,,,,,,
Hungary,,,,,,,,,,,
Germany,,,,,,,,,,,
France,USA,,,,,,,,,,
USA,,,,,,,,,,,
USA,,,,,,,,,,,
USA,,,,,,,,,,,
UK,,,,,,,,,,,
Canada,,,,,,,,,,,
Australia,New Zealand,,,,,,,,,,
USA,,,,,,,,,,,
China,,,,,,,,,,,
USA,China,,,,,,,,,,
USA,,,,,,,,,,,
Italy,,,,,,,,,,,
South Africa,Nigeria,,,,,,,,,,
Switzerland,,,,,,,,,,,
USA,,,,,,,,,,,
USA,,,,,,,,,,,
China,,,,,,,,,,,
Mexico,,,,,,,,,,,
USA,,,,,,,,,,,
USA,,,,,,,,,,,
USA,,,,,,,,,,,
Japan,USA,Germany,,,,,,,,,
Taiwan,,,,,,,,,,,
USA,Germany,,,,,,,,,,
Taiwan,,,,,,,,,,,
Switzerland,China,,,,,,,,,,
South Africa,,,,,,,,,,,
Italy,,,,,,,,,,,
USA,,,,,,,,,,,
China,,,,,,,,,,,
USA,,,,,,,,,,,
Thailand,,,,,,,,,,,
Spain,,,,,,,,,,,
USA,Spain,,,,,,,,,,
USA,,,,,,,,,,,
Singapore,,,,,,,,,,,
Japan,,,,,,,,,,,
USA,,,,,,,,,,,
France,,,,,,,,,,,
Cyprus,UK,,,,,,,,,,
The Netherlands,Slovenia,,,,,,,,,,
Austria,Germany,,,,,,,,,,
Spain,,,,,,,,,,,
Spain,,,,,,,,,,,
UK,,,,,,,,,,,
UK,,,,,,,,,,,
Korea,,,,,,,,,,,
Sweden,,,,,,,,,,,
Germany,,,,,,,,,,,
China,,,,,,,,,,,
Brazil,,,,,,,,,,,
India,Singapore,,,,,,,,,,
Romania,,,,,,,,,,,
Italy,,,,,,,,,,,
Malaysia,,,,,,,,,,,
Germany,,,,,,,,,,,
China,,,,,,,,,,,
Australia,Thailand,,,,,,,,,,
USA,China,,,,,,,,,,
China,,,,,,,,,,,
China,Brazil,Italy,,,,,,,,,
USA,,,,,,,,,,,
France,,,,,,,,,,,
Japan,Germany,,,,,,,,,,
USA,Germany,,,,,,,,,,
USA,,,,,,,,,,,
Finland,,,,,,,,,,,
Italy,,,,,,,,,,,
Taiwan,,,,,,,,,,,
USA,,,,,,,,,,,
Norway,Germany,,,,,,,,,,
China,,,,,,,,,,,
China,,,,,,,,,,,
The Netherlands,,,,,,,,,,,
Australia,,,,,,,,,,,
Taiwan,,,,,,,,,,,
USA,,,,,,,,,,,
USA,,,,,,,,,,,
Taiwan,,,,,,,,,,,
Korea,,,,,,,,,,,
France,Morocco,,,,,,,,,,
USA,Canada,,,,,,,,,,
Poland,,,,,,,,,,,
Japan,USA,,,,,,,,,,
Japan,Canada,,,,,,,,,,
Taiwan,,,,,,,,,,,
Italy,,,,,,,,,,,
India,,,,,,,,,,,
India,,,,,,,,,,,
Brazil,USA,,,,,,,,,,
Thailand,,,,,,,,,,,
Romania,,,,,,,,,,,
Spain,,,,,,,,,,,
Japan,,,,,,,,,,,
USA,,,,,,,,,,,
Malaysia,,,,,,,,,,,
Spain,,,,,,,,,,,
China,,,,,,,,,,,
Germany,,,,,,,,,,,
China,,,,,,,,,,,
USA,Canada,,,,,,,,,,
Australia,,,,,,,,,,,
China,,,,,,,,,,,
Korea,,,,,,,,,,,
USA,,,,,,,,,,,
China,,,,,,,,,,,
China,,,,,,,,,,,
Saudi Arabia,Egypt,,,,,,,,,,
Japan,,,,,,,,,,,
Japan,,,,,,,,,,,
Bulgaria,Sweden,,,,,,,,,,
China,,,,,,,,,,,
India,,,,,,,,,,,
China,,,,,,,,,,,
New Zealand,,,,,,,,,,,
Germany,,,,,,,,,,,
Finland,,,,,,,,,,,
Japan,,,,,,,,,,,
Germany,UK,Korea,,,,,,,,,
China,,,,,,,,,,,
Romania,Bulgaria,UK,,,,,,,,,
USA,Iran,,,,,,,,,,
France,,,,,,,,,,,
Cuba,,,,,,,,,,,
Saudi Arabia,Egypt,,,,,,,,,,
Australia,Austria,,,,,,,,,,
Malaysia,Italy,,,,,,,,,,
USA,,,,,,,,,,,
Japan,,,,,,,,,,,
Taiwan,,,,,,,,,,,
Malaysia,UK,,,,,,,,,,
Spain,,,,,,,,,,,
France,,,,,,,,,,,
Korea,,,,,,,,,,,
Taiwan,,,,,,,,,,,
USA,,,,,,,,,,,
China,,,,,,,,,,,
USA,,,,,,,,,,,
Japan,,,,,,,,,,,
Germany,,,,,,,,,,,
China,,,,,,,,,,,
UK,China,,,,,,,,,,
Japan,,,,,,,,,,,
Germany,,,,,,,,,,,
New Zealand,,,,,,,,,,,
India,,,,,,,,,,,
Australia,,,,,,,,,,,
Malaysia,,,,,,,,,,,
Luxembourg,,,,,,,,,,,
France,Vietnam,,,,,,,,,,
China,,,,,,,,,,,
Romania,,,,,,,,,,,
Spain,,,,,,,,,,,
UK,China,,,,,,,,,,
USA,,,,,,,,,,,
UK,,,,,,,,,,,
Brazil,,,,,,,,,,,
Mexico,Russia,,,,,,,,,,
China,,,,,,,,,,,
UK,Switzerland,,,,,,,,,,
USA,Nigeria,,,,,,,,,,
Canada,,,,,,,,,,,
USA,China,,,,,,,,,,
France,,,,,,,,,,,
Australia,Germany,Italy,,,,,,,,,
Japan,,,,,,,,,,,
Malaysia,,,,,,,,,,,
France,,,,,,,,,,,
Malaysia,,,,,,,,,,,
Chile,The Netherlands,Belgium,Kenya,,,,,,,,
Canada,,,,,,,,,,,
USA,UK,,,,,,,,,,
Spain,,,,,,,,,,,
Sweden,,,,,,,,,,,
Germany,,,,,,,,,,,
Norway,,,,,,,,,,,
Korea,,,,,,,,,,,
Canada,,,,,,,,,,,
USA,,,,,,,,,,,
Malaysia,,,,,,,,,,,
China,,,,,,,,,,,
Brazil,,,,,,,,,,,
USA,,,,,,,,,,,
China,,,,,,,,,,,
Japan,,,,,,,,,,,
Australia,New Zealand,,,,,,,,,,
Turkey,,,,,,,,,,,
Japan,,,,,,,,,,,
Taiwan,UK,Germany,Japan,USA,,,,,,,
Egypt,,,,,,,,,,,
Korea,China,,,,,,,,,,
Czech Republic,,,,,,,,,,,
China,,,,,,,,,,,
Korea,,,,,,,,,,,
Malaysia,,,,,,,,,,,
UK,Kenya,,,,,,,,,,
USA,,,,,,,,,,,
South Africa,,,,,,,,,,,
Italy,,,,,,,,,,,
USA,,,,,,,,,,,
USA,,,,,,,,,,,
Italy,,,,,,,,,,,
Germany,,,,,,,,,,,
USA,,,,,,,,,,,
Saudi Arabia,,,,,,,,,,,
China,,,,,,,,,,,
Serbia,,,,,,,,,,,
Taiwan,,,,,,,,,,,
Korea,,,,,,,,,,,
Finland,The Netherlands,,,,,,,,,,
Italy,,,,,,,,,,,
USA,,,,,,,,,,,
Korea,,,,,,,,,,,
Ireland,,,,,,,,,,,
Portugal,,,,,,,,,,,
Japan,,,,,,,,,,,
China,,,,,,,,,,,
Brazil,USA,,,,,,,,,,
Japan,,,,,,,,,,,
Finland,,,,,,,,,,,
Portugal,Spain,,,,,,,,,,
Germany,,,,,,,,,,,
Japan,,,,,,,,,,,
USA,Taiwan,,,,,,,,,,
Italy,,,,,,,,,,,
USA,China,,,,,,,,,,
The Netherlands,,,,,,,,,,,
USA,China,,,,,,,,,,
USA,,,,,,,,,,,
Sweden,,,,,,,,,,,
India,,,,,,,,,,,
USA,,,,,,,,,,,
USA,China,,,,,,,,,,
USA,,,,,,,,,,,
USA,,,,,,,,,,,
France,Canada,,,,,,,,,,
USA,,,,,,,,,,,
USA,,,,,,,,,,,
Korea,,,,,,,,,,,
Korea,,,,,,,,,,,
China,,,,,,,,,,,
China,,,,,,,,,,,
USA,China,,,,,,,,,,
Denmark,USA,,,,,,,,,,
China,,,,,,,,,,,
China,,,,,,,,,,,
China,,,,,,,,,,,
USA,,,,,,,,,,,
USA,,,,,,,,,,,
France,,,,,,,,,,,
USA,,,,,,,,,,,
Italy,,,,,,,,,,,
USA,,,,,,,,,,,
China,,,,,,,,,,,
USA,,,,,,,,,,,
USA,,,,,,,,,,,
Malaysia,,,,,,,,,,,
Mexico,,,,,,,,,,,
Australia,,,,,,,,,,,
USA,,,,,,,,,,,
USA,,,,,,,,,,,
USA,,,,,,,,,,,
Italy,,,,,,,,,,,
France,,,,,,,,,,,
USA,,,,,,,,,,,
UK,,,,,,,,,,,
USA,,,,,,,,,,,
USA,,,,,,,,,,,
China,,,,,,,,,,,
USA,,,,,,,,,,,
Mexico,,,,,,,,,,,
USA,,,,,,,,,,,
China,,,,,,,,,,,
USA,,,,,,,,,,,
Italy,,,,,,,,,,,
China,,,,,,,,,,,
USA,,,,,,,,,,,
Germany,,,,,,,,,,,
USA,Germany,,,,,,,,,,
France,Turkey,Belgium,Czech Republic,The Netherlands,China,Italy,,,,,
Italy,,,,,,,,,,,
Saudi Arabia,,,,,,,,,,,
Portugal,,,,,,,,,,,
Poland,,,,,,,,,,,
Bulgaria,Germany,,,,,,,,,,
UK,,,,,,,,,,,
USA,,,,,,,,,,,
USA,,,,,,,,,,,
Czech Republic,Slovakia,,,,,,,,,,
China,,,,,,,,,,,
Kuwait,,,,,,,,,,,
France,Italy,,,,,,,,,,
USA,Italy,,,,,,,,,,
Japan,,,,,,,,,,,
USA,,,,,,,,,,,
USA,Singapore,,,,,,,,,,
Japan,China,,,,,,,,,,
USA,,,,,,,,,,,
Saudi Arabia,,,,,,,,,,,
USA,,,,,,,,,,,
USA,,,,,,,,,,,
Germany,,,,,,,,,,,
Spain,Italy,,,,,,,,,,
Saudi Arabia,,,,,,,,,,,
Finland,,,,,,,,,,,
USA,,,,,,,,,,,
Canada,,,,,,,,,,,
Korea,,,,,,,,,,,
Belgium,,,,,,,,,,,
France,,,,,,,,,,,
Canada,,,,,,,,,,,
USA,,,,,,,,,,,
UK,,,,,,,,,,,
Canada,,,,,,,,,,,
Korea,,,,,,,,,,,
USA,,,,,,,,,,,
China,,,,,,,,,,,
Germany,Croatia,Switzerland,Slovenia,,,,,,,,
China,,,,,,,,,,,
Brazil,,,,,,,,,,,
China,,,,,,,,,,,
Turkey,,,,,,,,,,,
Belgium,,,,,,,,,,,
Australia,,,,,,,,,,,
Italy,,,,,,,,,,,
Denmark,Estonia,,,,,,,,,,
Taiwan,,,,,,,,,,,
USA,,,,,,,,,,,
UK,,,,,,,,,,,
Germany,,,,,,,,,,,
USA,,,,,,,,,,,
Japan,,,,,,,,,,,
Japan,,,,,,,,,,,
Spain,,,,,,,,,,,
China,,,,,,,,,,,
USA,,,,,,,,,,,
Canada,,,,,,,,,,,
Malaysia,,,,,,,,,,,
Brazil,,,,,,,,,,,
China,,,,,,,,,,,
USA,,,,,,,,,,,
Switzerland,,,,,,,,,,,
Japan,,,,,,,,,,,
Japan,,,,,,,,,,,
Malaysia,,,,,,,,,,,
Austria,,,,,,,,,,,
France,Saudi Arabia,Tunisia,,,,,,,,,
USA,Spain,,,,,,,,,,
USA,,,,,,,,,,,
USA,,,,,,,,,,,
UK,,,,,,,,,,,
USA,,,,,,,,,,,
Switzerland,Germany,,,,,,,,,,
Taiwan,China,,,,,,,,,,
Italy,,,,,,,,,,,
China,,,,,,,,,,,
China,,,,,,,,,,,
USA,,,,,,,,,,,
Germany,,,,,,,,,,,
USA,,,,,,,,,,,
Taiwan,,,,,,,,,,,
Spain,,,,,,,,,,,
USA,,,,,,,,,,,
Germany,,,,,,,,,,,
USA,,,,,,,,,,,
USA,,,,,,,,,,,
USA,,,,,,,,,,,
USA,,,,,,,,,,,
USA,,,,,,,,,,,
China,,,,,,,,,,,
USA,,,,,,,,,,,
France,Belgium,,,,,,,,,,
The Netherlands,,,,,,,,,,,
France,USA,,,,,,,,,,
Saudi Arabia,Egypt,,,,,,,,,,
Mexico,,,,,,,,,,,
USA,,,,,,,,,,,
USA,,,,,,,,,,,
Japan,,,,,,,,,,,
Spain,,,,,,,,,,,
USA,,,,,,,,,,,
Finland,,,,,,,,,,,
UK,,,,,,,,,,,
Singapore,China,,,,,,,,,,
Germany,,,,,,,,,,,
USA,,,,,,,,,,,
Italy,,,,,,,,,,,
France,Lebanon,,,,,,,,,,
China,,,,,,,,,,,
USA,,,,,,,,,,,
Spain,,,,,,,,,,,
Japan,,,,,,,,,,,
UK,,,,,,,,,,,
Poland,,,,,,,,,,,
USA,Korea,,,,,,,,,,
USA,,,,,,,,,,,
Japan,,,,,,,,,,,
USA,,,,,,,,,,,
USA,,,,,,,,,,,
USA,,,,,,,,,,,
USA,,,,,,,,,,,
USA,,,,,,,,,,,
USA,,,,,,,,,,,
Australia,Thailand,USA,Canada,,,,,,,,
Japan,,,,,,,,,,,
UK,,,,,,,,,,,
Taiwan,,,,,,,,,,,
USA,Taiwan,,,,,,,,,,
Taiwan,,,,,,,,,,,
USA,,,,,,,,,,,
Pakistan,UK,,,,,,,,,,
South Africa,,,,,,,,,,,
China,,,,,,,,,,,
China,,,,,,,,,,,
South Africa,,,,,,,,,,,
Korea,,,,,,,,,,,
Canada,,,,,,,,,,,
Austria,,,,,,,,,,,
China,,,,,,,,,,,
China,,,,,,,,,,,
USA,,,,,,,,,,,
Taiwan,,,,,,,,,,,
Taiwan,,,,,,,,,,,
Brazil,,,,,,,,,,,
USA,,,,,,,,,,,
USA,Taiwan,,,,,,,,,,
Korea,,,,,,,,,,,
Italy,,,,,,,,,,,
China,,,,,,,,,,,
USA,,,,,,,,,,,
Japan,,,,,,,,,,,
USA,,,,,,,,,,,
Korea,,,,,,,,,,,
Taiwan,,,,,,,,,,,
China,,,,,,,,,,,
USA,,,,,,,,,,,
Taiwan,,,,,,,,,,,
China,,,,,,,,,,,
Brazil,,,,,,,,,,,
USA,,,,,,,,,,,
UK,Italy,,,,,,,,,,
Taiwan,,,,,,,,,,,
USA,,,,,,,,,,,
UK,,,,,,,,,,,
Switzerland,,,,,,,,,,,
Taiwan,,,,,,,,,,,
Taiwan,,,,,,,,,,,
China,,,,,,,,,,,
Spain,,,,,,,,,,,
Taiwan,,,,,,,,,,,
China,,,,,,,,,,,
USA,China,,,,,,,,,,
Japan,,,,,,,,,,,
South Africa,,,,,,,,,,,
Belgium,,,,,,,,,,,
China,,,,,,,,,,,
Canada,,,,,,,,,,,
China,,,,,,,,,,,
Spain,,,,,,,,,,,
The Netherlands,China,,,,,,,,,,
UK,,,,,,,,,,,
Brazil,,,,,,,,,,,
Japan,USA,,,,,,,,,,
Hungary,,,,,,,,,,,
USA,,,,,,,,,,,
Italy,,,,,,,,,,,
France,,,,,,,,,,,
China,,,,,,,,,,,
Japan,,,,,,,,,,,
Australia,,,,,,,,,,,
Korea,,,,,,,,,,,
USA,,,,,,,,,,,
USA,China,,,,,,,,,,
United Arab Emirates,Mexico,USA,,,,,,,,,
China,,,,,,,,,,,
Saudi Arabia,,,,,,,,,,,
USA,,,,,,,,,,,
Japan,Indonesia,,,,,,,,,,
UK,,,,,,,,,,,
Germany,,,,,,,,,,,
China,,,,,,,,,,,
UK,,,,,,,,,,,
Canada,,,,,,,,,,,
Italy,,,,,,,,,,,
Japan,Italy,,,,,,,,,,
Japan,,,,,,,,,,,
Japan,,,,,,,,,,,
Thailand,,,,,,,,,,,
Brazil,,,,,,,,,,,
China,,,,,,,,,,,
Spain,,,,,,,,,,,
Spain,,,,,,,,,,,
Taiwan,China,,,,,,,,,,
Japan,,,,,,,,,,,
Taiwan,,,,,,,,,,,
USA,Korea,,,,,,,,,,
Spain,,,,,,,,,,,
Poland,UK,,,,,,,,,,
Germany,,,,,,,,,,,
Spain,,,,,,,,,,,
France,,,,,,,,,,,
China,,,,,,,,,,,
Belgium,,,,,,,,,,,
UK,,,,,,,,,,,
Turkey,,,,,,,,,,,
Malaysia,,,,,,,,,,,
Turkey,,,,,,,,,,,
Germany,,,,,,,,,,,
Mexico,,,,,,,,,,,
China,,,,,,,,,,,
Chile,,,,,,,,,,,
Japan,,,,,,,,,,,
China,,,,,,,,,,,
South Africa,,,,,,,,,,,
Taiwan,,,,,,,,,,,
USA,,,,,,,,,,,
Spain,,,,,,,,,,,
Norway,,,,,,,,,,,
Turkey,,,,,,,,,,,
Jordan,,,,,,,,,,,
Czech Republic,,,,,,,,,,,
Mexico,Spain,,,,,,,,,,
Sweden,,,,,,,,,,,
China,,,,,,,,,,,
Austria,,,,,,,,,,,
Japan,,,,,,,,,,,
France,,,,,,,,,,,
Japan,China,,,,,,,,,,
Australia,,,,,,,,,,,
France,Japan,,,,,,,,,,
Taiwan,,,,,,,,,,,
USA,,,,,,,,,,,
USA,,,,,,,,,,,
Korea,,,,,,,,,,,
Argentina,Spain,Brazil,,,,,,,,,
Poland,,,,,,,,,,,
Poland,,,,,,,,,,,
USA,,,,,,,,,,,
Brazil,,,,,,,,,,,
Canada,,,,,,,,,,,
New Zealand,,,,,,,,,,,
Sweden,,,,,,,,,,,
Taiwan,,,,,,,,,,,
USA,,,,,,,,,,,
USA,,,,,,,,,,,
Taiwan,,,,,,,,,,,
USA,,,,,,,,,,,
The Netherlands,,,,,,,,,,,
China,,,,,,,,,,,
USA,Korea,,,,,,,,,,
Switzerland,USA,UK,,,,,,,,,
Saudi Arabia,Egypt,Germany,,,,,,,,,
France,,,,,,,,,,,
Poland,,,,,,,,,,,
USA,,,,,,,,,,,
Greece,,,,,,,,,,,
Italy,,,,,,,,,,,
USA,,,,,,,,,,,
Germany,,,,,,,,,,,
Korea,,,,,,,,,,,
Brazil,,,,,,,,,,,
USA,,,,,,,,,,,
USA,,,,,,,,,,,
Singapore,UK,Korea,,,,,,,,,
China,,,,,,,,,,,
Taiwan,,,,,,,,,,,
Malaysia,,,,,,,,,,,
Japan,,,,,,,,,,,
Spain,Italy,,,,,,,,,,
Japan,,,,,,,,,,,
Spain,,,,,,,,,,,
Saudi Arabia,Korea,,,,,,,,,,
Ukraine,Germany,,,,,,,,,,
Germany,,,,,,,,,,,
USA,,,,,,,,,,,
Japan,USA,,,,,,,,,,
Taiwan,,,,,,,,,,,
South Africa,Switzerland,Germany,,,,,,,,,
China,,,,,,,,,,,
Australia,Spain,Austria,,,,,,,,,
Austria,,,,,,,,,,,
Cyprus,,,,,,,,,,,
Italy,,,,,,,,,,,
Kyrgyzstan,Austria,,,,,,,,,,
New Zealand,China,,,,,,,,,,
Japan,,,,,,,,,,,
Australia,,,,,,,,,,,
Denmark,,,,,,,,,,,
Malaysia,,,,,,,,,,,
China,,,,,,,,,,,
Taiwan,,,,,,,,,,,
Spain,,,,,,,,,,,
Malaysia,,,,,,,,,,,
Thailand,,,,,,,,,,,
China,,,,,,,,,,,
Germany,China,,,,,,,,,,
USA,,,,,,,,,,,
Brazil,,,,,,,,,,,
Switzerland,,,,,,,,,,,
Japan,China,,,,,,,,,,
USA,China,,,,,,,,,,
Japan,China,,,,,,,,,,
Serbia,,,,,,,,,,,
New Zealand,Canada,,,,,,,,,,
Belgium,,,,,,,,,,,
Malaysia,,,,,,,,,,,
China,,,,,,,,,,,
Belgium,,,,,,,,,,,
USA,,,,,,,,,,,
Greece,Singapore,,,,,,,,,,
Malaysia,,,,,,,,,,,
China,,,,,,,,,,,
Spain,,,,,,,,,,,
Germany,,,,,,,,,,,
India,,,,,,,,,,,
USA,,,,,,,,,,,
USA,,,,,,,,,,,
USA,Spain,,,,,,,,,,
Brazil,,,,,,,,,,,
Sweden,Italy,,,,,,,,,,
China,,,,,,,,,,,
Japan,,,,,,,,,,,
USA,UK,,,,,,,,,,
The Netherlands,,,,,,,,,,,
Brazil,,,,,,,,,,,
USA,,,,,,,,,,,
Philippines,,,,,,,,,,,
Taiwan,,,,,,,,,,,
USA,,,,,,,,,,,
USA,,,,,,,,,,,
USA,China,,,,,,,,,,
Japan,,,,,,,,,,,
China,,,,,,,,,,,
Australia,,,,,,,,,,,
Denmark,Estonia,,,,,,,,,,
USA,,,,,,,,,,,
South Africa,,,,,,,,,,,
China,,,,,,,,,,,
United Arab Emirates,,,,,,,,,,,
Portugal,,,,,,,,,,,
Italy,,,,,,,,,,,
Norway,,,,,,,,,,,
UK,,,,,,,,,,,
Poland,,,,,,,,,,,
France,Switzerland,,,,,,,,,,
Japan,,,,,,,,,,,
Japan,USA,,,,,,,,,,
USA,,,,,,,,,,,
Sweden,,,,,,,,,,,
Spain,,,,,,,,,,,
Sweden,,,,,,,,,,,
China,,,,,,,,,,,
China,,,,,,,,,,,
Jordan,,,,,,,,,,,
USA,Israel,,,,,,,,,,
USA,,,,,,,,,,,
Japan,Indonesia,,,,,,,,,,
China,,,,,,,,,,,
Japan,,,,,,,,,,,
USA,,,,,,,,,,,
USA,,,,,,,,,,,
Canada,,,,,,,,,,,
China,,,,,,,,,,,
USA,,,,,,,,,,,
Brazil,,,,,,,,,,,
France,New Zealand,,,,,,,,,,
South Africa,USA,,,,,,,,,,
Switzerland,,,,,,,,,,,
Czech Republic,,,,,,,,,,,
Brazil,,,,,,,,,,,
Croatia,,,,,,,,,,,
Burundi,China,,,,,,,,,,
Austria,Sweden,,,,,,,,,,
France,,,,,,,,,,,
China,,,,,,,,,,,
Spain,,,,,,,,,,,
Germany,,,,,,,,,,,
Hungary,,,,,,,,,,,
Tunisia,,,,,,,,,,,
Tunisia,,,,,,,,,,,
Germany,,,,,,,,,,,
Spain,,,,,,,,,,,
USA,,,,,,,,,,,
China,,,,,,,,,,,
Bangladesh,Australia,USA,Canada,,,,,,,,
Japan,,,,,,,,,,,
China,,,,,,,,,,,
Spain,,,,,,,,,,,
Malaysia,,,,,,,,,,,
USA,,,,,,,,,,,
Korea,,,,,,,,,,,
USA,,,,,,,,,,,
Pakistan,UK,,,,,,,,,,
Switzerland,Germany,,,,,,,,,,
Korea,Canada,,,,,,,,,,
USA,,,,,,,,,,,
India,,,,,,,,,,,
Japan,,,,,,,,,,,
Italy,,,,,,,,,,,
USA,,,,,,,,,,,
Poland,,,,,,,,,,,
Spain,,,,,,,,,,,
Japan,Thailand,,,,,,,,,,
France,USA,Poland,,,,,,,,,
Spain,,,,,,,,,,,
Spain,,,,,,,,,,,
USA,,,,,,,,,,,
USA,Israel,,,,,,,,,,
China,,,,,,,,,,,
Taiwan,,,,,,,,,,,
China,,,,,,,,,,,
Brazil,,,,,,,,,,,
Spain,,,,,,,,,,,
Taiwan,,,,,,,,,,,
Canada,,,,,,,,,,,
Italy,,,,,,,,,,,
China,,,,,,,,,,,
China,,,,,,,,,,,
China,,,,,,,,,,,
Czech Republic,Finland,Slovenia,Bosnia and Herzegovina,Germany,,,,,,,
Spain,,,,,,,,,,,
Sweden,,,,,,,,,,,
Korea,,,,,,,,,,,
China,,,,,,,,,,,
USA,Taiwan,,,,,,,,,,
Czech Republic,,,,,,,,,,,
Egypt,,,,,,,,,,,
Mexico,,,,,,,,,,,
Austria,,,,,,,,,,,
USA,Ireland,,,,,,,,,,
Australia,,,,,,,,,,,
USA,China,,,,,,,,,,
France,,,,,,,,,,,
New Zealand,,,,,,,,,,,
USA,,,,,,,,,,,
Italy,,,,,,,,,,,
USA,,,,,,,,,,,
Iraq,,,,,,,,,,,
China,,,,,,,,,,,
Israel,,,,,,,,,,,
Saudi Arabia,,,,,,,,,,,
Poland,,,,,,,,,,,
Canada,,,,,,,,,,,
Italy,,,,,,,,,,,
Finland,,,,,,,,,,,
Canada,,,,,,,,,,,
USA,,,,,,,,,,,
Japan,,,,,,,,,,,
Japan,,,,,,,,,,,
USA,,,,,,,,,,,
China,,,,,,,,,,,
Canada,,,,,,,,,,,
USA,,,,,,,,,,,
Germany,,,,,,,,,,,
USA,,,,,,,,,,,
USA,,,,,,,,,,,
Thailand,,,,,,,,,,,
Portugal,Chile,Czech Republic,,,,,,,,,
Libya,Germany,,,,,,,,,,
USA,Taiwan,,,,,,,,,,
Mexico,,,,,,,,,,,
Argentina,,,,,,,,,,,
Portugal,,,,,,,,,,,
New Zealand,,,,,,,,,,,
New Zealand,,,,,,,,,,,
China,,,,,,,,,,,
Australia,,,,,,,,,,,
Denmark,USA,,,,,,,,,,
Japan,India,,,,,,,,,,
USA,,,,,,,,,,,
USA,,,,,,,,,,,
France,,,,,,,,,,,
Korea,,,,,,,,,,,
China,,,,,,,,,,,
Finland,,,,,,,,,,,
Malaysia,,,,,,,,,,,
Romania,,,,,,,,,,,
USA,New Zealand,Switzerland,,,,,,,,,
Italy,,,,,,,,,,,
USA,,,,,,,,,,,
Sweden,,,,,,,,,,,
USA,,,,,,,,,,,
USA,,,,,,,,,,,
USA,Canada,China,,,,,,,,,
Japan,,,,,,,,,,,
USA,Canada,China,,,,,,,,,
Norway,,,,,,,,,,,
Egypt,USA,,,,,,,,,,
Germany,,,,,,,,,,,
China,,,,,,,,,,,
UK,China,,,,,,,,,,
China,,,,,,,,,,,
France,,,,,,,,,,,
Germany,,,,,,,,,,,
China,,,,,,,,,,,
France,,,,,,,,,,,
Japan,Korea,,,,,,,,,,
Finland,,,,,,,,,,,
Norway,,,,,,,,,,,
Mexico,,,,,,,,,,,
Germany,,,,,,,,,,,
Canada,,,,,,,,,,,
Cyprus,,,,,,,,,,,
USA,,,,,,,,,,,
Italy,,,,,,,,,,,
Australia,Germany,,,,,,,,,,
The Netherlands,UK,,,,,,,,,,
India,,,,,,,,,,,
USA,,,,,,,,,,,
India,,,,,,,,,,,
UK,,,,,,,,,,,
Australia,,,,,,,,,,,
USA,,,,,,,,,,,
UK,Switzerland,Germany,,,,,,,,,
China,,,,,,,,,,,
China,,,,,,,,,,,
China,,,,,,,,,,,
Germany,,,,,,,,,,,
USA,,,,,,,,,,,
Korea,,,,,,,,,,,
Portugal,,,,,,,,,,,
France,,,,,,,,,,,
China,,,,,,,,,,,
Ireland,Italy,,,,,,,,,,
Canada,,,,,,,,,,,
France,,,,,,,,,,,
Pakistan,Germany,,,,,,,,,,
Germany,,,,,,,,,,,
Canada,,,,,,,,,,,
USA,,,,,,,,,,,
China,,,,,,,,,,,
Chile,,,,,,,,,,,
China,,,,,,,,,,,
China,,,,,,,,,,,
China,,,,,,,,,,,
Saudi Arabia,,,,,,,,,,,
Germany,,,,,,,,,,,
Australia,USA,UK,,,,,,,,,
USA,,,,,,,,,,,
UK,,,,,,,,,,,
USA,,,,,,,,,,,
India,,,,,,,,,,,
Egypt,,,,,,,,,,,
UK,,,,,,,,,,,
USA,,,,,,,,,,,
Spain,,,,,,,,,,,
USA,,,,,,,,,,,
China,,,,,,,,,,,
Japan,Thailand,,,,,,,,,,
Japan,,,,,,,,,,,
Italy,,,,,,,,,,,
Greece,,,,,,,,,,,
USA,,,,,,,,,,,
The Netherlands,USA,,,,,,,,,,
The Netherlands,Ireland,Germany,,,,,,,,,
USA,,,,,,,,,,,
UK,Italy,,,,,,,,,,
France,Canada,,,,,,,,,,
Malaysia,,,,,,,,,,,
Spain,,,,,,,,,,,
USA,,,,,,,,,,,
Poland,,,,,,,,,,,
USA,,,,,,,,,,,
South Africa,USA,Nigeria,,,,,,,,,
Korea,,,,,,,,,,,
Mexico,USA,,,,,,,,,,
USA,,,,,,,,,,,
UK,,,,,,,,,,,
Korea,,,,,,,,,,,
China,,,,,,,,,,,
Denmark,Greece,,,,,,,,,,
Belgium,Italy,,,,,,,,,,
UK,,,,,,,,,,,
UK,,,,,,,,,,,
Italy,,,,,,,,,,,
China,,,,,,,,,,,
Germany,,,,,,,,,,,
Malaysia,,,,,,,,,,,
China,,,,,,,,,,,
Malaysia,,,,,,,,,,,
Czech Republic,,,,,,,,,,,
Kuwait,,,,,,,,,,,
Malaysia,,,,,,,,,,,
USA,,,,,,,,,,,
Sweden,,,,,,,,,,,
Malaysia,,,,,,,,,,,
UK,,,,,,,,,,,
USA,,,,,,,,,,,
USA,,,,,,,,,,,
China,,,,,,,,,,,
USA,,,,,,,,,,,
Canada,,,,,,,,,,,
USA,,,,,,,,,,,
Spain,Germany,,,,,,,,,,
Denmark,,,,,,,,,,,
Taiwan,,,,,,,,,,,
China,,,,,,,,,,,
China,,,,,,,,,,,
Poland,,,,,,,,,,,
Germany,,,,,,,,,,,
Malaysia,,,,,,,,,,,
Italy,,,,,,,,,,,
Japan,,,,,,,,,,,
China,,,,,,,,,,,
Austria,,,,,,,,,,,
Italy,,,,,,,,,,,
Chile,,,,,,,,,,,
USA,,,,,,,,,,,
Australia,,,,,,,,,,,
China,,,,,,,,,,,
Taiwan,Korea,,,,,,,,,,
USA,,,,,,,,,,,
China,,,,,,,,,,,
USA,,,,,,,,,,,
India,,,,,,,,,,,
USA,,,,,,,,,,,
Spain,,,,,,,,,,,
Germany,,,,,,,,,,,
India,,,,,,,,,,,
Serbia,,,,,,,,,,,
Germany,,,,,,,,,,,
Japan,USA,Spain,,,,,,,,,
Japan,,,,,,,,,,,
USA,China,,,,,,,,,,
Sweden,,,,,,,,,,,
USA,,,,,,,,,,,
France,The Netherlands,Canada,South Africa,Denmark,Norway,Costa Rica,USA,New Zealand,Korea,,
USA,Canada,,,,,,,,,,
USA,,,,,,,,,,,
USA,,,,,,,,,,,
India,,,,,,,,,,,
Thailand,,,,,,,,,,,
Poland,,,,,,,,,,,
USA,,,,,,,,,,,
France,,,,,,,,,,,
Taiwan,,,,,,,,,,,
Korea,,,,,,,,,,,
Taiwan,,,,,,,,,,,
Spain,,,,,,,,,,,
China,,,,,,,,,,,
UK,,,,,,,,,,,
Japan,USA,,,,,,,,,,
Germany,,,,,,,,,,,
China,,,,,,,,,,,
Portugal,Brazil,,,,,,,,,,
USA,China,,,,,,,,,,
USA,,,,,,,,,,,
Saudi Arabia,Malaysia,,,,,,,,,,
India,Canada,,,,,,,,,,
Ecuador,USA,,,,,,,,,,
USA,China,,,,,,,,,,
Australia,,,,,,,,,,,
USA,,,,,,,,,,,
South Africa,,,,,,,,,,,
Canada,,,,,,,,,,,
Taiwan,Poland,,,,,,,,,,
Korea,,,,,,,,,,,
Canada,,,,,,,,,,,
Mexico,,,,,,,,,,,
Slovenia,,,,,,,,,,,
Japan,,,,,,,,,,,
Germany,,,,,,,,,,,
Brazil,,,,,,,,,,,
Indonesia,Germany,,,,,,,,,,
Denmark,UK,,,,,,,,,,
Sweden,,,,,,,,,,,
Germany,,,,,,,,,,,
USA,,,,,,,,,,,
USA,,,,,,,,,,,
Japan,,,,,,,,,,,
Germany,,,,,,,,,,,
Thailand,Sri Lanka,,,,,,,,,,
Germany,,,,,,,,,,,
Korea,,,,,,,,,,,
France,,,,,,,,,,,
China,,,,,,,,,,,
Italy,,,,,,,,,,,
Brazil,,,,,,,,,,,
Kuwait,,,,,,,,,,,
USA,The Netherlands,,,,,,,,,,
Italy,,,,,,,,,,,
Austria,,,,,,,,,,,
UK,,,,,,,,,,,
Japan,,,,,,,,,,,
USA,,,,,,,,,,,
USA,,,,,,,,,,,
France,,,,,,,,,,,
Pakistan,Germany,,,,,,,,,,
China,,,,,,,,,,,
Japan,,,,,,,,,,,
Greece,Switzerland,,,,,,,,,,
USA,,,,,,,,,,,
France,,,,,,,,,,,
Mexico,,,,,,,,,,,
India,USA,,,,,,,,,,
Greece,UK,,,,,,,,,,
China,,,,,,,,,,,
Australia,China,,,,,,,,,,
Brazil,,,,,,,,,,,
South Africa,Nigeria,,,,,,,,,,
Brazil,,,,,,,,,,,
USA,,,,,,,,,,,
Croatia,Italy,,,,,,,,,,
USA,,,,,,,,,,,
China,,,,,,,,,,,
UK,,,,,,,,,,,
China,,,,,,,,,,,
USA,China,,,,,,,,,,
Japan,,,,,,,,,,,
Japan,,,,,,,,,,,
USA,,,,,,,,,,,
China,,,,,,,,,,,
Malaysia,,,,,,,,,,,
UK,,,,,,,,,,,
USA,,,,,,,,,,,
Australia,,,,,,,,,,,
China,,,,,,,,,,,
USA,,,,,,,,,,,
China,,,,,,,,,,,
Saudi Arabia,,,,,,,,,,,
France,Japan,Malaysia,,,,,,,,,
Portugal,,,,,,,,,,,
UK,,,,,,,,,,,
France,,,,,,,,,,,
Moldova,,,,,,,,,,,
Finland,,,,,,,,,,,
UK,,,,,,,,,,,
Italy,,,,,,,,,,,
USA,,,,,,,,,,,
Finland,,,,,,,,,,,
Croatia,,,,,,,,,,,
Iran,,,,,,,,,,,
China,,,,,,,,,,,
France,Germany,,,,,,,,,,
China,,,,,,,,,,,
Germany,,,,,,,,,,,
China,,,,,,,,,,,
China,,,,,,,,,,,
China,,,,,,,,,,,
China,,,,,,,,,,,
Germany,,,,,,,,,,,
China,,,,,,,,,,,
Italy,,,,,,,,,,,
Singapore,China,,,,,,,,,,
Germany,,,,,,,,,,,
Australia,,,,,,,,,,,
Cuba,,,,,,,,,,,
Taiwan,,,,,,,,,,,
USA,,,,,,,,,,,
USA,Italy,,,,,,,,,,
Italy,,,,,,,,,,,
USA,,,,,,,,,,,
Japan,,,,,,,,,,,
Taiwan,,,,,,,,,,,
USA,,,,,,,,,,,
USA,,,,,,,,,,,
Cuba,Mexico,,,,,,,,,,
France,Czech Republic,,,,,,,,,,
Korea,,,,,,,,,,,
Taiwan,,,,,,,,,,,
UK,China,,,,,,,,,,
Japan,,,,,,,,,,,
Colombia,Spain,,,,,,,,,,
Mexico,,,,,,,,,,,
Switzerland,,,,,,,,,,,
Portugal,UK,Canada,,,,,,,,,
Sweden,,,,,,,,,,,
UK,,,,,,,,,,,
USA,,,,,,,,,,,
USA,,,,,,,,,,,
Australia,,,,,,,,,,,
Japan,Philippines,USA,Ghana,,,,,,,,
The Netherlands,,,,,,,,,,,
China,,,,,,,,,,,
Taiwan,,,,,,,,,,,
Poland,,,,,,,,,,,
Jordan,Spain,,,,,,,,,,
China,,,,,,,,,,,
China,,,,,,,,,,,
USA,,,,,,,,,,,
Australia,,,,,,,,,,,
Taiwan,,,,,,,,,,,
UK,,,,,,,,,,,
USA,,,,,,,,,,,
USA,,,,,,,,,,,
Czech Republic,,,,,,,,,,,
Taiwan,,,,,,,,,,,
China,,,,,,,,,,,
Saudi Arabia,USA,,,,,,,,,,
Serbia,,,,,,,,,,,
USA,,,,,,,,,,,
USA,,,,,,,,,,,
Denmark,USA,,,,,,,,,,
China,,,,,,,,,,,
USA,,,,,,,,,,,
Spain,,,,,,,,,,,
Korea,,,,,,,,,,,
Japan,Spain,,,,,,,,,,
Turkey,,,,,,,,,,,
Spain,,,,,,,,,,,
USA,China,,,,,,,,,,
USA,,,,,,,,,,,
Mexico,China,,,,,,,,,,
Austria,,,,,,,,,,,
Romania,,,,,,,,,,,
France,Malaysia,Japan,,,,,,,,,
Germany,,,,,,,,,,,
Taiwan,,,,,,,,,,,
Mexico,,,,,,,,,,,
China,,,,,,,,,,,
Japan,,,,,,,,,,,
USA,,,,,,,,,,,
China,,,,,,,,,,,
France,,,,,,,,,,,
USA,,,,,,,,,,,
USA,,,,,,,,,,,
Canada,,,,,,,,,,,
Japan,Brazil,,,,,,,,,,
Germany,,,,,,,,,,,
Austria,,,,,,,,,,,
China,,,,,,,,,,,
USA,,,,,,,,,,,
Austria,,,,,,,,,,,
Israel,Germany,,,,,,,,,,
USA,,,,,,,,,,,
Switzerland,,,,,,,,,,,
China,,,,,,,,,,,
Poland,,,,,,,,,,,
South Africa,,,,,,,,,,,
USA,,,,,,,,,,,
USA,,,,,,,,,,,
USA,China,,,,,,,,,,
France,UK,,,,,,,,,,
Italy,,,,,,,,,,,
Saudi Arabia,Egypt,,,,,,,,,,
USA,,,,,,,,,,,
France,,,,,,,,,,,
Italy,,,,,,,,,,,
USA,Ethiopia,Austria,Botswana,,,,,,,,
Canada,,,,,,,,,,,
Brazil,,,,,,,,,,,
Australia,Korea,,,,,,,,,,
Taiwan,,,,,,,,,,,
China,,,,,,,,,,,
Malaysia,,,,,,,,,,,
Korea,,,,,,,,,,,
Taiwan,,,,,,,,,,,
USA,,,,,,,,,,,
Austria,,,,,,,,,,,
Japan,,,,,,,,,,,
Japan,China,,,,,,,,,,
China,,,,,,,,,,,
China,,,,,,,,,,,
Belgium,,,,,,,,,,,
Malaysia,,,,,,,,,,,
China,,,,,,,,,,,
Canada,China,,,,,,,,,,
The Netherlands,,,,,,,,,,,
Canada,,,,,,,,,,,
France,USA,Denmark,,,,,,,,,
China,,,,,,,,,,,
South Africa,,,,,,,,,,,
Denmark,,,,,,,,,,,
United Arab Emirates,,,,,,,,,,,
Germany,,,,,,,,,,,
USA,,,,,,,,,,,
Argentina,,,,,,,,,,,
USA,Russia,,,,,,,,,,
USA,Taiwan,,,,,,,,,,
Kuwait,,,,,,,,,,,
Korea,,,,,,,,,,,
Poland,,,,,,,,,,,
Indonesia,,,,,,,,,,,
Italy,,,,,,,,,,,
Australia,Italy,Germany,,,,,,,,,
China,,,,,,,,,,,
Spain,,,,,,,,,,,
Malaysia,,,,,,,,,,,
Taiwan,,,,,,,,,,,
Spain,,,,,,,,,,,
Poland,,,,,,,,,,,
Japan,,,,,,,,,,,
Korea,,,,,,,,,,,
Italy,,,,,,,,,,,
USA,,,,,,,,,,,
France,,,,,,,,,,,
Australia,,,,,,,,,,,
France,Canada,,,,,,,,,,
Brazil,,,,,,,,,,,
Malaysia,,,,,,,,,,,
Brazil,,,,,,,,,,,
China,,,,,,,,,,,
China,,,,,,,,,,,
Malaysia,,,,,,,,,,,
China,,,,,,,,,,,
Bulgaria,Austria,Vietnam,,,,,,,,,
USA,,,,,,,,,,,
Czech Republic,,,,,,,,,,,
Portugal,,,,,,,,,,,
China,,,,,,,,,,,
Denmark,,,,,,,,,,,
USA,,,,,,,,,,,
Canada,Sweden,,,,,,,,,,
Sweden,,,,,,,,,,,
Sweden,,,,,,,,,,,
Brazil,,,,,,,,,,,
Japan,,,,,,,,,,,
Mexico,,,,,,,,,,,
USA,,,,,,,,,,,
Korea,China,,,,,,,,,,
Italy,,,,,,,,,,,
Japan,China,,,,,,,,,,
UK,,,,,,,,,,,
Turkey,,,,,,,,,,,
Turkey,,,,,,,,,,,
Turkey,,,,,,,,,,,
Turkey,,,,,,,,,,,
Turkey,,,,,,,,,,,
Turkey,,,,,,,,,,,
Turkey,,,,,,,,,,,
Turkey,,,,,,,,,,,
Turkey,,,,,,,,,,,
Turkey,,,,,,,,,,,
Turkey,,,,,,,,,,,
Turkey,,,,,,,,,,,
Turkey,,,,,,,,,,,
Turkey,,,,,,,,,,,
Turkey,,,,,,,,,,,
Turkey,,,,,,,,,,,
USA,Turkey,,,,,,,,,,
Turkey,,,,,,,,,,,
Turkey,,,,,,,,,,,
Turkey,,,,,,,,,,,
Iran,,,,,,,,,,,
Turkey,,,,,,,,,,,
USA,Turkey,,,,,,,,,,
Korea,,,,,,,,,,,
Malaysia,,,,,,,,,,,
USA,,,,,,,,,,,
South Africa,,,,,,,,,,,
UK,China,,,,,,,,,,
Turkey,,,,,,,,,,,
Japan,,,,,,,,,,,
UK,,,,,,,,,,,
Australia,,,,,,,,,,,
Germany,,,,,,,,,,,
USA,,,,,,,,,,,
China,,,,,,,,,,,
USA,,,,,,,,,,,
Germany,,,,,,,,,,,
USA,,,,,,,,,,,
Germany,,,,,,,,,,,
UK,,,,,,,,,,,
Korea,,,,,,,,,,,
UK,,,,,,,,,,,
USA,China,,,,,,,,,,
USA,,,,,,,,,,,
China,,,,,,,,,,,
Switzerland,,,,,,,,,,,
Germany,,,,,,,,,,,
France,USA,,,,,,,,,,
China,,,,,,,,,,,
USA,,,,,,,,,,,
Switzerland,Germany,,,,,,,,,,
USA,,,,,,,,,,,
Mexico,,,,,,,,,,,
Spain,Germany,,,,,,,,,,
Brazil,,,,,,,,,,,
Austria,UK,Germany,Norway,Spain,Italy,,,,,,
Portugal,,,,,,,,,,,
Panama,USA,China,Canada,,,,,,,,
USA,,,,,,,,,,,
Canada,,,,,,,,,,,
Italy,,,,,,,,,,,
UK,,,,,,,,,,,
USA,,,,,,,,,,,
USA,Peru,,,,,,,,,,
China,,,,,,,,,,,
Brazil,,,,,,,,,,,
China,,,,,,,,,,,
Spain,,,,,,,,,,,
China,,,,,,,,,,,
USA,,,,,,,,,,,
China,,,,,,,,,,,
China,,,,,,,,,,,
Italy,Germany,,,,,,,,,,
The Netherlands,Austria,Germany,,,,,,,,,
Mexico,Sweden,,,,,,,,,,
South Africa,,,,,,,,,,,
Korea,,,,,,,,,,,
China,,,,,,,,,,,
Poland,,,,,,,,,,,
USA,,,,,,,,,,,
Sweden,,,,,,,,,,,
Japan,,,,,,,,,,,
The Netherlands,,,,,,,,,,,
Indonesia,Malaysia,,,,,,,,,,
Italy,,,,,,,,,,,
France,,,,,,,,,,,
USA,,,,,,,,,,,
China,,,,,,,,,,,
Spain,,,,,,,,,,,
USA,,,,,,,,,,,
UK,,,,,,,,,,,
USA,,,,,,,,,,,
USA,,,,,,,,,,,
Switzerland,,,,,,,,,,,
Germany,,,,,,,,,,,
Germany,,,,,,,,,,,
France,Mexico,,,,,,,,,,
USA,,,,,,,,,,,
Germany,,,,,,,,,,,
Taiwan,,,,,,,,,,,
Japan,,,,,,,,,,,
UK,,,,,,,,,,,
China,,,,,,,,,,,
China,,,,,,,,,,,
Italy,,,,,,,,,,,
Malaysia,,,,,,,,,,,
Korea,,,,,,,,,,,
Canada,,,,,,,,,,,
Spain,,,,,,,,,,,
Colombia,Spain,,,,,,,,,,
Korea,,,,,,,,,,,
Spain,,,,,,,,,,,
UK,,,,,,,,,,,
USA,Korea,,,,,,,,,,
Italy,,,,,,,,,,,
Portugal,,,,,,,,,,,
Japan,,,,,,,,,,,
France,,,,,,,,,,,
France,,,,,,,,,,,
Ireland,,,,,,,,,,,
Taiwan,,,,,,,,,,,
South Africa,,,,,,,,,,,
USA,China,,,,,,,,,,
China,,,,,,,,,,,
Italy,,,,,,,,,,,
Brazil,,,,,,,,,,,
Japan,Germany,,,,,,,,,,
Belgium,,,,,,,,,,,
UK,Italy,,,,,,,,,,
Poland,Korea,,,,,,,,,,
USA,,,,,,,,,,,
USA,,,,,,,,,,,
Australia,USA,,,,,,,,,,
UK,,,,,,,,,,,
Brazil,Italy,,,,,,,,,,
USA,,,,,,,,,,,
China,,,,,,,,,,,
Canada,,,,,,,,,,,
USA,Spain,,,,,,,,,,
China,,,,,,,,,,,
Germany,,,,,,,,,,,
Germany,,,,,,,,,,,
China,,,,,,,,,,,
Japan,,,,,,,,,,,
Macedonia,Bulgaria,,,,,,,,,,
Uruguay,,,,,,,,,,,
Czech Republic,,,,,,,,,,,
Jamaica,Canada,,,,,,,,,,
USA,,,,,,,,,,,
USA,,,,,,,,,,,
Brazil,,,,,,,,,,,
China,,,,,,,,,,,
USA,Italy,,,,,,,,,,
Colombia,,,,,,,,,,,
Serbia,,,,,,,,,,,
Austria,,,,,,,,,,,
Italy,,,,,,,,,,,
France,Algeria,,,,,,,,,,
China,,,,,,,,,,,
China,,,,,,,,,,,
Italy,,,,,,,,,,,
Malaysia,Iran,,,,,,,,,,
Japan,,,,,,,,,,,
India,,,,,,,,,,,
USA,China,,,,,,,,,,
USA,China,,,,,,,,,,
Japan,,,,,,,,,,,
Brazil,,,,,,,,,,,
Israel,,,,,,,,,,,
Germany,,,,,,,,,,,
Mexico,USA,,,,,,,,,,
USA,,,,,,,,,,,
France,,,,,,,,,,,
Italy,,,,,,,,,,,
Spain,,,,,,,,,,,
USA,,,,,,,,,,,
USA,,,,,,,,,,,
USA,,,,,,,,,,,
Thailand,,,,,,,,,,,
Taiwan,,,,,,,,,,,
Sweden,,,,,,,,,,,
India,,,,,,,,,,,
China,,,,,,,,,,,
Brazil,,,,,,,,,,,
Korea,,,,,,,,,,,
China,,,,,,,,,,,
Germany,,,,,,,,,,,
China,,,,,,,,,,,
Ireland,,,,,,,,,,,
Japan,Denmark,,,,,,,,,,
France,Costa Rica,Indonesia,USA,,,,,,,,
France,Sweden,,,,,,,,,,
USA,,,,,,,,,,,
Australia,USA,UK,,,,,,,,,
USA,,,,,,,,,,,
USA,,,,,,,,,,,
South Africa,,,,,,,,,,,
China,,,,,,,,,,,
Taiwan,,,,,,,,,,,
Canada,,,,,,,,,,,
USA,,,,,,,,,,,
Japan,Indonesia,,,,,,,,,,
Germany,,,,,,,,,,,
Finland,,,,,,,,,,,
USA,,,,,,,,,,,
Spain,,,,,,,,,,,
Germany,,,,,,,,,,,
Ireland,,,,,,,,,,,
Peru,Italy,,,,,,,,,,
China,,,,,,,,,,,
USA,,,,,,,,,,,
Mexico,USA,,,,,,,,,,
USA,,,,,,,,,,,
Croatia,,,,,,,,,,,
China,,,,,,,,,,,
Italy,,,,,,,,,,,
Spain,,,,,,,,,,,
South Africa,Australia,,,,,,,,,,
Malaysia,,,,,,,,,,,
Canada,,,,,,,,,,,
USA,,,,,,,,,,,
Spain,,,,,,,,,,,
USA,,,,,,,,,,,
USA,,,,,,,,,,,
USA,,,,,,,,,,,
Qatar,,,,,,,,,,,
USA,,,,,,,,,,,
USA,,,,,,,,,,,
South Africa,,,,,,,,,,,
Spain,,,,,,,,,,,
Mexico,,,,,,,,,,,
USA,,,,,,,,,,,
South Africa,,,,,,,,,,,
USA,,,,,,,,,,,
USA,,,,,,,,,,,
South Africa,,,,,,,,,,,
UK,,,,,,,,,,,
South Africa,,,,,,,,,,,
Brazil,,,,,,,,,,,
Bangladesh,USA,Canada,China,,,,,,,,
Japan,,,,,,,,,,,
USA,,,,,,,,,,,
Japan,India,,,,,,,,,,
Sweden,,,,,,,,,,,
UK,,,,,,,,,,,
Japan,,,,,,,,,,,
China,,,,,,,,,,,
Germany,,,,,,,,,,,
Taiwan,,,,,,,,,,,
Germany,,,,,,,,,,,
China,,,,,,,,,,,
Germany,,,,,,,,,,,
Kazakhstan,Belgium,,,,,,,,,,
Japan,,,,,,,,,,,
South Africa,,,,,,,,,,,
Czech Republic,Slovakia,,,,,,,,,,
USA,,,,,,,,,,,
Japan,USA,,,,,,,,,,
USA,Canada,,,,,,,,,,
USA,,,,,,,,,,,
Israel,,,,,,,,,,,
USA,,,,,,,,,,,
USA,,,,,,,,,,,
USA,Canada,,,,,,,,,,
Australia,USA,,,,,,,,,,
Argentina,,,,,,,,,,,
Spain,,,,,,,,,,,
USA,,,,,,,,,,,
USA,,,,,,,,,,,
Denmark,Estonia,,,,,,,,,,
Mexico,,,,,,,,,,,
USA,Norway,Denmark,Germany,,,,,,,,
Germany,,,,,,,,,,,
USA,,,,,,,,,,,
Korea,,,,,,,,,,,
France,Australia,,,,,,,,,,
Korea,,,,,,,,,,,
Germany,,,,,,,,,,,
China,,,,,,,,,,,
Korea,,,,,,,,,,,
Australia,,,,,,,,,,,
Singapore,China,,,,,,,,,,
Korea,,,,,,,,,,,
USA,Taiwan,,,,,,,,,,
Belgium,,,,,,,,,,,
USA,,,,,,,,,,,
China,,,,,,,,,,,
USA,,,,,,,,,,,
France,,,,,,,,,,,
USA,Switzerland,,,,,,,,,,
USA,,,,,,,,,,,
Brazil,Sweden,,,,,,,,,,
Japan,Malaysia,,,,,,,,,,
USA,,,,,,,,,,,
France,,,,,,,,,,,
China,,,,,,,,,,,
Greece,,,,,,,,,,,
France,,,,,,,,,,,
Switzerland,,,,,,,,,,,
France,Denmark,,,,,,,,,,
Sweden,,,,,,,,,,,
China,,,,,,,,,,,
Saudi Arabia,USA,,,,,,,,,,
Canada,,,,,,,,,,,
Hungary,USA,UK,,,,,,,,,
USA,,,,,,,,,,,
USA,,,,,,,,,,,
USA,,,,,,,,,,,
China,,,,,,,,,,,
USA,Israel,,,,,,,,,,
Japan,,,,,,,,,,,
Sweden,,,,,,,,,,,
USA,,,,,,,,,,,
France,,,,,,,,,,,
Armenia,Switzerland,Germany,,,,,,,,,
France,,,,,,,,,,,
USA,,,,,,,,,,,
Japan,,,,,,,,,,,
Japan,Germany,,,,,,,,,,
USA,,,,,,,,,,,
Taiwan,,,,,,,,,,,
Malaysia,,,,,,,,,,,
China,,,,,,,,,,,
Chile,,,,,,,,,,,
Brazil,,,,,,,,,,,
Canada,,,,,,,,,,,
Belgium,,,,,,,,,,,
China,,,,,,,,,,,
Italy,,,,,,,,,,,
Austria,Germany,,,,,,,,,,
USA,,,,,,,,,,,
The Netherlands,,,,,,,,,,,
USA,,,,,,,,,,,
India,,,,,,,,,,,
Bulgaria,,,,,,,,,,,
Japan,,,,,,,,,,,
China,,,,,,,,,,,
Australia,,,,,,,,,,,
Thailand,,,,,,,,,,,
Japan,,,,,,,,,,,
Japan,USA,,,,,,,,,,
The Netherlands,Slovakia,,,,,,,,,,
USA,,,,,,,,,,,
USA,Canada,,,,,,,,,,
USA,,,,,,,,,,,
Japan,,,,,,,,,,,
Austria,Germany,,,,,,,,,,
Australia,,,,,,,,,,,
Spain,,,,,,,,,,,
Taiwan,,,,,,,,,,,
China,,,,,,,,,,,
Colombia,Canada,,,,,,,,,,
Italy,,,,,,,,,,,
Brazil,,,,,,,,,,,
USA,,,,,,,,,,,
Switzerland,,,,,,,,,,,
Australia,,,,,,,,,,,
Korea,,,,,,,,,,,
China,,,,,,,,,,,
South Africa,Nigeria,,,,,,,,,,
Canada,,,,,,,,,,,
USA,,,,,,,,,,,
France,,,,,,,,,,,
UK,,,,,,,,,,,
Spain,,,,,,,,,,,
Italy,,,,,,,,,,,
Japan,,,,,,,,,,,
Taiwan,,,,,,,,,,,
Spain,,,,,,,,,,,
Portugal,,,,,,,,,,,
Australia,,,,,,,,,,,
Malaysia,,,,,,,,,,,
Japan,,,,,,,,,,,
Canada,Germany,,,,,,,,,,
Korea,,,,,,,,,,,
India,USA,China,,,,,,,,,
Taiwan,,,,,,,,,,,
Spain,,,,,,,,,,,
Mexico,USA,,,,,,,,,,
USA,,,,,,,,,,,
Spain,,,,,,,,,,,
China,,,,,,,,,,,
Israel,,,,,,,,,,,
Thailand,,,,,,,,,,,
Spain,,,,,,,,,,,
Iran,,,,,,,,,,,
Czech Republic,,,,,,,,,,,
Brazil,,,,,,,,,,,
Costa Rica,,,,,,,,,,,
USA,,,,,,,,,,,
China,,,,,,,,,,,
Taiwan,,,,,,,,,,,
USA,,,,,,,,,,,
The Netherlands,Canada,Germany,,,,,,,,,
UK,,,,,,,,,,,
Korea,,,,,,,,,,,
Canada,,,,,,,,,,,
Portugal,Italy,,,,,,,,,,
China,,,,,,,,,,,
China,,,,,,,,,,,
China,,,,,,,,,,,
Israel,,,,,,,,,,,
Australia,Canada,,,,,,,,,,
USA,,,,,,,,,,,
USA,,,,,,,,,,,
Japan,,,,,,,,,,,
The Netherlands,,,,,,,,,,,
USA,,,,,,,,,,,
Korea,,,,,,,,,,,
Brazil,UK,Indonesia,Costa Rica,Spain,,,,,,,
UK,,,,,,,,,,,
USA,,,,,,,,,,,
Cuba,,,,,,,,,,,
Belgium,,,,,,,,,,,
Italy,,,,,,,,,,,
Canada,China,,,,,,,,,,
France,Belgium,Poland,Germany,,,,,,,,
Spain,,,,,,,,,,,
Canada,,,,,,,,,,,
China,,,,,,,,,,,
China,,,,,,,,,,,
China,,,,,,,,,,,
UK,,,,,,,,,,,
Spain,,,,,,,,,,,
Denmark,,,,,,,,,,,
Saudi Arabia,,,,,,,,,,,
Pakistan,,,,,,,,,,,
Japan,,,,,,,,,,,
Brazil,,,,,,,,,,,
Korea,,,,,,,,,,,
China,,,,,,,,,,,
Italy,,,,,,,,,,,
USA,,,,,,,,,,,
France,,,,,,,,,,,
USA,Singapore,,,,,,,,,,
Italy,,,,,,,,,,,
Italy,,,,,,,,,,,
UK,,,,,,,,,,,
USA,,,,,,,,,,,
Portugal,Spain,,,,,,,,,,
Taiwan,,,,,,,,,,,
USA,,,,,,,,,,,
Sweden,,,,,,,,,,,
USA,,,,,,,,,,,
China,,,,,,,,,,,
Saudi Arabia,Egypt,,,,,,,,,,
Iran,,,,,,,,,,,
Taiwan,,,,,,,,,,,
USA,,,,,,,,,,,
USA,,,,,,,,,,,
Malaysia,,,,,,,,,,,
Japan,,,,,,,,,,,
Canada,,,,,,,,,,,
Indonesia,Germany,,,,,,,,,,
China,,,,,,,,,,,
China,,,,,,,,,,,
China,,,,,,,,,,,
Germany,,,,,,,,,,,
USA,,,,,,,,,,,
Japan,,,,,,,,,,,
USA,,,,,,,,,,,
USA,,,,,,,,,,,
Portugal,,,,,,,,,,,
UK,,,,,,,,,,,
Australia,,,,,,,,,,,
Israel,,,,,,,,,,,
Japan,,,,,,,,,,,
USA,,,,,,,,,,,
Germany,,,,,,,,,,,
France,,,,,,,,,,,
USA,,,,,,,,,,,
Sweden,,,,,,,,,,,
Japan,,,,,,,,,,,
Australia,India,,,,,,,,,,
USA,,,,,,,,,,,
USA,,,,,,,,,,,
Korea,,,,,,,,,,,
Korea,,,,,,,,,,,
Spain,,,,,,,,,,,
Spain,,,,,,,,,,,
China,,,,,,,,,,,
Spain,Germany,,,,,,,,,,
China,,,,,,,,,,,
USA,,,,,,,,,,,
The Netherlands,Poland,Germany,,,,,,,,,
Brazil,,,,,,,,,,,
USA,,,,,,,,,,,
China,,,,,,,,,,,
China,,,,,,,,,,,
USA,,,,,,,,,,,
Slovenia,Germany,,,,,,,,,,
Greece,,,,,,,,,,,
Korea,,,,,,,,,,,
Denmark,,,,,,,,,,,
USA,,,,,,,,,,,
The Netherlands,,,,,,,,,,,
USA,,,,,,,,,,,
France,,,,,,,,,,,
Brazil,,,,,,,,,,,
Thailand,,,,,,,,,,,
China,,,,,,,,,,,
China,,,,,,,,,,,
Switzerland,,,,,,,,,,,
Egypt,,,,,,,,,,,
Brazil,,,,,,,,,,,
Spain,Italy,,,,,,,,,,
USA,,,,,,,,,,,
Japan,,,,,,,,,,,
Japan,,,,,,,,,,,
USA,,,,,,,,,,,
Canada,,,,,,,,,,,
USA,,,,,,,,,,,
Malaysia,,,,,,,,,,,
Spain,,,,,,,,,,,
China,,,,,,,,,,,
Cyprus,UK,,,,,,,,,,
France,Ireland,,,,,,,,,,
USA,Canada,,,,,,,,,,
Mexico,,,,,,,,,,,
Brazil,,,,,,,,,,,
USA,,,,,,,,,,,
USA,,,,,,,,,,,
USA,,,,,,,,,,,
Taiwan,,,,,,,,,,,
USA,,,,,,,,,,,
Australia,,,,,,,,,,,
Australia,,,,,,,,,,,
USA,,,,,,,,,,,
USA,,,,,,,,,,,
USA,Russia,China,,,,,,,,,
Mexico,,,,,,,,,,,
USA,,,,,,,,,,,
Mexico,Spain,,,,,,,,,,
USA,,,,,,,,,,,
Slovakia,,,,,,,,,,,
India,,,,,,,,,,,
Japan,,,,,,,,,,,
Malaysia,China,,,,,,,,,,
Japan,,,,,,,,,,,
Germany,,,,,,,,,,,
France,,,,,,,,,,,
New Zealand,,,,,,,,,,,
USA,,,,,,,,,,,
China,,,,,,,,,,,
China,,,,,,,,,,,
Canada,,,,,,,,,,,
France,Tunisia,,,,,,,,,,
Italy,,,,,,,,,,,
Canada,,,,,,,,,,,
USA,,,,,,,,,,,
France,Australia,,,,,,,,,,
France,,,,,,,,,,,
France,Belgium,,,,,,,,,,
USA,,,,,,,,,,,
Sweden,,,,,,,,,,,
Taiwan,,,,,,,,,,,
Norway,,,,,,,,,,,
USA,,,,,,,,,,,
France,USA,,,,,,,,,,
Germany,,,,,,,,,,,
Korea,USA,China,,,,,,,,,
Malaysia,USA,,,,,,,,,,
USA,The Netherlands,Germany,,,,,,,,,
UK,,,,,,,,,,,
Taiwan,,,,,,,,,,,
UK,,,,,,,,,,,
Indonesia,,,,,,,,,,,
Australia,,,,,,,,,,,
Canada,,,,,,,,,,,
Canada,,,,,,,,,,,
France,,,,,,,,,,,
Germany,,,,,,,,,,,
China,,,,,,,,,,,
France,,,,,,,,,,,
France,,,,,,,,,,,
Sweden,,,,,,,,,,,
USA,Cameroon,Italy,,,,,,,,,
USA,,,,,,,,,,,
Japan,,,,,,,,,,,
Spain,,,,,,,,,,,
South Africa,,,,,,,,,,,
Thailand,,,,,,,,,,,
China,,,,,,,,,,,
Sweden,,,,,,,,,,,
Spain,Italy,,,,,,,,,,
Israel,,,,,,,,,,,
USA,,,,,,,,,,,
Japan,,,,,,,,,,,
Germany,,,,,,,,,,,
Australia,,,,,,,,,,,
USA,,,,,,,,,,,
China,,,,,,,,,,,
Australia,India,,,,,,,,,,
France,,,,,,,,,,,
USA,,,,,,,,,,,
Japan,,,,,,,,,,,
China,,,,,,,,,,,
Japan,,,,,,,,,,,
Spain,,,,,,,,,,,
Australia,,,,,,,,,,,
Germany,,,,,,,,,,,
Ukraine,USA,,,,,,,,,,
USA,Italy,,,,,,,,,,
Japan,,,,,,,,,,,
USA,China,,,,,,,,,,
Germany,,,,,,,,,,,
USA,New Zealand,UK,,,,,,,,,
China,,,,,,,,,,,
Spain,,,,,,,,,,,
India,,,,,,,,,,,
India,,,,,,,,,,,
Poland,Italy,,,,,,,,,,
Australia,,,,,,,,,,,
Belgium,Germany,,,,,,,,,,
India,,,,,,,,,,,
Japan,,,,,,,,,,,
China,,,,,,,,,,,
USA,,,,,,,,,,,
Taiwan,,,,,,,,,,,
Norway,Israel,,,,,,,,,,
France,Taiwan,,,,,,,,,,
China,,,,,,,,,,,
USA,,,,,,,,,,,
USA,,,,,,,,,,,
Korea,China,,,,,,,,,,
France,,,,,,,,,,,
USA,,,,,,,,,,,
Denmark,Italy,,,,,,,,,,
China,,,,,,,,,,,
Japan,,,,,,,,,,,
Argentina,,,,,,,,,,,
USA,,,,,,,,,,,
USA,,,,,,,,,,,
Denmark,,,,,,,,,,,
Taiwan,,,,,,,,,,,
USA,Italy,,,,,,,,,,
France,,,,,,,,,,,
Denmark,,,,,,,,,,,
Hungary,Croatia,,,,,,,,,,
USA,Iran,,,,,,,,,,
USA,,,,,,,,,,,
Sweden,,,,,,,,,,,
Brazil,,,,,,,,,,,
Taiwan,,,,,,,,,,,
Japan,,,,,,,,,,,
Malaysia,,,,,,,,,,,
USA,,,,,,,,,,,
USA,,,,,,,,,,,
USA,,,,,,,,,,,
The Netherlands,Kenya,,,,,,,,,,
Malaysia,,,,,,,,,,,
Italy,,,,,,,,,,,
Turkey,Singapore,,,,,,,,,,
Austria,Sweden,,,,,,,,,,
China,,,,,,,,,,,
Belgium,,,,,,,,,,,
Portugal,Brazil,,,,,,,,,,
Japan,,,,,,,,,,,
Italy,,,,,,,,,,,
Saudi Arabia,Egypt,,,,,,,,,,
Korea,,,,,,,,,,,
Japan,,,,,,,,,,,
China,,,,,,,,,,,
China,,,,,,,,,,,
USA,,,,,,,,,,,
Mexico,Canada,,,,,,,,,,
China,Canada,,,,,,,,,,
Australia,,,,,,,,,,,
Austria,,,,,,,,,,,
France,Germany,Belgium,Cameroon,,,,,,,,
The Netherlands,Germany,,,,,,,,,,
China,,,,,,,,,,,
China,,,,,,,,,,,
China,,,,,,,,,,,
Serbia,,,,,,,,,,,
Denmark,,,,,,,,,,,
USA,,,,,,,,,,,
Switzerland,,,,,,,,,,,
Spain,,,,,,,,,,,
Taiwan,,,,,,,,,,,
Japan,,,,,,,,,,,
USA,,,,,,,,,,,
USA,,,,,,,,,,,
Egypt,USA,,,,,,,,,,
Romania,,,,,,,,,,,
USA,China,,,,,,,,,,
Germany,,,,,,,,,,,
Mexico,Indonesia,USA,Brazil,,,,,,,,
Korea,,,,,,,,,,,
USA,Korea,,,,,,,,,,
Vietnam,,,,,,,,,,,
Taiwan,,,,,,,,,,,
Korea,,,,,,,,,,,
Korea,,,,,,,,,,,
China,,,,,,,,,,,
UK,Italy,,,,,,,,,,
Italy,,,,,,,,,,,
Japan,,,,,,,,,,,
Canada,,,,,,,,,,,
Taiwan,,,,,,,,,,,
China,,,,,,,,,,,
Korea,,,,,,,,,,,
Australia,,,,,,,,,,,
Korea,,,,,,,,,,,
Brazil,USA,,,,,,,,,,
USA,,,,,,,,,,,
Australia,USA,UK,,,,,,,,,
Australia,,,,,,,,,,,
USA,China,,,,,,,,,,
Italy,,,,,,,,,,,
Switzerland,,,,,,,,,,,
USA,,,,,,,,,,,
USA,,,,,,,,,,,
Japan,,,,,,,,,,,
China,,,,,,,,,,,
Spain,,,,,,,,,,,
USA,,,,,,,,,,,
France,,,,,,,,,,,
China,,,,,,,,,,,
USA,,,,,,,,,,,
Japan,,,,,,,,,,,
Canada,,,,,,,,,,,
Malaysia,,,,,,,,,,,
UK,Czech Republic,,,,,,,,,,
Canada,,,,,,,,,,,
Malaysia,,,,,,,,,,,
Thailand,,,,,,,,,,,
Turkey,,,,,,,,,,,
China,,,,,,,,,,,
Taiwan,,,,,,,,,,,
UK,,,,,,,,,,,
The Netherlands,Belgium,,,,,,,,,,
China,,,,,,,,,,,
Mexico,USA,,,,,,,,,,
Japan,China,,,,,,,,,,
USA,,,,,,,,,,,
Switzerland,,,,,,,,,,,
Germany,,,,,,,,,,,
USA,,,,,,,,,,,
Mexico,,,,,,,,,,,
South Africa,UK,,,,,,,,,,
Italy,,,,,,,,,,,
USA,,,,,,,,,,,
Norway,,,,,,,,,,,
Japan,,,,,,,,,,,
USA,New Zealand,,,,,,,,,,
Australia,,,,,,,,,,,
UK,,,,,,,,,,,
Taiwan,,,,,,,,,,,
France,,,,,,,,,,,
USA,,,,,,,,,,,
China,,,,,,,,,,,
Brazil,,,,,,,,,,,
China,,,,,,,,,,,
China,,,,,,,,,,,
Germany,,,,,,,,,,,
USA,,,,,,,,,,,
Korea,,,,,,,,,,,
USA,,,,,,,,,,,
China,,,,,,,,,,,
USA,,,,,,,,,,,
France,,,,,,,,,,,
USA,,,,,,,,,,,
Italy,,,,,,,,,,,
Poland,Sweden,,,,,,,,,,
Italy,,,,,,,,,,,
Germany,,,,,,,,,,,
Australia,,,,,,,,,,,
Australia,USA,UK,,,,,,,,,
Brazil,,,,,,,,,,,
Brazil,,,,,,,,,,,
China,,,,,,,,,,,
The Netherlands,,,,,,,,,,,
Japan,,,,,,,,,,,
Italy,,,,,,,,,,,
USA,,,,,,,,,,,
Taiwan,,,,,,,,,,,
France,,,,,,,,,,,
Canada,,,,,,,,,,,
USA,,,,,,,,,,,
Korea,,,,,,,,,,,
Korea,,,,,,,,,,,
Korea,,,,,,,,,,,
Taiwan,,,,,,,,,,,
Macedonia,,,,,,,,,,,
Germany,,,,,,,,,,,
China,,,,,,,,,,,
Croatia,,,,,,,,,,,
Brazil,,,,,,,,,,,
China,,,,,,,,,,,
Germany,,,,,,,,,,,
Brazil,,,,,,,,,,,
China,,,,,,,,,,,
Spain,Romania,,,,,,,,,,
Korea,,,,,,,,,,,
USA,,,,,,,,,,,
Belgium,UK,Germany,USA,Guinea,New Zealand,,,,,,
Japan,,,,,,,,,,,
China,,,,,,,,,,,
Spain,,,,,,,,,,,
Denmark,UK,,,,,,,,,,
France,,,,,,,,,,,
Belgium,,,,,,,,,,,
USA,,,,,,,,,,,
Serbia,,,,,,,,,,,
USA,,,,,,,,,,,
Korea,,,,,,,,,,,
Poland,,,,,,,,,,,
China,,,,,,,,,,,
France,USA,Croatia,Canada,,,,,,,,
Mexico,,,,,,,,,,,
USA,,,,,,,,,,,
USA,,,,,,,,,,,
China,,,,,,,,,,,
Thailand,,,,,,,,,,,
Japan,,,,,,,,,,,
Spain,China,,,,,,,,,,
Japan,USA,Switzerland,,,,,,,,,
Portugal,,,,,,,,,,,
China,,,,,,,,,,,
USA,,,,,,,,,,,
Japan,,,,,,,,,,,
Germany,Italy,,,,,,,,,,
USA,,,,,,,,,,,
Malaysia,,,,,,,,,,,
Australia,,,,,,,,,,,
Spain,,,,,,,,,,,
Australia,,,,,,,,,,,
Mexico,,,,,,,,,,,
Denmark,,,,,,,,,,,
Mexico,,,,,,,,,,,
USA,,,,,,,,,,,
Croatia,Italy,,,,,,,,,,
Slovenia,,,,,,,,,,,
India,USA,,,,,,,,,,
Canada,,,,,,,,,,,
China,,,,,,,,,,,
USA,,,,,,,,,,,
Italy,,,,,,,,,,,
USA,,,,,,,,,,,
India,,,,,,,,,,,
USA,,,,,,,,,,,
India,,,,,,,,,,,
China,,,,,,,,,,,
China,,,,,,,,,,,
Hungary,,,,,,,,,,,
Australia,,,,,,,,,,,
USA,Canada,,,,,,,,,,
USA,,,,,,,,,,,
New Zealand,UK,,,,,,,,,,
Japan,,,,,,,,,,,
Sweden,,,,,,,,,,,
Australia,USA,Canada,,,,,,,,,
Australia,USA,UK,Canada,,,,,,,,
Canada,,,,,,,,,,,
Germany,Sweden,,,,,,,,,,
USA,,,,,,,,,,,
Mexico,,,,,,,,,,,
Japan,,,,,,,,,,,
Italy,,,,,,,,,,,
Taiwan,,,,,,,,,,,
UK,,,,,,,,,,,
South Africa,,,,,,,,,,,
USA,,,,,,,,,,,
China,,,,,,,,,,,
Germany,,,,,,,,,,,
UK,,,,,,,,,,,
USA,Italy,,,,,,,,,,
Spain,,,,,,,,,,,
USA,,,,,,,,,,,
Mexico,Colombia,,,,,,,,,,
Canada,,,,,,,,,,,
USA,China,,,,,,,,,,
China,,,,,,,,,,,
Saudi Arabia,The Netherlands,Germany,,,,,,,,,
USA,,,,,,,,,,,
Australia,Germany,Canada,,,,,,,,,
Cameroon,,,,,,,,,,,
China,,,,,,,,,,,
Australia,,,,,,,,,,,
Slovenia,,,,,,,,,,,
Turkey,Singapore,,,,,,,,,,
USA,,,,,,,,,,,
Mexico,,,,,,,,,,,
UK,,,,,,,,,,,
Moldova,USA,Germany,,,,,,,,,
Belgium,Germany,,,,,,,,,,
USA,,,,,,,,,,,
France,,,,,,,,,,,
Brazil,,,,,,,,,,,
USA,,,,,,,,,,,
USA,,,,,,,,,,,
Taiwan,,,,,,,,,,,
Malaysia,,,,,,,,,,,
Spain,Italy,,,,,,,,,,
Spain,,,,,,,,,,,
Brazil,,,,,,,,,,,
China,,,,,,,,,,,
USA,,,,,,,,,,,
China,,,,,,,,,,,
Australia,,,,,,,,,,,
China,,,,,,,,,,,
Argentina,,,,,,,,,,,
China,,,,,,,,,,,
Indonesia,Nicaragua,,,,,,,,,,
India,Poland,,,,,,,,,,
Italy,,,,,,,,,,,
Syria,Canada,,,,,,,,,,
USA,UK,,,,,,,,,,
Norway,,,,,,,,,,,
Italy,,,,,,,,,,,
China,,,,,,,,,,,
China,,,,,,,,,,,
Australia,,,,,,,,,,,
USA,,,,,,,,,,,
Czech Republic,,,,,,,,,,,
Japan,,,,,,,,,,,
USA,,,,,,,,,,,
Taiwan,,,,,,,,,,,
New Zealand,,,,,,,,,,,
Finland,,,,,,,,,,,
UK,Korea,,,,,,,,,,
China,,,,,,,,,,,
Korea,,,,,,,,,,,
Korea,,,,,,,,,,,
Korea,,,,,,,,,,,
Mexico,,,,,,,,,,,
Taiwan,,,,,,,,,,,
Japan,Canada,,,,,,,,,,
China,,,,,,,,,,,
Egypt,,,,,,,,,,,
USA,,,,,,,,,,,
Japan,USA,,,,,,,,,,
Romania,,,,,,,,,,,
USA,,,,,,,,,,,
China,,,,,,,,,,,
USA,,,,,,,,,,,
India,,,,,,,,,,,
Italy,,,,,,,,,,,
Singapore,Canada,,,,,,,,,,
Argentina,Spain,,,,,,,,,,
UK,Germany,,,,,,,,,,
USA,,,,,,,,,,,
Poland,,,,,,,,,,,
USA,,,,,,,,,,,
Japan,UK,,,,,,,,,,
Austria,Russia,,,,,,,,,,
Malaysia,,,,,,,,,,,
France,,,,,,,,,,,
China,,,,,,,,,,,
Mexico,,,,,,,,,,,
Germany,,,,,,,,,,,
Japan,,,,,,,,,,,
France,Cameroon,,,,,,,,,,
China,,,,,,,,,,,
Germany,,,,,,,,,,,
Japan,Spain,Poland,,,,,,,,,
Germany,,,,,,,,,,,
Finland,,,,,,,,,,,
Italy,,,,,,,,,,,
New Zealand,,,,,,,,,,,
USA,,,,,,,,,,,
USA,,,,,,,,,,,
Brazil,,,,,,,,,,,
Korea,,,,,,,,,,,
Korea,,,,,,,,,,,
USA,China,,,,,,,,,,
USA,,,,,,,,,,,
USA,,,,,,,,,,,
Canada,,,,,,,,,,,
Philippines,USA,,,,,,,,,,
Belgium,,,,,,,,,,,
Canada,,,,,,,,,,,
Mexico,,,,,,,,,,,
Australia,,,,,,,,,,,
USA,Korea,,,,,,,,,,
Italy,,,,,,,,,,,
Korea,,,,,,,,,,,
USA,,,,,,,,,,,
USA,,,,,,,,,,,
Brazil,,,,,,,,,,,
France,Denmark,Spain,,,,,,,,,
USA,,,,,,,,,,,
Turkey,,,,,,,,,,,
Singapore,,,,,,,,,,,
USA,,,,,,,,,,,
Japan,Thailand,,,,,,,,,,
Sweden,,,,,,,,,,,
USA,,,,,,,,,,,
USA,,,,,,,,,,,
UK,,,,,,,,,,,
Saudi Arabia,,,,,,,,,,,
Lithuania,,,,,,,,,,,
Estonia,,,,,,,,,,,
France,,,,,,,,,,,
USA,,,,,,,,,,,
India,,,,,,,,,,,
Japan,,,,,,,,,,,
China,,,,,,,,,,,
Spain,,,,,,,,,,,
Thailand,USA,,,,,,,,,,
Japan,,,,,,,,,,,
UK,,,,,,,,,,,
USA,Denmark,Spain,,,,,,,,,
Canada,,,,,,,,,,,
Australia,,,,,,,,,,,
Austria,,,,,,,,,,,
UK,,,,,,,,,,,
USA,,,,,,,,,,,
Australia,,,,,,,,,,,
Canada,,,,,,,,,,,
Canada,,,,,,,,,,,
Italy,,,,,,,,,,,
Denmark,,,,,,,,,,,
Germany,,,,,,,,,,,
Japan,,,,,,,,,,,
USA,,,,,,,,,,,
Switzerland,Germany,,,,,,,,,,
USA,,,,,,,,,,,
India,,,,,,,,,,,
Spain,,,,,,,,,,,
Finland,,,,,,,,,,,
USA,,,,,,,,,,,
USA,,,,,,,,,,,
New Zealand,,,,,,,,,,,
USA,,,,,,,,,,,
Singapore,,,,,,,,,,,
Taiwan,,,,,,,,,,,
China,,,,,,,,,,,
Italy,,,,,,,,,,,
Poland,,,,,,,,,,,
Germany,,,,,,,,,,,
Mexico,,,,,,,,,,,
Chile,Spain,,,,,,,,,,
Japan,China,,,,,,,,,,
Japan,,,,,,,,,,,
UK,,,,,,,,,,,
USA,,,,,,,,,,,
USA,China,,,,,,,,,,
France,,,,,,,,,,,
China,,,,,,,,,,,
Japan,Taiwan,,,,,,,,,,
Mexico,,,,,,,,,,,
Greece,UK,,,,,,,,,,
Germany,,,,,,,,,,,
USA,,,,,,,,,,,
Germany,,,,,,,,,,,
Saudi Arabia,,,,,,,,,,,
USA,,,,,,,,,,,
France,China,,,,,,,,,,
Canada,,,,,,,,,,,
Japan,,,,,,,,,,,
Australia,,,,,,,,,,,
USA,,,,,,,,,,,
India,Croatia,,,,,,,,,,
Thailand,,,,,,,,,,,
Spain,Morocco,,,,,,,,,,
UK,Germany,,,,,,,,,,
Taiwan,,,,,,,,,,,
Italy,,,,,,,,,,,
Turkey,,,,,,,,,,,
Israel,,,,,,,,,,,
Australia,,,,,,,,,,,
Turkey,,,,,,,,,,,
UK,,,,,,,,,,,
Korea,,,,,,,,,,,
Japan,,,,,,,,,,,
Switzerland,,,,,,,,,,,
USA,,,,,,,,,,,
USA,,,,,,,,,,,
USA,Taiwan,,,,,,,,,,
Japan,,,,,,,,,,,
USA,,,,,,,,,,,
Poland,,,,,,,,,,,
Saudi Arabia,Egypt,,,,,,,,,,
Switzerland,,,,,,,,,,,
Taiwan,,,,,,,,,,,
Switzerland,,,,,,,,,,,
South Africa,,,,,,,,,,,
Brazil,,,,,,,,,,,
Belgium,,,,,,,,,,,
Thailand,,,,,,,,,,,
China,,,,,,,,,,,
Australia,,,,,,,,,,,
USA,Israel,,,,,,,,,,
USA,,,,,,,,,,,
India,,,,,,,,,,,
USA,,,,,,,,,,,
Australia,,,,,,,,,,,
France,,,,,,,,,,,
UK,,,,,,,,,,,
Australia,,,,,,,,,,,
Japan,,,,,,,,,,,
Austria,,,,,,,,,,,
Switzerland,,,,,,,,,,,
Canada,,,,,,,,,,,
Kuwait,Saudi Arabia,,,,,,,,,,
Tunisia,,,,,,,,,,,
USA,,,,,,,,,,,
Switzerland,,,,,,,,,,,
