0,1,2
Saudi Arabia,,
Saudi Arabia,Egypt,
Portugal,,
Korea,,
Japan,,
Switzerland,,
China,,
Malaysia,,
China,,
USA,China,
Turkey,,
Turkey,,
Croatia,,
Saudi Arabia,,
Spain,,
USA,China,
China,,
Canada,,
Saudi Arabia,,
India,,
Canada,,
China,,
Algeria,,
Turkey,,
China,,
Iran,,
Russia,,
Algeria,,
India,,
Turkey,,
Turkey,,
Malaysia,,
Turkey,,
Turkey,,
Turkey,,
Turkey,,
Turkey,,
USA,,
USA,,
USA,China,
Brazil,USA,
Germany,,
Egypt,,
China,,
Morocco,,
Slovakia,,
Finland,Czech Republic,Slovakia
Australia,,
China,,
Switzerland,China,
France,USA,
Egypt,,
USA,,
Latvia,Sweden,
Brazil,,
France,,
Ukraine,,
Tunisia,,
Malaysia,,
Russia,,
China,,
Armenia,,
Egypt,,
Spain,Montenegro,
Singapore,,
Egypt,,
Algeria,,
India,,
India,,
Germany,,
Canada,,
Algeria,,
Ukraine,Germany,
India,,
Austria,,
Brazil,,
China,,
China,,
Malaysia,,
USA,Germany,
India,Austria,
USA,,
Cuba,,
USA,Poland,
India,,
Canada,,
USA,China,
China,,
USA,,
Korea,,
Cuba,,
Egypt,,
Argentina,,
Poland,,
Thailand,,
Greece,,
Turkey,,
Turkey,,
Japan,,
Turkey,,
Turkey,,
Turkey,,
Bahrain,,
Azerbaijan,Turkey,
Turkey,,
Turkey,,
Turkey,,
South Africa,,
Iran,,
Egypt,,
Egypt,,
China,,
USA,,
USA,,
Lithuania,,
USA,,
Serbia,India,Germany
Germany,,
Japan,Germany,
Malaysia,,
Saudi Arabia,Egypt,
Slovakia,Sweden,
Saudi Arabia,,
USA,UK,
Switzerland,,
Saudi Arabia,,
Slovakia,,
Italy,,
France,,
Austria,,
Turkey,,
Russia,,
Japan,,
Japan,,
Hungary,Belgium,
Greece,,
Russia,,
Russia,,
Russia,,
Korea,,
UK,,
Italy,,
France,,
Spain,,
Austria,,
USA,,
UK,,
Denmark,,
Canada,,
Portugal,,
Poland,,
Austria,,
Greece,,
Greece,,
Greece,,
Germany,,
Germany,,
Morocco,,
Morocco,,
Poland,,
China,,
USA,Germany,
South Africa,,
Poland,,
India,,
Canada,,
Poland,,
Poland,,
USA,,
Poland,,
Russia,,
Russia,,
Russia,,
Saudi Arabia,,
Saudi Arabia,,
Taiwan,,
Austria,,
Croatia,,
Romania,,
Romania,,
Romania,,
Romania,,
New Zealand,,
New Zealand,,
China,,
China,,
Japan,,
Germany,,
Cuba,Germany,
China,,
Egypt,,
Argentina,,
China,,
Egypt,USA,
India,,
Canada,,
South Africa,,
India,USA,
Tunisia,,
Algeria,,
Mongolia,Germany,
Austria,,
Austria,,
China,,
India,,
Poland,,
Japan,China,
Japan,China,
India,,
Japan,,
USA,Belgium,
India,,
Iran,,
Argentina,Uzbekistan,
France,Russia,Germany
Germany,,
USA,,
Greece,,
Morocco,,
Saudi Arabia,USA,Egypt
Bulgaria,,
Bulgaria,,
Bulgaria,,
,,
Germany,,
Argentina,Denmark,
UK,,
Argentina,USA,
Italy,,
Sweden,,
Turkey,,
Turkey,,
Turkey,,
Turkey,,
South Africa,,
Turkey,,
South Africa,,
South Africa,,
Turkey,,
Turkey,,
Turkey,,
Azerbaijan,,
Azerbaijan,,
Bahrain,,
USA,Croatia,
Iran,,
Italy,,
Romania,,
,,
,,
China,,
China,,
Malaysia,,
,,
Poland,,
United Arab Emirates,,
United Arab Emirates,,
United Arab Emirates,,
Spain,,
Spain,,
Spain,,
Spain,,
Spain,,
Spain,,
Spain,,
Norway,,
China,,
Saudi Arabia,,
France,Morocco,
Ukraine,,
India,,
Russia,,
Canada,,
Austria,,
Austria,,
Austria,,
Austria,,
Norway,Poland,
Poland,,
Norway,Italy,
Russia,,
Argentina,Spain,
Spain,,
Denmark,,
Austria,,
Austria,,
Austria,,
Germany,,
Germany,,
USA,,
China,,
Austria,,
China,,
China,,
China,,
China,,
China,,
Czech Republic,,
Saudi Arabia,,
Saudi Arabia,,
Saudi Arabia,,
Saudi Arabia,,
Morocco,,
Germany,,
Spain,Switzerland,China
France,Russia,
Switzerland,,
Saudi Arabia,,
USA,,
Austria,,
USA,,
USA,Italy,
Switzerland,,
Egypt,,
China,,
China,,
Spain,,
China,,
Poland,,
Japan,,
Japan,Canada,China
Japan,,
Japan,,
China,,
Canada,,
Australia,,
China,,
Germany,,
Poland,,
China,,
China,,
USA,China,
Switzerland,,
USA,,
USA,,
USA,,
Slovakia,,
Spain,,
Ireland,,
USA,,
Slovakia,Germany,
Canada,Switzerland,China
Germany,,
