0,1
Switzerland,
Switzerland,
Switzerland,
Bulgaria,
Bulgaria,
USA,
USA,
South Africa,
Turkey,
Turkey,
South Africa,
Greece,
Turkey,
USA,
Switzerland,
Poland,
USA,
USA,
USA,
USA,
Russia,
Russia,
USA,
USA,
Morocco,
Germany,
Switzerland,
Switzerland,
Mexico,
Mexico,
Mexico,
Mexico,
USA,
USA,
Australia,
Brazil,
USA,
UK,Germany
Germany,
Russia,
Russia,
Russia,
Russia,
Russia,
Switzerland,
Russia,
Switzerland,
Austria,
Switzerland,
China,
Russia,
Switzerland,
USA,
Poland,
Slovakia,
Germany,
USA,
Russia,Canada
India,
France,Morocco
France,Morocco
France,Morocco
Morocco,
Morocco,
China,
Spain,
Czech Republic,
Azerbaijan,Turkey
USA,
Turkey,
Turkey,UK
Turkey,
USA,Turkey
Turkey,
India,Belgium
Portugal,
Russia,
France,
Switzerland,
Spain,
Switzerland,
Switzerland,
Switzerland,
Ukraine,
India,
Switzerland,
USA,
Russia,
Russia,
France,
Spain,
Turkey,
USA,Turkey
Turkey,
USA,Turkey
Turkey,
Turkey,
Turkey,
Turkey,
Poland,
Slovakia,
Slovakia,
Hungary,USA
USA,China
USA,Korea
Russia,
Australia,
USA,Spain
Switzerland,
USA,
USA,
UK,
