0,1,2
India,,
Turkey,,
Turkey,,
Turkey,,
Turkey,,
Russia,,
Latvia,,
Slovakia,,
Slovakia,,
Slovakia,,
Switzerland,,
Poland,,
Romania,,
USA,,
USA,,
USA,,
USA,,
USA,,
USA,,
USA,,
USA,,
USA,,
USA,,
Russia,,
Australia,,
Russia,,
Russia,,
Czech Republic,,
India,,
USA,,
Australia,,
Turkey,,
Turkey,,
Turkey,,
India,,
India,,
Poland,,
Switzerland,,
Switzerland,,
India,,
Australia,,
Australia,,
Australia,,
Australia,,
Australia,,
Australia,,
Australia,,
Australia,,
Austria,,
China,,
India,,
Slovakia,,
Slovakia,,
Czech Republic,,
USA,,
Czech Republic,UK,Slovakia
Switzerland,,
Switzerland,,
Switzerland,,
Switzerland,,
Switzerland,,
Switzerland,,
Switzerland,,
Switzerland,,
Russia,,
Slovakia,,
Turkey,,
Turkey,,
Slovakia,,
Hungary,,
Hungary,,
Slovakia,,
Switzerland,,
Switzerland,,
China,,
Slovakia,,
India,,
Switzerland,,
