0,1,2
USA,,
India,,
USA,,
Argentina,,
USA,,
India,,
USA,,
Australia,Austria,
Turkey,,
Saudi Arabia,,
Turkey,,
China,,
China,,
India,,
China,,
Ireland,,
China,,
Ireland,,
China,,
Korea,,
Korea,,
Italy,,
Spain,,
China,,
China,,
USA,,
Portugal,UK,
Turkey,,
USA,Turkey,
Turkey,,
Turkey,,
Turkey,,
Turkey,,
Poland,,
Austria,,
Mexico,,
India,,
India,,
India,,
Australia,,
China,,
China,,
Austria,,
Germany,,
Germany,Nigeria,
Germany,Nigeria,
Morocco,,
Morocco,,
Morocco,,
Morocco,,
Spain,,
Romania,,
Austria,,
Serbia,Bosnia and Herzegovina,
USA,,
Korea,,
China,,
Serbia,Bosnia and Herzegovina,
UK,Sweden,
Poland,,
Romania,,
Germany,,
Korea,,
Portugal,,
Taiwan,,
Colombia,Spain,
Australia,,
China,,
Lithuania,,
Czech Republic,,
Czech Republic,,
Czech Republic,,
Romania,,
China,,
Japan,,
Spain,,
Italy,,
Belgium,Croatia,
Spain,China,
Taiwan,,
USA,Korea,
Italy,,
Japan,,
UK,,
Taiwan,,
Thailand,,
India,Spain,Italy
Thailand,,
Spain,,
Slovenia,,
Algeria,,
Algeria,,
China,,
USA,,
USA,,
Malaysia,,
Russia,Germany,
USA,Korea,
USA,,
Spain,,
China,,
Switzerland,,
Spain,,
Spain,Morocco,
Korea,,
USA,,
Mexico,,
USA,,
France,USA,
Austria,,
Egypt,,
Korea,Italy,
USA,,
India,,
USA,,
USA,,
USA,,
China,,
USA,,
USA,,
USA,,
USA,,
The Netherlands,,
USA,,
Croatia,,
Iran,,
Korea,China,
China,,
China,,
Saudi Arabia,,
Israel,,
Spain,,
Spain,,
Belgium,,
Serbia,,
Canada,,
USA,China,
China,,
Switzerland,,
China,,
Pakistan,,
Japan,China,
USA,,
USA,,
USA,,
USA,,
France,,
France,,
USA,Iran,
Morocco,,
Morocco,,
Morocco,,
Morocco,,
Bulgaria,,
USA,Morocco,
USA,Morocco,
France,USA,Iran
Romania,,
Morocco,,
Morocco,,
Morocco,,
Belgium,,
India,,
Indonesia,The Netherlands,
Ukraine,,
China,,
USA,,
Italy,,
France,,
Romania,,
South Africa,,
Germany,,
China,,
Iran,,
Taiwan,China,
Japan,,
Poland,,
USA,,
Colombia,Spain,
USA,,
USA,Canada,
Slovakia,,
USA,Korea,
India,,
USA,,
Turkey,Germany,
USA,,
Italy,,
France,,
Taiwan,,
China,,
France,Algeria,
Spain,,
Switzerland,,
Egypt,,
Egypt,,
India,,
USA,,
Egypt,,
India,,
Egypt,,
Korea,,
Slovenia,,
Thailand,,
China,,
China,,
China,,
Slovakia,,
China,,
Lithuania,,
Korea,,
Japan,UK,
Spain,,
Portugal,UK,
Thailand,,
USA,Korea,
Saudi Arabia,,
France,USA,Switzerland
USA,,
USA,,
USA,,
Australia,,
USA,,
USA,,
USA,,
USA,,
USA,,
Switzerland,,
South Africa,USA,
Korea,,
Poland,,
Spain,,
Switzerland,,
Switzerland,,
USA,,
Italy,,
UK,China,
UK,,
Spain,,
USA,,
UK,Russia,
Switzerland,,
Taiwan,,
Turkey,,
China,,
Spain,,
Spain,,
Brazil,,
Spain,,
France,,
UK,,
France,,
USA,,
France,,
Spain,,
USA,Bulgaria,
China,,
China,,
Serbia,,
France,USA,Iran
Morocco,,
Iran,,
Iran,,
Spain,,
USA,Romania,
Switzerland,,
Switzerland,,
Italy,,
Austria,,
Italy,,
Brazil,,
India,Korea,
Croatia,,
Brazil,,
Korea,,
USA,,
Thailand,,
Macedonia,,
Portugal,,
USA,Singapore,
Austria,,
Macedonia,Germany,
China,,
China,,
Spain,,
Lithuania,,
Czech Republic,,
Egypt,Germany,
Poland,,
Israel,,
Germany,,
Germany,,
UK,,
Poland,Italy,
Germany,,
Japan,Israel,
USA,Germany,
Germany,,
Germany,,
Germany,,
Germany,,
Germany,,
India,Germany,
Germany,,
Turkey,,
USA,China,
UK,,
China,,
Australia,,
Canada,,
USA,,
USA,,
Australia,,
USA,,
USA,,
China,,
Germany,,
Germany,,
China,,
Taiwan,,
Turkey,,
Turkey,,
Saudi Arabia,Turkey,
Turkey,,
Turkey,,
Turkey,,
Poland,,
Poland,,
India,,
India,,
Morocco,,
USA,,
USA,,
USA,,
USA,,
USA,,
USA,,
USA,,
Argentina,,
USA,,
USA,,
USA,,
France,Brazil,
Australia,,
UK,,
Russia,,
Turkey,,
Czech Republic,Slovakia,
USA,Russia,
Turkey,,
USA,Spain,
Japan,USA,
China,,
France,,
India,,
Pakistan,UK,
Slovakia,,
Portugal,,
Taiwan,,
Thailand,,
Belarus,,
Brazil,,
France,,
France,USA,
Croatia,,
Portugal,,
France,Italy,
Slovenia,,
Egypt,,
Germany,,
Saudi Arabia,,
Jordan,,
Egypt,,
Morocco,,
Morocco,,
Morocco,,
Turkey,,
Poland,,
Poland,,
Turkey,,
Morocco,Germany,
Morocco,,
Morocco,,
China,,
China,,
Norway,,
China,,
Spain,,
Japan,,
Japan,Indonesia,
Japan,,
USA,,
Tunisia,,
Macedonia,,
Spain,,
USA,,
Iran,,
China,,
Poland,,
Norway,,
Portugal,,
Lithuania,,
Lithuania,,
Iran,,
Iran,,
India,,
Czech Republic,,
Montenegro,,
Canada,,
Austria,,
Turkey,,
Turkey,,
Canada,,
Canada,,
Iran,,
Iran,,
Iran,,
USA,Iran,
USA,,
Brazil,Germany,
Poland,,
Poland,,
