0,1
Italy,
India,
Azerbaijan,
Turkey,
Saudi Arabia,
India,
Turkey,
Turkey,
Turkey,
China,
France,
Switzerland,
Spain,
Spain,
Switzerland,
Spain,
Spain,
Spain,
Spain,
Spain,
Spain,
Spain,
Spain,
Spain,
Spain,
India,
Slovakia,
China,
Malaysia,
Slovakia,
Switzerland,
USA,
USA,
China,
Turkey,
Turkey,
Turkey,
Turkey,
Romania,
USA,
Slovakia,
Switzerland,
Russia,
UK,
Australia,
Australia,
Australia,
Australia,
Australia,
Australia,
Australia,
Australia,
Australia,
Australia,
Australia,
Australia,
Australia,
Australia,
Australia,
Australia,
Australia,
Australia,
Australia,
Australia,
Australia,
Australia,
France,
Slovakia,
Australia,
Australia,
Israel,
UK,
Italy,
Italy,
Finland,UK
India,
India,
India,
China,
Russia,
Russia,
Russia,
Spain,
Italy,
Austria,
Austria,
