0,1,2,3,4
Thailand,,,,
Czech Republic,,,,
India,,,,
Thailand,Austria,,,
USA,,,,
India,,,,
Kenya,,,,
Nigeria,,,,
India,,,,
Japan,,,,
India,USA,,,
Mexico,,,,
Romania,,,,
Poland,,,,
USA,,,,
Japan,,,,
Japan,,,,
Japan,,,,
Japan,,,,
Japan,,,,
The Netherlands,,,,
France,Belgium,Austria,Sweden,
Austria,,,,
Japan,,,,
Austria,,,,
Austria,,,,
Japan,,,,
Japan,,,,
Japan,,,,
Taiwan,,,,
Taiwan,,,,
Belgium,,,,
Japan,,,,
USA,,,,
USA,,,,
Japan,,,,
Japan,,,,
Sweden,,,,
Korea,,,,
USA,China,,,
Italy,,,,
Japan,Korea,,,
Japan,,,,
China,,,,
Mexico,,,,
Poland,,,,
Portugal,USA,,,
Spain,,,,
Chile,,,,
Germany,,,,
Japan,Canada,,,
USA,,,,
USA,,,,
China,,,,
Czech Republic,Slovakia,,,
USA,,,,
Taiwan,,,,
Poland,Germany,,,
Australia,,,,
China,,,,
China,,,,
Switzerland,,,,
USA,,,,
USA,UK,,,
Turkey,,,,
Saudi Arabia,,,,
Brazil,,,,
Turkey,,,,
Turkey,,,,
USA,,,,
Greece,,,,
Japan,,,,
USA,,,,
Australia,China,,,
China,,,,
USA,Korea,,,
USA,,,,
Spain,,,,
USA,,,,
Canada,,,,
Japan,China,,,
Turkey,,,,
Turkey,,,,
Turkey,,,,
Italy,,,,
China,,,,
Japan,China,,,
USA,China,,,
Taiwan,,,,
Mexico,,,,
France,,,,
Portugal,,,,
Croatia,,,,
France,,,,
Spain,,,,
USA,,,,
Italy,,,,
USA,,,,
Romania,,,,
USA,,,,
Germany,,,,
China,,,,
USA,Hong Kong,China,,
South Africa,New Zealand,,,
Belgium,Romania,,,
Pakistan,UK,,,
Austria,,,,
Mexico,USA,Venezuela,,
Taiwan,,,,
France,,,,
USA,,,,
China,,,,
Turkey,,,,
Russia,Italy,,,
Italy,,,,
Mexico,,,,
Lithuania,,,,
Slovenia,,,,
China,,,,
Germany,,,,
China,,,,
China,,,,
Turkey,,,,
India,,,,
Thailand,,,,
India,,,,
China,,,,
China,,,,
Japan,China,,,
The Netherlands,Romania,,,
Czech Republic,,,,
Spain,,,,
Taiwan,,,,
UK,,,,
Poland,,,,
Russia,,,,
China,,,,
China,,,,
Japan,,,,
Portugal,Brazil,,,
Germany,,,,
Australia,Denmark,,,
India,,,,
Denmark,,,,
Denmark,,,,
Turkey,,,,
Iran,,,,
Pakistan,,,,
Italy,,,,
Serbia,,,,
USA,,,,
Germany,,,,
Italy,,,,
France,,,,
India,,,,
Mexico,USA,Venezuela,,
China,,,,
Germany,,,,
Czech Republic,,,,
Czech Republic,,,,
Taiwan,,,,
China,,,,
France,Morocco,,,
,,,,
Austria,Czech Republic,,,
USA,,,,
Japan,Turkey,,,
USA,,,,
Turkey,,,,
Korea,,,,
Malaysia,,,,
Malaysia,,,,
China,,,,
China,,,,
Italy,,,,
Korea,,,,
Australia,China,,,
Serbia,,,,
Korea,,,,
Turkey,,,,
Portugal,,,,
Germany,,,,
Canada,,,,
Switzerland,,,,
Korea,,,,
China,Canada,,,
China,,,,
China,,,,
Romania,,,,
India,USA,,,
Saudi Arabia,,,,
USA,,,,
USA,Italy,,,
Hungary,Germany,,,
Serbia,,,,
Jordan,,,,
Austria,,,,
Turkey,,,,
Greece,,,,
Korea,,,,
France,Morocco,,,
France,,,,
USA,,,,
Canada,,,,
USA,,,,
USA,,,,
Mexico,,,,
Spain,,,,
India,,,,
Russia,Italy,,,
Switzerland,,,,
India,,,,
China,,,,
Germany,,,,
Slovenia,,,,
China,,,,
Finland,,,,
USA,,,,
Israel,,,,
Canada,,,,
Korea,,,,
USA,Switzerland,,,
Germany,,,,
Germany,,,,
Switzerland,,,,
USA,Germany,,,
South Africa,Belgium,,,
Spain,,,,
Italy,,,,
Turkey,,,,
China,,,,
China,,,,
Spain,,,,
USA,,,,
The Netherlands,,,,
Spain,,,,
China,,,,
Italy,,,,
Turkey,,,,
Indonesia,Sweden,,,
India,,,,
Taiwan,,,,
China,,,,
Israel,,,,
France,,,,
Korea,,,,
China,,,,
UK,,,,
Brazil,,,,
Denmark,Vietnam,,,
Germany,,,,
USA,,,,
Poland,Czech Republic,,,
Korea,,,,
USA,,,,
Japan,USA,Germany,,
USA,,,,
Saudi Arabia,,,,
Romania,,,,
China,,,,
China,,,,
Japan,,,,
Taiwan,,,,
Macedonia,Bulgaria,Germany,,
Belgium,China,,,
Switzerland,,,,
Japan,,,,
Serbia,Switzerland,,,
India,,,,
Brazil,,,,
France,,,,
Austria,,,,
Belgium,,,,
China,,,,
Turkey,,,,
Cuba,Germany,,,
Mexico,,,,
Finland,,,,
Spain,Czech Republic,,,
Poland,,,,
USA,,,,
Japan,,,,
Mexico,,,,
Croatia,,,,
Turkey,,,,
Saudi Arabia,,,,
USA,,,,
Spain,,,,
Italy,,,,
Sweden,,,,
Germany,,,,
Czech Republic,,,,
Italy,,,,
France,Belgium,Iran,,
Spain,Italy,,,
USA,,,,
Turkey,,,,
Germany,,,,
China,,,,
Italy,,,,
Japan,,,,
India,,,,
China,,,,
Korea,,,,
Portugal,,,,
Japan,,,,
China,,,,
Norway,,,,
France,,,,
China,,,,
China,,,,
Thailand,USA,,,
United Arab Emirates,Jordan,Germany,,
UK,,,,
Thailand,,,,
USA,China,,,
Italy,,,,
China,,,,
Slovenia,,,,
Korea,,,,
Czech Republic,,,,
USA,Czech Republic,,,
France,Switzerland,Germany,Cameroon,Pakistan
Argentina,,,,
USA,,,,
Spain,,,,
Turkey,,,,
Italy,,,,
Colombia,,,,
China,,,,
Pakistan,,,,
China,,,,
China,,,,
Switzerland,,,,
Czech Republic,,,,
Brazil,,,,
Korea,,,,
Switzerland,,,,
China,,,,
China,,,,
Mexico,Spain,,,
Korea,,,,
Germany,Iran,,,
Spain,,,,
France,Algeria,,,
USA,,,,
France,Australia,,,
Italy,,,,
Germany,,,,
Japan,,,,
USA,,,,
India,,,,
The Netherlands,Greece,,,
Brazil,,,,
India,,,,
Taiwan,,,,
Serbia,,,,
Finland,,,,
Austria,,,,
China,,,,
China,,,,
Japan,,,,
Switzerland,,,,
Germany,,,,
Czech Republic,,,,
Brazil,,,,
Romania,,,,
Greece,,,,
USA,,,,
USA,,,,
USA,,,,
USA,,,,
USA,,,,
USA,,,,
USA,,,,
USA,,,,
USA,,,,
Taiwan,,,,
Cameroon,,,,
,,,,
USA,,,,
USA,,,,
Jordan,,,,
Greece,,,,
Slovakia,,,,
Saudi Arabia,,,,
Czech Republic,Slovakia,,,
Korea,,,,
USA,,,,
Finland,,,,
Canada,,,,
Turkey,,,,
Taiwan,,,,
Czech Republic,,,,
China,,,,
Portugal,Thailand,,,
China,Korea,,,
Germany,,,,
China,,,,
China,,,,
Italy,,,,
Greece,,,,
Taiwan,,,,
China,,,,
Japan,,,,
Czech Republic,,,,
Spain,,,,
China,,,,
USA,,,,
Singapore,China,,,
France,,,,
Spain,,,,
China,,,,
China,,,,
Spain,,,,
India,,,,
USA,Iran,,,
India,,,,
India,,,,
USA,Iran,,,
USA,Iran,,,
France,Morocco,,,
Morocco,,,,
France,Morocco,,,
Poland,,,,
Poland,,,,
Morocco,,,,
Morocco,,,,
Morocco,,,,
Morocco,,,,
France,Morocco,,,
France,Morocco,,,
Macedonia,,,,
Macedonia,,,,
Saudi Arabia,,,,
China,,,,
China,,,,
Czech Republic,,,,
Norway,Korea,,,
Korea,,,,
China,,,,
China,,,,
Saudi Arabia,,,,
India,,,,
Bulgaria,,,,
Lithuania,Austria,,,
Morocco,,,,
USA,Iran,,,
China,,,,
Czech Republic,,,,
China,,,,
China,,,,
China,,,,
Portugal,,,,
USA,China,,,
Korea,,,,
China,,,,
Korea,,,,
China,,,,
USA,,,,
Korea,,,,
China,,,,
Brazil,,,,
Iran,,,,
Romania,,,,
China,,,,
Argentina,Chile,,,
Saudi Arabia,,,,
Czech Republic,,,,
Portugal,Chile,,,
Thailand,,,,
USA,,,,
France,Greece,Kenya,,
Greece,Montenegro,UK,,
Croatia,,,,
Greece,,,,
China,,,,
Brazil,,,,
Switzerland,,,,
China,,,,
China,,,,
China,,,,
China,,,,
Greece,,,,
USA,,,,
Romania,,,,
The Netherlands,Romania,,,
France,,,,
Taiwan,,,,
China,,,,
China,,,,
China,,,,
Thailand,,,,
China,,,,
Japan,,,,
China,,,,
Switzerland,,,,
Korea,,,,
Italy,,,,
China,,,,
Germany,,,,
China,,,,
Taiwan,,,,
Korea,,,,
Taiwan,,,,
France,,,,
Canada,,,,
Italy,,,,
France,,,,
Portugal,Thailand,USA,,
Romania,,,,
Switzerland,,,,
Japan,,,,
China,,,,
USA,China,,,
China,,,,
Ireland,,,,
Greece,,,,
China,,,,
China,,,,
Greece,,,,
Germany,,,,
China,,,,
Thailand,Korea,,,
Turkey,,,,
Turkey,,,,
China,,,,
India,,,,
Poland,,,,
Palestine,,,,
USA,,,,
USA,,,,
India,,,,
Japan,,,,
Nigeria,,,,
India,,,,
USA,,,,
Iran,,,,
Thailand,,,,
Poland,Germany,,,
Poland,,,,
Morocco,,,,
France,,,,
USA,,,,
China,,,,
China,,,,
China,,,,
Spain,,,,
Russia,,,,
Germany,,,,
Poland,,,,
Cuba,Germany,,,
Serbia,,,,
Japan,Korea,,,
China,,,,
Greece,,,,
China,,,,
Serbia,,,,
Germany,,,,
Czech Republic,,,,
China,,,,
China,,,,
China,,,,
Japan,,,,
China,,,,
United Arab Emirates,Jordan,Germany,,
Canada,,,,
China,,,,
Serbia,,,,
Serbia,,,,
Turkey,,,,
Brazil,Spain,,,
France,Algeria,,,
Brazil,,,,
China,,,,
USA,,,,
China,,,,
Romania,,,,
Belgium,,,,
Australia,Guinea,,,
USA,,,,
China,,,,
China,,,,
China,,,,
Turkey,,,,
India,,,,
Chile,,,,
China,,,,
China,,,,
China,,,,
USA,Czech Republic,,,
Iran,,,,
USA,China,,,
Germany,,,,
Croatia,Bosnia and Herzegovina,,,
China,,,,
China,,,,
Italy,,,,
Thailand,,,,
Thailand,,,,
Italy,,,,
Turkey,,,,
China,,,,
Slovenia,,,,
Pakistan,UK,,,
Belgium,,,,
China,,,,
Thailand,,,,
Finland,Spain,Romania,,
Spain,,,,
Japan,China,,,
France,Algeria,,,
Slovakia,,,,
China,,,,
China,,,,
Belgium,,,,
Mexico,,,,
China,,,,
Pakistan,,,,
Australia,Guinea,,,
Japan,,,,
Japan,,,,
China,,,,
Romania,,,,
Belgium,,,,
China,,,,
China,,,,
China,,,,
Italy,,,,
China,,,,
Denmark,,,,
Denmark,,,,
Romania,,,,
Czech Republic,Slovakia,,,
Japan,,,,
Korea,,,,
Spain,,,,
Austria,,,,
China,,,,
Serbia,,,,
China,,,,
Poland,Czech Republic,,,
USA,,,,
USA,,,,
Japan,,,,
Saudi Arabia,,,,
Poland,,,,
Finland,Czech Republic,,,
Serbia,,,,
