0,1,2
Spain,,
Croatia,,
Uzbekistan,,
USA,Slovenia,
USA,Slovenia,
Poland,,
Cuba,Argentina,Spain
Cuba,Argentina,Spain
China,,
Hungary,,
USA,Romania,
Canada,,
Cuba,Argentina,Uzbekistan
Denmark,,
UK,,
USA,Croatia,
Argentina,Uzbekistan,
India,,
India,,
Jordan,,
Japan,,
Jordan,,
Poland,,
Czech Republic,Slovakia,
Poland,,
Saudi Arabia,,
Turkey,,
Turkey,,
Turkey,,
Turkey,,
Turkey,,
Turkey,,
Turkey,,
Turkey,,
Turkey,,
Turkey,,
Turkey,,
Turkey,,
USA,Turkey,
Turkey,,
Turkey,,
USA,,
Belgium,,
Argentina,,
Cuba,Argentina,Spain
France,Poland,
Israel,,
Iran,,
China,,
Algeria,,
Jordan,,
China,,
Iran,,
Turkey,,
China,,
Czech Republic,,
China,,
USA,,
Japan,,
Japan,,
Japan,China,
Japan,Germany,
Russia,Germany,
China,,
Germany,,
India,,
USA,,
USA,Cameroon,
Nigeria,,
USA,,
USA,,
USA,,
Bangladesh,,
India,,
UK,Venezuela,
Turkey,,
Algeria,,
China,,
France,,
Turkey,,
Egypt,Austria,
China,,
South Africa,USA,
Iran,,
Iran,,
Austria,,
Egypt,,
Austria,,
USA,Austria,
USA,,
Japan,,
Spain,,
Spain,,
Spain,UK,
Japan,,
USA,,
USA,,
India,,
India,,
Tunisia,,
China,,
Germany,,
USA,,
China,,
Portugal,The Netherlands,
Russia,,
Australia,Thailand,
Germany,,
Japan,,
Slovakia,,
France,,
India,,
Turkey,,
Turkey,Germany,
Turkey,,
Turkey,,
India,,
Turkey,,
Turkey,,
India,,
Turkey,,
India,,
Japan,,
Bulgaria,,
Spain,,
Colombia,,
Saudi Arabia,,
Germany,Morocco,
Spain,,
Bulgaria,,
USA,,
China,,
Greece,,
USA,Czech Republic,Germany
Poland,,
Mexico,,
Tunisia,,
Poland,,
USA,Poland,
China,,
Morocco,,
Poland,,
Japan,,
Argentina,,
France,Algeria,
Malaysia,,
USA,China,
Egypt,,
Saudi Arabia,,
Saudi Arabia,,
Saudi Arabia,,
Jordan,,
India,,
Austria,Germany,
Czech Republic,,
Czech Republic,,
Poland,,
Australia,,
Australia,,
Australia,Germany,
Australia,,
Australia,,
Australia,,
Australia,USA,
New Zealand,,
Australia,,
Australia,USA,
New Zealand,,
Australia,,
Australia,,
USA,,
Lithuania,,
Portugal,Thailand,
Japan,,
Japan,,
Russia,Germany,
USA,,
USA,,
Spain,,
Spain,,
Spain,,
Spain,,
Spain,,
Portugal,Spain,
Spain,,
Spain,,
UK,,
Spain,,
Germany,,
Turkey,,
Turkey,,
Turkey,,
Malaysia,,
Turkey,,
Saudi Arabia,,
Turkey,,
Montenegro,,
USA,Czech Republic,
Poland,,
USA,,
France,,
USA,Russia,
Hungary,,
Czech Republic,Slovakia,
Turkey,,
Germany,,
Austria,Czech Republic,Slovakia
Turkey,,
USA,,
USA,,
Hungary,,
USA,,
USA,,
Saudi Arabia,,
Germany,,
Germany,,
Spain,,
Spain,,
Spain,,
Morocco,,
Morocco,,
Morocco,,
India,,
Hungary,,
Hungary,,
Hungary,,
Hungary,,
USA,,
Japan,,
New Zealand,,
New Zealand,,
New Zealand,,
Austria,,
France,Armenia,The Netherlands
India,Austria,
India,,
Czech Republic,,
USA,,
Russia,,
Germany,,
Italy,,
Czech Republic,,
USA,,
USA,,
Israel,,
Czech Republic,,
Czech Republic,Slovakia,
USA,Italy,
USA,,
India,,
Austria,,
Germany,,
USA,,
USA,,
Cameroon,,
Nigeria,,
USA,,
USA,,
USA,,
USA,,
Poland,,
Russia,,
USA,,
USA,,
USA,,
USA,,
United Arab Emirates,,
USA,,
Poland,,
USA,,
Russia,,
USA,,
USA,,
Japan,,
China,,
Spain,,
Portugal,The Netherlands,
Japan,USA,
Iran,,
Iran,,
China,,
Iran,,
Iran,,
Poland,,
Iran,,
Morocco,,
Morocco,,
Morocco,,
India,,
Morocco,,
Iran,,
Saudi Arabia,,
Saudi Arabia,,
Saudi Arabia,,
Saudi Arabia,USA,
Saudi Arabia,USA,
Iran,,
China,,
Morocco,,
Morocco,,
Slovakia,,
Iran,,
Iran,,
Australia,,
Italy,,
USA,,
India,Sweden,Slovakia
Iran,,
Turkey,,
Austria,Slovakia,
Germany,,
USA,,
France,Morocco,
UK,,
Germany,,
Russia,,
