0,1,2,3,4,5
USA,,,,,
Canada,,,,,
Canada,,,,,
Spain,,,,,
Spain,,,,,
USA,Korea,,,,
Australia,,,,,
China,,,,,
Austria,Slovakia,,,,
USA,,,,,
Serbia,,,,,
Korea,,,,,
Brazil,,,,,
France,Switzerland,Italy,,,
USA,Poland,,,,
Tunisia,,,,,
Egypt,USA,,,,
Russia,,,,,
China,,,,,
China,,,,,
Switzerland,,,,,
Croatia,,,,,
Russia,,,,,
Korea,,,,,
Canada,China,,,,
Indonesia,UK,,,,
Finland,,,,,
Brazil,,,,,
USA,,,,,
USA,,,,,
Germany,,,,,
Switzerland,,,,,
France,,,,,
Kuwait,,,,,
Japan,USA,,,,
Italy,,,,,
USA,,,,,
Japan,,,,,
China,,,,,
Czech Republic,,,,,
Japan,,,,,
Korea,,,,,
Taiwan,,,,,
Korea,,,,,
Taiwan,,,,,
Japan,,,,,
China,,,,,
USA,,,,,
Pakistan,,,,,
Japan,,,,,
Finland,,,,,
USA,,,,,
Sweden,,,,,
USA,,,,,
Korea,,,,,
USA,,,,,
USA,,,,,
Japan,,,,,
Belgium,,,,,
Finland,,,,,
Finland,,,,,
Portugal,,,,,
Belgium,,,,,
France,,,,,
Italy,,,,,
Austria,,,,,
Belgium,,,,,
France,,,,,
Portugal,,,,,
Belgium,Germany,,,,
Japan,,,,,
USA,,,,,
Kuwait,,,,,
USA,,,,,
Australia,UK,,,,
Germany,,,,,
Poland,,,,,
Estonia,,,,,
Taiwan,,,,,
USA,,,,,
Korea,,,,,
Cuba,Spain,,,,
Colombia,,,,,
Japan,,,,,
France,Spain,,,,
USA,,,,,
Canada,,,,,
Austria,Switzerland,,,,
Belgium,,,,,
Germany,,,,,
Brazil,,,,,
Germany,,,,,
Spain,,,,,
USA,,,,,
Italy,,,,,
Japan,,,,,
USA,Spain,Poland,,,
China,,,,,
Spain,,,,,
Slovakia,,,,,
Japan,,,,,
Canada,,,,,
USA,,,,,
USA,,,,,
Spain,,,,,
Portugal,USA,,,,
Italy,,,,,
Poland,,,,,
Finland,,,,,
China,,,,,
USA,,,,,
Cuba,Spain,,,,
Spain,,,,,
USA,,,,,
UK,Italy,,,,
Italy,,,,,
Italy,,,,,
USA,,,,,
Brazil,,,,,
USA,,,,,
Italy,,,,,
Switzerland,USA,Turkey,,,
China,,,,,
China,,,,,
China,,,,,
Mexico,,,,,
China,,,,,
Taiwan,,,,,
Russia,,,,,
China,,,,,
Brazil,,,,,
USA,,,,,
Mexico,Spain,,,,
USA,,,,,
India,,,,,
Taiwan,,,,,
Greece,,,,,
China,,,,,
USA,Singapore,,,,
Spain,,,,,
Spain,,,,,
China,,,,,
Malaysia,,,,,
USA,,,,,
Italy,,,,,
Argentina,,,,,
USA,,,,,
Japan,,,,,
Germany,China,,,,
UK,Italy,,,,
China,,,,,
Spain,,,,,
Spain,,,,,
USA,,,,,
Canada,,,,,
Lithuania,,,,,
Greece,,,,,
Sweden,,,,,
Jamaica,Canada,,,,
Korea,,,,,
Sweden,,,,,
South Africa,,,,,
New Zealand,,,,,
Spain,,,,,
USA,,,,,
Bahrain,,,,,
USA,,,,,
Taiwan,,,,,
Germany,,,,,
France,,,,,
Germany,,,,,
Japan,USA,,,,
USA,,,,,
France,,,,,
Ukraine,,,,,
Japan,Australia,,,,
China,,,,,
China,,,,,
Japan,,,,,
South Africa,,,,,
Australia,,,,,
USA,,,,,
USA,Canada,,,,
Spain,,,,,
France,,,,,
Germany,,,,,
USA,,,,,
France,Mexico,Spain,,,
Japan,,,,,
Russia,Switzerland,,,,
Spain,,,,,
Australia,,,,,
Japan,Taiwan,,,,
Spain,,,,,
Norway,,,,,
Turkey,,,,,
China,,,,,
USA,Canada,,,,
USA,,,,,
Czech Republic,,,,,
Portugal,,,,,
Turkey,,,,,
USA,,,,,
Canada,,,,,
Italy,,,,,
USA,Germany,,,,
Canada,,,,,
Poland,Italy,,,,
Italy,,,,,
Italy,,,,,
Korea,,,,,
Spain,,,,,
The Netherlands,,,,,
USA,,,,,
Thailand,,,,,
USA,,,,,
USA,,,,,
Spain,,,,,
Taiwan,,,,,
India,Korea,,,,
France,Mexico,,,,
China,,,,,
Singapore,,,,,
Sweden,,,,,
China,,,,,
China,,,,,
USA,,,,,
Japan,Malaysia,,,,
Japan,USA,,,,
USA,,,,,
Mexico,,,,,
Germany,,,,,
Thailand,,,,,
Switzerland,,,,,
South Africa,,,,,
Canada,,,,,
Serbia,,,,,
USA,,,,,
Belgium,Germany,,,,
UK,Germany,,,,
Japan,,,,,
Germany,,,,,
China,,,,,
USA,,,,,
USA,,,,,
Germany,,,,,
China,,,,,
UK,,,,,
UK,Colombia,Spain,Poland,,
France,,,,,
USA,,,,,
India,,,,,
Finland,,,,,
USA,,,,,
Spain,,,,,
USA,,,,,
China,,,,,
France,USA,,,,
Italy,,,,,
Slovenia,Austria,,,,
USA,,,,,
Australia,USA,Canada,,,
Italy,,,,,
UK,,,,,
USA,China,,,,
Lithuania,Austria,,,,
India,,,,,
USA,,,,,
Norway,,,,,
Poland,Korea,,,,
Italy,,,,,
USA,,,,,
Austria,Germany,,,,
Japan,,,,,
Japan,USA,,,,
Switzerland,,,,,
Argentina,Chile,,,,
Japan,,,,,
USA,,,,,
UK,,,,,
Italy,,,,,
Korea,,,,,
Spain,,,,,
Croatia,,,,,
Russia,,,,,
China,,,,,
The Netherlands,,,,,
Germany,,,,,
Armenia,Germany,,,,
USA,Colombia,,,,
USA,,,,,
Spain,,,,,
Australia,,,,,
Bahrain,,,,,
Turkey,,,,,
Turkey,,,,,
Saudi Arabia,,,,,
Turkey,,,,,
USA,,,,,
Germany,,,,,
China,,,,,
Portugal,Brazil,,,,
China,,,,,
Thailand,,,,,
USA,,,,,
USA,,,,,
Brazil,UK,,,,
Australia,,,,,
UK,,,,,
China,,,,,
USA,,,,,
USA,,,,,
Switzerland,,,,,
Germany,,,,,
France,,,,,
USA,,,,,
Thailand,,,,,
Switzerland,,,,,
Korea,,,,,
China,,,,,
Italy,,,,,
USA,,,,,
Germany,,,,,
Norway,Lithuania,Canada,,,
Korea,,,,,
USA,,,,,
USA,,,,,
Spain,,,,,
Japan,,,,,
USA,,,,,
The Netherlands,,,,,
Italy,,,,,
Italy,,,,,
Japan,,,,,
Pakistan,,,,,
China,,,,,
Italy,,,,,
Greece,,,,,
Belgium,,,,,
Russia,,,,,
Finland,Russia,,,,
Australia,,,,,
France,Austria,Germany,,,
UK,,,,,
USA,Denmark,,,,
Croatia,Slovenia,,,,
Italy,,,,,
Cameroon,,,,,
Italy,,,,,
USA,,,,,
Korea,,,,,
Spain,,,,,
Italy,,,,,
USA,,,,,
USA,Korea,,,,
Japan,Malaysia,,,,
UK,,,,,
Germany,,,,,
UK,,,,,
China,,,,,
Japan,,,,,
Iran,,,,,
USA,,,,,
Germany,Canada,,,,
USA,Turkey,,,,
Spain,,,,,
India,,,,,
Morocco,,,,,
South Africa,,,,,
Slovakia,,,,,
China,,,,,
Palestine,,,,,
USA,,,,,
Japan,,,,,
Switzerland,,,,,
Spain,,,,,
France,,,,,
Canada,,,,,
USA,,,,,
USA,Canada,,,,
Libya,,,,,
UK,Germany,,,,
France,UK,Switzerland,,,
Japan,,,,,
Korea,,,,,
China,,,,,
Spain,Switzerland,,,,
USA,,,,,
Italy,,,,,
Israel,,,,,
USA,,,,,
Spain,,,,,
Spain,Germany,,,,
Japan,,,,,
Sweden,,,,,
Spain,,,,,
USA,,,,,
USA,,,,,
Japan,,,,,
Denmark,Germany,,,,
Japan,Korea,,,,
Italy,,,,,
China,,,,,
UK,,,,,
Japan,,,,,
Saudi Arabia,Egypt,,,,
Italy,,,,,
USA,Canada,,,,
France,Spain,,,,
Turkey,,,,,
Greece,Poland,,,,
China,,,,,
USA,,,,,
Finland,,,,,
Tunisia,,,,,
USA,,,,,
Israel,,,,,
Austria,,,,,
USA,Poland,,,,
Germany,,,,,
South Africa,,,,,
Norway,,,,,
Denmark,,,,,
USA,,,,,
UK,,,,,
USA,,,,,
China,Germany,,,,
France,,,,,
Spain,,,,,
Japan,,,,,
Australia,,,,,
Canada,,,,,
Japan,,,,,
Italy,Germany,,,,
USA,,,,,
USA,,,,,
Korea,,,,,
China,,,,,
New Zealand,,,,,
China,,,,,
USA,,,,,
Spain,,,,,
Italy,,,,,
France,The Netherlands,,,,
Italy,,,,,
China,,,,,
UK,,,,,
Czech Republic,,,,,
Korea,,,,,
Japan,,,,,
Thailand,,,,,
USA,,,,,
China,,,,,
Japan,Indonesia,Korea,,,
USA,,,,,
France,,,,,
Belgium,,,,,
Italy,,,,,
Brazil,,,,,
USA,,,,,
USA,,,,,
Mexico,,,,,
USA,,,,,
South Africa,,,,,
The Netherlands,Sweden,,,,
Argentina,Italy,,,,
Japan,,,,,
France,,,,,
Japan,China,,,,
UK,,,,,
Spain,,,,,
UK,,,,,
Japan,,,,,
Spain,,,,,
Norway,,,,,
Taiwan,,,,,
France,,,,,
Australia,USA,UK,,,
Sweden,,,,,
Portugal,,,,,
Italy,,,,,
Japan,Korea,,,,
USA,,,,,
USA,,,,,
Japan,,,,,
Thailand,,,,,
Taiwan,,,,,
China,,,,,
Finland,,,,,
USA,,,,,
Algeria,,,,,
USA,,,,,
Spain,,,,,
Spain,,,,,
Italy,,,,,
USA,Qatar,,,,
USA,,,,,
UK,,,,,
USA,,,,,
Australia,,,,,
Japan,Malaysia,Singapore,,,
Brazil,,,,,
Korea,,,,,
New Zealand,,,,,
Serbia,,,,,
USA,,,,,
Romania,,,,,
USA,,,,,
Mexico,,,,,
France,,,,,
Sweden,,,,,
Germany,,,,,
France,Morocco,,,,
USA,,,,,
China,,,,,
Greece,,,,,
Canada,,,,,
India,,,,,
USA,Taiwan,,,,
USA,,,,,
UK,,,,,
Italy,,,,,
China,,,,,
Malaysia,,,,,
China,,,,,
France,,,,,
Chile,Belgium,,,,
China,,,,,
Tanzania,Kenya,,,,
Canada,,,,,
Cuba,Spain,,,,
Korea,,,,,
Japan,USA,,,,
Germany,,,,,
Finland,Denmark,,,,
USA,,,,,
Japan,,,,,
Japan,,,,,
Spain,,,,,
Japan,,,,,
Japan,,,,,
Canada,,,,,
USA,,,,,
USA,,,,,
Italy,,,,,
India,,,,,
Lithuania,Austria,,,,
USA,,,,,
China,,,,,
USA,,,,,
Germany,,,,,
USA,,,,,
Germany,,,,,
Korea,,,,,
USA,,,,,
USA,,,,,
Israel,,,,,
Italy,,,,,
Japan,,,,,
China,,,,,
Japan,,,,,
Japan,,,,,
Ireland,,,,,
Italy,,,,,
Japan,Brazil,USA,,,
Thailand,,,,,
Saudi Arabia,,,,,
China,,,,,
Greece,,,,,
Australia,USA,,,,
USA,,,,,
Spain,,,,,
USA,,,,,
USA,,,,,
Poland,,,,,
Taiwan,,,,,
France,,,,,
France,,,,,
Japan,Indonesia,The Netherlands,,,
Germany,,,,,
UK,,,,,
Estonia,Sweden,,,,
Finland,,,,,
Spain,,,,,
The Netherlands,,,,,
France,,,,,
USA,,,,,
Japan,Taiwan,,,,
Spain,,,,,
Finland,,,,,
USA,,,,,
USA,Spain,,,,
Italy,,,,,
Austria,Slovakia,,,,
Czech Republic,,,,,
USA,,,,,
USA,,,,,
Spain,,,,,
Thailand,,,,,
Canada,China,,,,
Italy,,,,,
The Netherlands,,,,,
Japan,,,,,
USA,,,,,
The Netherlands,,,,,
Taiwan,,,,,
China,,,,,
USA,,,,,
Spain,,,,,
China,,,,,
Serbia,,,,,
Austria,,,,,
Saudi Arabia,,,,,
USA,,,,,
USA,,,,,
Spain,,,,,
France,Australia,Algeria,,,
France,UK,,,,
Germany,Canada,,,,
Canada,China,,,,
Malaysia,,,,,
China,,,,,
Turkey,,,,,
Argentina,Spain,,,,
Canada,,,,,
Korea,,,,,
France,,,,,
USA,,,,,
Japan,,,,,
UK,,,,,
Mexico,Canada,,,,
USA,,,,,
UK,,,,,
Japan,Spain,Italy,,,
India,,,,,
Japan,,,,,
Spain,,,,,
Portugal,,,,,
France,USA,,,,
Germany,,,,,
Denmark,,,,,
Saudi Arabia,,,,,
Taiwan,,,,,
Italy,,,,,
Korea,,,,,
USA,,,,,
UK,,,,,
Spain,,,,,
Japan,,,,,
Greece,,,,,
Japan,,,,,
Poland,Czech Republic,Slovakia,,,
Switzerland,,,,,
Switzerland,,,,,
Japan,,,,,
USA,,,,,
USA,,,,,
USA,,,,,
Italy,,,,,
Taiwan,,,,,
France,,,,,
Belgium,Germany,,,,
USA,,,,,
USA,,,,,
Romania,Germany,,,,
USA,,,,,
Finland,USA,,,,
China,,,,,
Taiwan,,,,,
UK,China,,,,
France,USA,,,,
USA,,,,,
Italy,,,,,
Czech Republic,,,,,
China,,,,,
Belgium,,,,,
Malaysia,,,,,
Australia,UK,,,,
China,,,,,
Japan,,,,,
Italy,,,,,
Czech Republic,,,,,
Germany,,,,,
UK,,,,,
USA,,,,,
Slovenia,,,,,
France,,,,,
USA,,,,,
Japan,,,,,
USA,China,,,,
Cuba,Spain,,,,
Japan,Thailand,,,,
Spain,,,,,
Poland,,,,,
USA,,,,,
United Arab Emirates,,,,,
Mexico,,,,,
USA,,,,,
Canada,,,,,
Finland,Poland,Germany,,,
Austria,,,,,
Malaysia,,,,,
USA,,,,,
USA,,,,,
Venezuela,,,,,
Switzerland,,,,,
Italy,,,,,
Japan,USA,,,,
USA,,,,,
USA,,,,,
Spain,,,,,
Malaysia,,,,,
Malaysia,,,,,
Malaysia,,,,,
Malaysia,,,,,
France,,,,,
Malaysia,,,,,
Turkey,,,,,
China,,,,,
Azerbaijan,,,,,
USA,,,,,
USA,,,,,
France,,,,,
Korea,,,,,
China,,,,,
Korea,,,,,
South Africa,Argentina,,,,
Portugal,,,,,
Canada,,,,,
UK,,,,,
USA,,,,,
Spain,,,,,
Switzerland,,,,,
Italy,,,,,
Canada,,,,,
Cyprus,,,,,
China,,,,,
Czech Republic,,,,,
Canada,,,,,
Sweden,,,,,
UK,,,,,
China,,,,,
China,,,,,
Mexico,Canada,,,,
China,,,,,
USA,,,,,
Chile,,,,,
Germany,,,,,
Thailand,,,,,
USA,,,,,
Japan,,,,,
China,,,,,
Malaysia,,,,,
Taiwan,,,,,
China,,,,,
UK,,,,,
Italy,,,,,
Japan,Malaysia,,,,
USA,,,,,
Cyprus,,,,,
Mexico,USA,,,,
Cambodia,,,,,
USA,,,,,
Austria,,,,,
Finland,Belgium,Austria,,,
UK,,,,,
Argentina,,,,,
Germany,,,,,
Hungary,,,,,
Italy,,,,,
Greece,,,,,
Switzerland,,,,,
Germany,,,,,
China,,,,,
Japan,,,,,
USA,,,,,
USA,,,,,
Greece,,,,,
Czech Republic,,,,,
USA,,,,,
Cyprus,Greece,,,,
Malaysia,,,,,
Australia,,,,,
USA,,,,,
Germany,,,,,
Algeria,,,,,
Italy,,,,,
Mexico,,,,,
China,,,,,
Taiwan,,,,,
China,,,,,
Poland,,,,,
Spain,,,,,
UK,,,,,
Japan,,,,,
Poland,,,,,
Taiwan,,,,,
Australia,Singapore,,,,
Spain,,,,,
Spain,,,,,
China,,,,,
USA,,,,,
UK,,,,,
China,,,,,
France,,,,,
USA,China,,,,
USA,,,,,
Spain,,,,,
China,,,,,
Hong Kong,China,,,,
USA,China,,,,
Sweden,,,,,
USA,,,,,
France,Uganda,China,,,
India,,,,,
India,,,,,
Germany,,,,,
Belgium,,,,,
France,,,,,
Korea,,,,,
The Netherlands,,,,,
The Netherlands,,,,,
Canada,,,,,
France,,,,,
USA,Sweden,,,,
Portugal,,,,,
Portugal,,,,,
The Netherlands,,,,,
UK,,,,,
Belgium,,,,,
USA,,,,,
USA,,,,,
South Africa,USA,,,,
South Africa,Denmark,,,,
Germany,,,,,
Austria,,,,,
Taiwan,,,,,
USA,,,,,
France,Ireland,UK,,,
USA,,,,,
Taiwan,,,,,
Spain,,,,,
UK,,,,,
Germany,,,,,
Italy,Germany,,,,
China,,,,,
Korea,,,,,
Turkey,,,,,
Israel,,,,,
Germany,,,,,
Taiwan,,,,,
Spain,,,,,
India,,,,,
Greece,,,,,
USA,,,,,
China,,,,,
France,Spain,,,,
USA,,,,,
Greece,,,,,
France,Italy,,,,
China,,,,,
India,,,,,
Switzerland,,,,,
Korea,,,,,
India,,,,,
Japan,,,,,
Austria,,,,,
Singapore,,,,,
Germany,,,,,
UK,Italy,,,,
Lithuania,Austria,,,,
China,,,,,
USA,,,,,
The Netherlands,,,,,
Germany,,,,,
China,,,,,
Spain,,,,,
UK,,,,,
China,,,,,
China,,,,,
Malaysia,,,,,
Italy,,,,,
France,Mexico,,,,
Japan,,,,,
Canada,,,,,
Germany,,,,,
USA,,,,,
China,,,,,
Sweden,,,,,
USA,,,,,
Australia,,,,,
UK,,,,,
Portugal,,,,,
France,Spain,Belgium,,,
Spain,,,,,
USA,,,,,
USA,,,,,
Spain,,,,,
Mexico,,,,,
France,Japan,,,,
Greece,,,,,
Austria,,,,,
China,The Netherlands,Germany,,,
Serbia,,,,,
Portugal,Spain,,,,
China,,,,,
India,,,,,
Japan,,,,,
Italy,,,,,
Spain,,,,,
Italy,,,,,
China,,,,,
USA,,,,,
Denmark,Spain,UK,Germany,,
USA,,,,,
Taiwan,,,,,
Spain,,,,,
Serbia,,,,,
China,,,,,
USA,,,,,
Greece,,,,,
Turkey,,,,,
USA,,,,,
Portugal,Chile,,,,
Korea,,,,,
China,,,,,
USA,,,,,
Brazil,,,,,
India,,,,,
France,Switzerland,Finland,Germany,Denmark,Spain
USA,,,,,
Slovenia,Romania,,,,
USA,,,,,
Greece,,,,,
Italy,,,,,
Spain,,,,,
Russia,,,,,
Switzerland,,,,,
Germany,,,,,
Italy,,,,,
Portugal,,,,,
Thailand,,,,,
The Netherlands,,,,,
USA,Taiwan,,,,
France,Greece,USA,China,,
China,,,,,
USA,,,,,
Turkey,,,,,
Brazil,,,,,
France,,,,,
France,,,,,
Spain,,,,,
Spain,,,,,
Argentina,,,,,
Poland,,,,,
USA,,,,,
Germany,,,,,
Germany,,,,,
China,,,,,
USA,,,,,
Nigeria,,,,,
Spain,,,,,
Korea,,,,,
France,Ukraine,,,,
China,,,,,
Greece,,,,,
Spain,,,,,
Spain,,,,,
China,,,,,
USA,,,,,
Spain,,,,,
Spain,,,,,
Switzerland,,,,,
Greece,Poland,,,,
Jordan,,,,,
USA,,,,,
India,USA,Poland,,,
Australia,,,,,
Norway,USA,,,,
USA,,,,,
UK,,,,,
Australia,,,,,
USA,,,,,
South Africa,,,,,
USA,,,,,
Japan,,,,,
Denmark,Vietnam,,,,
USA,Canada,,,,
Italy,,,,,
USA,,,,,
Spain,,,,,
USA,Spain,,,,
Belgium,,,,,
Japan,,,,,
France,,,,,
Japan,Malaysia,Singapore,,,
Japan,,,,,
Italy,,,,,
Italy,,,,,
USA,,,,,
Norway,,,,,
Japan,,,,,
USA,,,,,
China,,,,,
USA,,,,,
Germany,,,,,
Mexico,,,,,
Czech Republic,,,,,
Japan,,,,,
Taiwan,,,,,
Spain,,,,,
USA,,,,,
India,,,,,
Japan,Korea,,,,
USA,,,,,
Norway,,,,,
Korea,,,,,
UK,,,,,
USA,,,,,
Japan,Australia,,,,
USA,,,,,
China,,,,,
Belgium,Burkina Faso,,,,
Italy,,,,,
Venezuela,,,,,
India,,,,,
The Netherlands,,,,,
Turkey,,,,,
Czech Republic,Slovakia,,,,
USA,,,,,
USA,,,,,
Japan,,,,,
Japan,USA,,,,
USA,,,,,
Malaysia,,,,,
Spain,,,,,
USA,,,,,
Korea,,,,,
Portugal,USA,,,,
China,,,,,
China,,,,,
Thailand,,,,,
Germany,,,,,
Japan,,,,,
USA,,,,,
Brazil,,,,,
Korea,,,,,
Brazil,,,,,
Taiwan,,,,,
China,,,,,
Mexico,Russia,,,,
China,,,,,
Japan,,,,,
Thailand,,,,,
Switzerland,,,,,
Mexico,,,,,
Spain,,,,,
China,,,,,
USA,Italy,,,,
Belgium,,,,,
Japan,,,,,
USA,,,,,
Brazil,,,,,
Taiwan,,,,,
New Zealand,,,,,
Canada,,,,,
India,,,,,
USA,,,,,
UK,,,,,
USA,,,,,
Taiwan,,,,,
USA,Taiwan,,,,
France,,,,,
UK,Italy,,,,
Switzerland,Germany,,,,
Japan,,,,,
Japan,,,,,
Italy,,,,,
Japan,,,,,
Greece,,,,,
Taiwan,,,,,
Spain,Germany,,,,
Portugal,,,,,
India,,,,,
China,,,,,
Germany,,,,,
Australia,USA,,,,
France,Estonia,,,,
Japan,,,,,
China,,,,,
Italy,,,,,
USA,,,,,
The Netherlands,UK,,,,
USA,,,,,
Romania,,,,,
Canada,,,,,
Japan,,,,,
USA,Korea,,,,
Canada,,,,,
Japan,,,,,
UK,,,,,
UK,,,,,
Spain,,,,,
USA,,,,,
Switzerland,Cameroon,,,,
Japan,,,,,
USA,,,,,
Italy,,,,,
USA,,,,,
Czech Republic,,,,,
Brazil,,,,,
Italy,,,,,
Italy,,,,,
Czech Republic,,,,,
The Netherlands,,,,,
France,,,,,
Taiwan,,,,,
India,,,,,
India,,,,,
USA,,,,,
Turkey,,,,,
Japan,,,,,
Italy,,,,,
Thailand,,,,,
Germany,,,,,
Bangladesh,,,,,
Brazil,,,,,
USA,,,,,
USA,,,,,
Germany,,,,,
Kuwait,,,,,
USA,,,,,
USA,Italy,,,,
Portugal,,,,,
Spain,UK,,,,
Singapore,,,,,
Taiwan,,,,,
China,,,,,
Japan,China,,,,
Czech Republic,,,,,
Macedonia,Italy,,,,
Malaysia,,,,,
India,,,,,
Canada,,,,,
Taiwan,,,,,
India,,,,,
USA,,,,,
France,,,,,
USA,,,,,
Vietnam,Korea,,,,
USA,,,,,
South Africa,,,,,
China,,,,,
Jordan,,,,,
Italy,,,,,
Australia,,,,,
Taiwan,,,,,
Germany,Canada,,,,
Iran,,,,,
Germany,,,,,
Canada,,,,,
Taiwan,,,,,
China,,,,,
Spain,,,,,
Australia,,,,,
Spain,,,,,
France,The Netherlands,Vietnam,,,
USA,,,,,
USA,,,,,
UK,,,,,
Malaysia,,,,,
Japan,,,,,
USA,,,,,
South Africa,,,,,
China,,,,,
USA,,,,,
USA,,,,,
USA,,,,,
Taiwan,,,,,
Spain,,,,,
USA,,,,,
China,,,,,
Iran,,,,,
Turkey,,,,,
Turkey,,,,,
Turkey,,,,,
Turkey,,,,,
USA,,,,,
France,Japan,Malaysia,,,
Greece,,,,,
Japan,,,,,
Australia,,,,,
The Netherlands,,,,,
France,Chile,,,,
Austria,,,,,
Canada,,,,,
USA,,,,,
USA,,,,,
Mexico,USA,,,,
Spain,,,,,
India,,,,,
Italy,,,,,
Malaysia,,,,,
Malaysia,,,,,
Malaysia,,,,,
Italy,,,,,
Spain,,,,,
France,USA,Iran,,,
USA,China,,,,
Korea,,,,,
Taiwan,,,,,
USA,Canada,,,,
China,,,,,
USA,,,,,
Finland,,,,,
Italy,,,,,
France,,,,,
Spain,,,,,
Korea,,,,,
Spain,,,,,
Japan,,,,,
Singapore,,,,,
Thailand,,,,,
Jordan,,,,,
China,,,,,
Italy,,,,,
Bulgaria,Poland,Greece,,,
Croatia,,,,,
India,,,,,
USA,Korea,,,,
China,,,,,
Canada,Vietnam,Germany,,,
India,,,,,
India,,,,,
Sweden,,,,,
France,,,,,
USA,,,,,
China,,,,,
Italy,,,,,
Canada,,,,,
USA,Trinidad and Tobago,,,,
Canada,,,,,
Japan,,,,,
Australia,,,,,
Japan,,,,,
Brazil,,,,,
Australia,,,,,
China,,,,,
France,Spain,UK,,,
United Arab Emirates,USA,,,,
China,,,,,
China,,,,,
Malaysia,,,,,
USA,,,,,
USA,,,,,
USA,,,,,
Taiwan,,,,,
Spain,,,,,
USA,,,,,
China,,,,,
UK,,,,,
Taiwan,,,,,
Japan,,,,,
Germany,,,,,
China,,,,,
China,,,,,
Japan,,,,,
Italy,,,,,
Argentina,,,,,
Portugal,,,,,
Serbia,,,,,
France,Romania,,,,
South Africa,,,,,
Austria,China,,,,
Italy,,,,,
USA,,,,,
China,,,,,
Poland,,,,,
Canada,,,,,
Italy,,,,,
USA,,,,,
Spain,,,,,
China,,,,,
Cambodia,Korea,,,,
Belgium,,,,,
Canada,,,,,
Czech Republic,,,,,
USA,China,,,,
USA,China,,,,
UK,,,,,
Taiwan,,,,,
Spain,,,,,
Spain,Italy,,,,
China,,,,,
China,,,,,
Japan,,,,,
Japan,,,,,
USA,,,,,
Australia,,,,,
Australia,UK,,,,
Brazil,,,,,
Japan,,,,,
Croatia,,,,,
Colombia,,,,,
France,,,,,
Austria,,,,,
Mexico,Spain,,,,
USA,,,,,
USA,China,,,,
Croatia,Austria,,,,
Taiwan,,,,,
USA,New Zealand,UK,,,
USA,,,,,
Nigeria,,,,,
Germany,,,,,
Italy,,,,,
Poland,,,,,
France,Canada,,,,
China,,,,,
Taiwan,,,,,
China,,,,,
Uzbekistan,Italy,,,,
Japan,,,,,
Italy,,,,,
France,,,,,
Czech Republic,,,,,
Germany,,,,,
Norway,USA,,,,
Spain,,,,,
Germany,,,,,
Greece,,,,,
Iran,,,,,
Japan,,,,,
China,,,,,
Mongolia,Germany,,,,
USA,,,,,
Switzerland,Germany,,,,
Germany,,,,,
Serbia,,,,,
Italy,,,,,
Spain,UK,Germany,,,
Slovenia,,,,,
Germany,,,,,
Korea,,,,,
Germany,,,,,
India,,,,,
India,,,,,
Austria,China,,,,
Spain,,,,,
Finland,,,,,
China,,,,,
Spain,,,,,
Belgium,,,,,
France,Japan,,,,
Italy,,,,,
Cyprus,,,,,
Australia,,,,,
Poland,,,,,
The Netherlands,Austria,,,,
Taiwan,,,,,
USA,,,,,
USA,,,,,
Italy,,,,,
Norway,,,,,
USA,,,,,
USA,UK,,,,
Israel,,,,,
Brazil,,,,,
Portugal,,,,,
Taiwan,,,,,
USA,,,,,
France,Tunisia,,,,
Spain,,,,,
Spain,,,,,
Brazil,,,,,
Taiwan,,,,,
Greece,Romania,,,,
Italy,,,,,
USA,Italy,,,,
USA,,,,,
USA,,,,,
Korea,,,,,
Korea,,,,,
Japan,,,,,
Korea,,,,,
Korea,,,,,
Switzerland,,,,,
France,Switzerland,,,,
Norway,,,,,
Belgium,,,,,
Japan,,,,,
South Africa,,,,,
Japan,,,,,
USA,,,,,
Sweden,,,,,
Belgium,,,,,
Germany,,,,,
Switzerland,Italy,,,,
Czech Republic,,,,,
Korea,,,,,
Japan,,,,,
Australia,,,,,
Australia,,,,,
Taiwan,,,,,
Taiwan,,,,,
China,,,,,
China,,,,,
Germany,,,,,
The Netherlands,,,,,
Korea,,,,,
China,,,,,
China,,,,,
Taiwan,,,,,
China,,,,,
China,,,,,
USA,,,,,
Switzerland,,,,,
Uruguay,Spain,,,,
China,,,,,
Italy,,,,,
USA,Taiwan,,,,
South Africa,,,,,
USA,,,,,
China,,,,,
USA,,,,,
USA,,,,,
France,Switzerland,,,,
Japan,,,,,
Lithuania,,,,,
Japan,,,,,
Poland,,,,,
Taiwan,,,,,
Austria,,,,,
Czech Republic,,,,,
Taiwan,,,,,
Portugal,,,,,
China,,,,,
Chile,,,,,
Korea,,,,,
Italy,,,,,
Bahrain,,,,,
Spain,,,,,
Spain,,,,,
Spain,,,,,
Korea,,,,,
Japan,,,,,
Pakistan,,,,,
Mexico,,,,,
Japan,,,,,
USA,,,,,
Australia,,,,,
Taiwan,,,,,
Spain,,,,,
Spain,,,,,
China,,,,,
Canada,,,,,
Saudi Arabia,,,,,
China,,,,,
Switzerland,,,,,
USA,,,,,
Belgium,,,,,
Spain,,,,,
Belgium,,,,,
Korea,,,,,
USA,,,,,
China,,,,,
Turkey,,,,,
UK,,,,,
China,,,,,
Singapore,China,,,,
Korea,,,,,
Japan,,,,,
Greece,,,,,
Lithuania,,,,,
Taiwan,,,,,
Japan,,,,,
Italy,,,,,
Korea,,,,,
Japan,,,,,
The Netherlands,,,,,
Romania,,,,,
South Africa,,,,,
Italy,,,,,
Switzerland,Sudan,Germany,,,
China,,,,,
Canada,China,,,,
Australia,,,,,
USA,,,,,
Greece,,,,,
Switzerland,,,,,
Canada,,,,,
India,,,,,
Germany,,,,,
Malaysia,,,,,
Turkey,,,,,
China,,,,,
Italy,,,,,
Greece,,,,,
Ireland,,,,,
USA,,,,,
Switzerland,,,,,
Turkey,,,,,
Italy,,,,,
Switzerland,,,,,
France,,,,,
France,USA,,,,
Korea,,,,,
Germany,,,,,
Portugal,,,,,
Brazil,,,,,
Canada,,,,,
USA,,,,,
USA,,,,,
USA,,,,,
Israel,,,,,
USA,,,,,
Argentina,,,,,
Japan,,,,,
South Africa,,,,,
Germany,,,,,
Israel,Canada,,,,
Spain,,,,,
Belgium,Spain,,,,
USA,UK,,,,
UK,Germany,,,,
Japan,USA,,,,
Spain,,,,,
Canada,,,,,
China,,,,,
Spain,,,,,
USA,,,,,
China,,,,,
China,,,,,
Japan,,,,,
South Africa,,,,,
USA,China,,,,
Portugal,,,,,
Italy,,,,,
Korea,,,,,
China,,,,,
India,,,,,
India,Korea,,,,
China,,,,,
China,,,,,
Taiwan,,,,,
Taiwan,,,,,
Italy,,,,,
USA,,,,,
Australia,The Netherlands,Korea,,,
Chile,,,,,
Germany,,,,,
Egypt,,,,,
Switzerland,,,,,
Greece,,,,,
Japan,,,,,
Spain,,,,,
Spain,,,,,
Taiwan,,,,,
Argentina,Chile,,,,
Australia,Philippines,USA,UK,,
China,,,,,
USA,,,,,
Ukraine,Canada,,,,
Italy,,,,,
Venezuela,,,,,
Iran,,,,,
Saudi Arabia,,,,,
USA,,,,,
Finland,,,,,
India,,,,,
India,Korea,,,,
Taiwan,,,,,
USA,,,,,
USA,,,,,
China,,,,,
Thailand,,,,,
Mexico,,,,,
China,,,,,
Italy,,,,,
Italy,,,,,
Greece,,,,,
France,USA,China,,,
Mexico,,,,,
Malaysia,,,,,
USA,Poland,,,,
Malaysia,,,,,
Italy,,,,,
China,,,,,
USA,,,,,
USA,,,,,
Korea,,,,,
Spain,,,,,
Germany,,,,,
Belgium,,,,,
Taiwan,,,,,
Sweden,,,,,
Czech Republic,,,,,
Vietnam,,,,,
China,,,,,
China,,,,,
USA,China,,,,
Thailand,Austria,,,,
Mexico,Spain,,,,
USA,,,,,
The Netherlands,Spain,,,,
Switzerland,,,,,
Italy,,,,,
The Netherlands,Germany,,,,
China,,,,,
USA,,,,,
Turkey,,,,,
Australia,,,,,
Japan,,,,,
United Arab Emirates,USA,,,,
Czech Republic,Slovakia,,,,
Brazil,,,,,
Italy,,,,,
Italy,,,,,
Italy,,,,,
Russia,,,,,
Spain,,,,,
Taiwan,,,,,
China,,,,,
Korea,,,,,
USA,,,,,
Spain,,,,,
Italy,,,,,
China,,,,,
Egypt,,,,,
China,,,,,
USA,Italy,,,,
Israel,,,,,
China,,,,,
USA,,,,,
China,,,,,
China,,,,,
Malaysia,,,,,
Russia,,,,,
Mexico,,,,,
Italy,,,,,
China,,,,,
Thailand,,,,,
USA,,,,,
USA,,,,,
Turkey,,,,,
USA,,,,,
Italy,,,,,
Japan,,,,,
China,,,,,
India,,,,,
Italy,,,,,
Uganda,UK,,,,
Australia,,,,,
UK,,,,,
Japan,,,,,
UK,,,,,
Spain,,,,,
Germany,,,,,
Japan,,,,,
Japan,,,,,
USA,,,,,
Germany,,,,,
China,,,,,
Cameroon,,,,,
Japan,,,,,
Germany,Italy,,,,
UK,,,,,
Romania,,,,,
Serbia,,,,,
Poland,Germany,,,,
Spain,,,,,
USA,Switzerland,Italy,,,
China,,,,,
China,,,,,
Austria,,,,,
UK,,,,,
Korea,,,,,
Germany,,,,,
The Netherlands,,,,,
China,,,,,
Belgium,,,,,
Germany,,,,,
Italy,,,,,
China,,,,,
USA,,,,,
USA,,,,,
Germany,,,,,
Germany,,,,,
USA,,,,,
Spain,,,,,
Germany,,,,,
France,,,,,
USA,,,,,
Taiwan,,,,,
France,,,,,
Algeria,,,,,
France,,,,,
France,,,,,
China,,,,,
Poland,Germany,,,,
Finland,,,,,
Russia,,,,,
USA,Singapore,,,,
Spain,,,,,
Switzerland,,,,,
Germany,,,,,
Korea,,,,,
Mexico,,,,,
Brazil,,,,,
China,,,,,
The Netherlands,Italy,,,,
Portugal,,,,,
Japan,,,,,
Russia,,,,,
UK,Canada,,,,
Tunisia,,,,,
Finland,,,,,
China,,,,,
China,,,,,
USA,,,,,
USA,,,,,
USA,,,,,
Taiwan,,,,,
Estonia,,,,,
China,,,,,
USA,,,,,
China,,,,,
Japan,,,,,
China,,,,,
USA,,,,,
Switzerland,Sweden,,,,
Serbia,,,,,
France,UK,,,,
Kazakhstan,Denmark,,,,
Austria,,,,,
Austria,,,,,
South Africa,Cameroon,,,,
Austria,,,,,
Austria,,,,,
Austria,Germany,,,,
Austria,,,,,
Austria,Slovakia,,,,
Slovakia,,,,,
Austria,,,,,
Italy,,,,,
Austria,,,,,
Austria,,,,,
Bosnia and Herzegovina,,,,,
Austria,Germany,,,,
Austria,,,,,
Korea,,,,,
Czech Republic,Slovakia,,,,
Belgium,,,,,
Germany,Austria,Slovakia,,,
Czech Republic,Slovakia,,,,
Slovakia,,,,,
Slovakia,,,,,
China,Austria,Germany,,,
Austria,,,,,
Austria,,,,,
Austria,,,,,
Austria,,,,,
Austria,,,,,
Austria,,,,,
Austria,,,,,
Germany,,,,,
Thailand,Austria,,,,
Italy,,,,,
Austria,,,,,
Czech Republic,,,,,
Czech Republic,,,,,
Austria,,,,,
Austria,,,,,
Austria,,,,,
Austria,,,,,
Austria,,,,,
Austria,,,,,
Austria,,,,,
Austria,Switzerland,,,,
Austria,,,,,
Austria,,,,,
Austria,,,,,
Austria,,,,,
Austria,,,,,
Austria,,,,,
Austria,,,,,
Slovakia,,,,,
Italy,,,,,
Austria,,,,,
Austria,,,,,
Austria,,,,,
Austria,Germany,,,,
Austria,,,,,
Austria,,,,,
Austria,,,,,
Austria,,,,,
Austria,,,,,
Austria,,,,,
Austria,,,,,
Austria,,,,,
Austria,,,,,
Austria,,,,,
Austria,,,,,
Austria,,,,,
Austria,,,,,
Austria,,,,,
Austria,,,,,
USA,Austria,,,,
Australia,,,,,
Austria,,,,,
Japan,,,,,
The Netherlands,Austria,,,,
Austria,Switzerland,,,,
Austria,,,,,
Austria,,,,,
Austria,,,,,
France,Austria,,,,
Austria,,,,,
Austria,,,,,
Germany,,,,,
Germany,,,,,
Austria,,,,,
Austria,,,,,
Austria,Germany,,,,
Austria,Germany,,,,
Austria,,,,,
Austria,,,,,
Austria,,,,,
The Netherlands,Switzerland,Germany,,,
South Africa,,,,,
Austria,Germany,,,,
Austria,Switzerland,,,,
Austria,,,,,
Austria,,,,,
Austria,,,,,
France,,,,,
Germany,,,,,
Finland,,,,,
Germany,,,,,
Switzerland,,,,,
Korea,,,,,
Italy,,,,,
Sweden,,,,,
Japan,,,,,
Greece,,,,,
Italy,,,,,
Italy,,,,,
Germany,,,,,
USA,,,,,
The Netherlands,Canada,China,,,
China,,,,,
Taiwan,,,,,
Japan,,,,,
USA,,,,,
China,,,,,
USA,,,,,
China,,,,,
Turkey,,,,,
Serbia,,,,,
USA,,,,,
Brazil,UK,,,,
Canada,,,,,
Argentina,Switzerland,,,,
Italy,,,,,
Korea,,,,,
USA,,,,,
Ireland,Italy,,,,
India,,,,,
India,,,,,
Portugal,,,,,
USA,,,,,
Serbia,,,,,
Taiwan,,,,,
China,,,,,
Jordan,,,,,
Lithuania,,,,,
Canada,,,,,
UK,Sweden,,,,
Iran,,,,,
Mexico,,,,,
Egypt,,,,,
Portugal,,,,,
Italy,,,,,
India,,,,,
Canada,,,,,
Canada,,,,,
Japan,New Zealand,China,,,
India,,,,,
USA,,,,,
USA,,,,,
Canada,,,,,
Japan,,,,,
Greece,,,,,
USA,,,,,
Poland,,,,,
Bahrain,,,,,
Turkey,,,,,
Turkey,,,,,
Taiwan,,,,,
Turkey,,,,,
Turkey,,,,,
The Netherlands,,,,,
France,,,,,
USA,,,,,
USA,,,,,
USA,,,,,
USA,,,,,
Japan,China,,,,
UK,Canada,,,,
Switzerland,,,,,
China,,,,,
Korea,,,,,
Taiwan,,,,,
The Netherlands,,,,,
USA,,,,,
China,,,,,
Thailand,,,,,
Thailand,,,,,
Czech Republic,,,,,
China,,,,,
Italy,,,,,
China,,,,,
Thailand,,,,,
Korea,,,,,
Korea,,,,,
Spain,,,,,
Italy,,,,,
The Netherlands,Germany,,,,
Canada,,,,,
Canada,,,,,
USA,,,,,
USA,,,,,
Germany,,,,,
Italy,,,,,
Belgium,,,,,
The Netherlands,,,,,
Denmark,,,,,
Japan,,,,,
Korea,,,,,
Norway,Germany,,,,
Belgium,,,,,
Belgium,,,,,
USA,UK,,,,
Japan,,,,,
Japan,,,,,
Taiwan,,,,,
France,,,,,
Japan,,,,,
Belgium,,,,,
Belgium,,,,,
USA,,,,,
Italy,,,,,
USA,,,,,
Romania,,,,,
USA,,,,,
Taiwan,,,,,
United Arab Emirates,USA,,,,
Italy,,,,,
Pakistan,,,,,
Lithuania,,,,,
China,,,,,
Japan,,,,,
China,,,,,
USA,,,,,
Greece,,,,,
China,,,,,
USA,,,,,
Malaysia,UK,,,,
Japan,,,,,
Italy,,,,,
China,,,,,
Spain,,,,,
USA,,,,,
Belgium,,,,,
Thailand,UK,,,,
Mexico,USA,,,,
USA,,,,,
Germany,,,,,
USA,,,,,
Brazil,,,,,
Colombia,,,,,
France,Malaysia,,,,
Czech Republic,Sweden,,,,
Poland,,,,,
USA,,,,,
USA,,,,,
Hungary,,,,,
Finland,,,,,
Iran,,,,,
Russia,,,,,
Russia,,,,,
Germany,,,,,
Denmark,,,,,
Taiwan,Poland,,,,
China,,,,,
Denmark,,,,,
Germany,,,,,
China,,,,,
China,,,,,
USA,,,,,
Serbia,Germany,,,,
USA,,,,,
Australia,,,,,
Serbia,,,,,
China,,,,,
The Netherlands,,,,,
Brazil,,,,,
Turkey,,,,,
Germany,,,,,
Germany,,,,,
Japan,Nepal,,,,
USA,Romania,,,,
Ukraine,Norway,,,,
USA,,,,,
Spain,,,,,
Spain,,,,,
India,,,,,
Egypt,,,,,
Italy,,,,,
Poland,Czech Republic,Slovakia,,,
UK,,,,,
USA,,,,,
USA,,,,,
Egypt,,,,,
Korea,,,,,
Poland,Czech Republic,,,,
Taiwan,,,,,
France,China,,,,
USA,,,,,
China,,,,,
France,Estonia,,,,
USA,,,,,
USA,,,,,
Italy,,,,,
Iran,,,,,
Czech Republic,,,,,
China,,,,,
Germany,,,,,
Poland,Germany,,,,
Bangladesh,,,,,
Japan,Czech Republic,,,,
USA,Taiwan,,,,
Poland,Italy,,,,
Chile,,,,,
USA,,,,,
Japan,,,,,
New Zealand,,,,,
Poland,,,,,
USA,China,,,,
Germany,,,,,
USA,,,,,
Italy,,,,,
Italy,,,,,
USA,,,,,
Japan,,,,,
Norway,USA,Russia,,,
UK,,,,,
Spain,,,,,
Germany,,,,,
Brazil,,,,,
The Netherlands,,,,,
USA,,,,,
Korea,,,,,
USA,China,,,,
France,,,,,
Poland,,,,,
Argentina,,,,,
USA,,,,,
China,,,,,
Saudi Arabia,,,,,
Iran,,,,,
India,,,,,
India,,,,,
Germany,,,,,
USA,,,,,
USA,,,,,
Spain,,,,,
China,,,,,
Italy,,,,,
UK,Germany,,,,
Spain,,,,,
Argentina,Spain,,,,
New Zealand,,,,,
Germany,,,,,
Taiwan,China,,,,
Japan,Spain,,,,
Russia,,,,,
USA,,,,,
Mexico,,,,,
Canada,,,,,
Spain,,,,,
Singapore,,,,,
Turkey,,,,,
Korea,,,,,
Turkey,,,,,
The Netherlands,,,,,
Brazil,,,,,
Malaysia,,,,,
Italy,,,,,
USA,Korea,,,,
Germany,,,,,
USA,,,,,
Taiwan,,,,,
Switzerland,Germany,,,,
France,UK,,,,
China,,,,,
USA,Korea,,,,
Poland,,,,,
USA,,,,,
France,,,,,
China,,,,,
Italy,,,,,
USA,Canada,,,,
Croatia,,,,,
China,,,,,
China,,,,,
Czech Republic,,,,,
Slovenia,,,,,
USA,Greece,,,,
Greece,,,,,
France,USA,,,,
Venezuela,,,,,
Spain,Italy,,,,
Spain,,,,,
Thailand,,,,,
USA,,,,,
Italy,,,,,
Italy,,,,,
USA,,,,,
Italy,,,,,
USA,,,,,
China,,,,,
Iran,,,,,
China,,,,,
Belgium,,,,,
China,,,,,
Romania,,,,,
China,,,,,
Greece,,,,,
Taiwan,,,,,
New Zealand,,,,,
Greece,,,,,
USA,,,,,
Taiwan,,,,,
Australia,Taiwan,,,,
China,,,,,
UK,,,,,
Malaysia,,,,,
USA,,,,,
Spain,,,,,
Spain,,,,,
Austria,,,,,
USA,China,,,,
Spain,,,,,
Czech Republic,,,,,
China,,,,,
Argentina,,,,,
Poland,,,,,
Germany,,,,,
The Netherlands,,,,,
China,,,,,
Germany,,,,,
China,,,,,
USA,,,,,
Thailand,,,,,
China,,,,,
Greece,,,,,
China,,,,,
Serbia,,,,,
Poland,,,,,
Belgium,,,,,
Finland,,,,,
Japan,China,,,,
USA,Italy,,,,
China,,,,,
USA,,,,,
Italy,,,,,
USA,,,,,
Estonia,,,,,
Canada,,,,,
USA,,,,,
Taiwan,,,,,
Kuwait,,,,,
China,,,,,
Italy,,,,,
Italy,,,,,
China,,,,,
USA,Sweden,,,,
Australia,Canada,,,,
China,,,,,
UK,,,,,
China,,,,,
Turkey,,,,,
China,,,,,
China,,,,,
Japan,,,,,
Poland,,,,,
Australia,,,,,
Canada,,,,,
Japan,,,,,
Thailand,,,,,
USA,,,,,
USA,,,,,
Italy,,,,,
China,,,,,
Egypt,,,,,
Canada,China,,,,
Mexico,,,,,
India,,,,,
USA,,,,,
USA,,,,,
USA,Turkey,,,,
France,,,,,
USA,,,,,
China,,,,,
Germany,,,,,
France,Poland,,,,
USA,,,,,
USA,,,,,
Korea,,,,,
India,,,,,
Germany,,,,,
Greece,,,,,
UK,,,,,
USA,,,,,
USA,,,,,
Israel,,,,,
India,USA,,,,
Finland,USA,,,,
USA,China,,,,
Poland,,,,,
China,,,,,
Brazil,,,,,
India,,,,,
China,,,,,
China,,,,,
USA,,,,,
USA,,,,,
Greece,,,,,
Germany,,,,,
Spain,Germany,,,,
Italy,,,,,
Germany,,,,,
Chile,,,,,
Mexico,,,,,
Romania,Germany,,,,
India,,,,,
USA,,,,,
USA,,,,,
USA,,,,,
Argentina,Spain,Chile,,,
USA,,,,,
Switzerland,,,,,
China,,,,,
USA,,,,,
China,,,,,
China,,,,,
Taiwan,,,,,
France,Mexico,UK,,,
Australia,,,,,
China,,,,,
China,,,,,
USA,,,,,
China,,,,,
France,Tunisia,,,,
Italy,,,,,
Italy,,,,,
Malaysia,,,,,
USA,Turkey,,,,
Slovakia,,,,,
Italy,,,,,
Belgium,,,,,
France,,,,,
China,,,,,
Italy,,,,,
Turkey,Canada,,,,
Italy,,,,,
Malaysia,,,,,
Mexico,Canada,Germany,,,
USA,,,,,
Romania,,,,,
Italy,,,,,
USA,,,,,
Iran,,,,,
The Netherlands,,,,,
USA,,,,,
Japan,,,,,
Spain,,,,,
China,,,,,
Japan,,,,,
USA,,,,,
Brazil,,,,,
Portugal,Spain,,,,
Japan,,,,,
India,,,,,
Saudi Arabia,,,,,
India,,,,,
USA,,,,,
Malaysia,,,,,
Malaysia,,,,,
Austria,,,,,
China,,,,,
Romania,,,,,
Korea,,,,,
China,,,,,
Germany,,,,,
India,,,,,
Spain,UK,,,,
China,,,,,
Germany,,,,,
Italy,,,,,
Belgium,Spain,,,,
China,,,,,
USA,Korea,,,,
USA,,,,,
France,,,,,
USA,,,,,
USA,,,,,
USA,,,,,
Germany,,,,,
Turkey,,,,,
India,Korea,,,,
USA,,,,,
Portugal,Austria,,,,
USA,,,,,
Japan,,,,,
USA,,,,,
Switzerland,,,,,
Chile,,,,,
Spain,,,,,
Turkey,,,,,
UK,,,,,
Norway,,,,,
India,,,,,
Serbia,,,,,
Korea,,,,,
Australia,,,,,
Japan,,,,,
Korea,,,,,
Italy,,,,,
China,,,,,
South Africa,,,,,
Norway,Belgium,,,,
China,,,,,
Korea,,,,,
Spain,,,,,
Spain,,,,,
Spain,,,,,
Italy,,,,,
Canada,,,,,
Germany,,,,,
Serbia,The Netherlands,,,,
Malaysia,,,,,
Thailand,,,,,
,,,,,
Brazil,,,,,
UK,,,,,
France,,,,,
Canada,,,,,
Singapore,,,,,
Canada,,,,,
Belgium,,,,,
USA,China,,,,
Greece,,,,,
Italy,,,,,
Germany,,,,,
Hong Kong,,,,,
Portugal,Spain,Morocco,,,
Malaysia,,,,,
UK,China,,,,
China,,,,,
Slovenia,,,,,
India,,,,,
Brazil,,,,,
