0,1,2,3
France,,,
Iran,,,
Brazil,,,
Poland,,,
Iran,,,
Croatia,,,
Poland,,,
Ireland,,,
France,Canada,Switzerland,China
France,Canada,Switzerland,China
Switzerland,China,,
USA,,,
Germany,,,
Iran,,,
Egypt,,,
Germany,,,
Ireland,,,
Egypt,,,
USA,,,
India,,,
Turkey,,,
Egypt,,,
Turkey,,,
Turkey,,,
Turkey,,,
Turkey,,,
Turkey,,,
Switzerland,China,,
Japan,,,
Finland,Austria,Slovakia,
Colombia,,,
Poland,,,
Poland,,,
Brazil,,,
USA,,,
USA,,,
China,,,
USA,,,
USA,,,
USA,,,
USA,,,
USA,,,
USA,,,
Austria,,,
Germany,,,
Austria,Germany,,
Serbia,,,
Greece,,,
Egypt,,,
Iran,,,
Austria,,,
Iran,,,
China,,,
USA,,,
USA,,,
USA,,,
USA,,,
USA,,,
USA,,,
USA,,,
Saudi Arabia,China,,
India,,,
Germany,,,
India,,,
USA,,,
Lithuania,,,
France,Morocco,,
USA,,,
USA,,,
USA,,,
USA,,,
USA,,,
USA,,,
USA,,,
USA,,,
UK,,,
Thailand,Austria,,
China,,,
Russia,Germany,,
Turkey,,,
India,,,
China,,,
Iran,,,
India,,,
Morocco,USA,UK,Italy
Italy,,,
Switzerland,,,
Argentina,,,
Japan,,,
USA,,,
UK,,,
Australia,USA,,
Argentina,,,
India,,,
USA,UK,Morocco,
USA,,,
Malaysia,,,
USA,,,
Ireland,,,
Morocco,,,
Turkey,,,
Egypt,,,
India,,,
India,,,
India,,,
Azerbaijan,,,
Turkey,,,
Turkey,,,
India,,,
China,,,
Egypt,,,
Slovakia,,,
France,USA,,
Japan,,,
China,,,
Spain,Morocco,,
Russia,,,
Poland,,,
USA,Russia,,
Algeria,,,
India,,,
Brazil,,,
Spain,Russia,Italy,
USA,,,
USA,,,
USA,,,
Poland,,,
USA,,,
Saudi Arabia,,,
Egypt,,,
India,,,
Brazil,,,
Germany,,,
India,,,
USA,,,
USA,,,
USA,,,
Israel,Sweden,,
USA,,,
India,,,
USA,,,
France,Tunisia,Czech Republic,
Austria,,,
Turkey,,,
France,Spain,,
Iran,,,
Brazil,,,
USA,,,
Sweden,Slovakia,,
Bulgaria,Greece,,
India,,,
UK,Czech Republic,Slovakia,
India,,,
France,USA,,
Hungary,Slovakia,,
The Netherlands,Israel,,
USA,,,
Japan,,,
India,,,
India,,,
Saudi Arabia,,,
India,,,
India,,,
Austria,,,
Italy,,,
Saudi Arabia,,,
Slovenia,,,
USA,,,
Norway,,,
Brazil,,,
China,,,
France,,,
Austria,,,
France,,,
India,,,
Poland,,,
USA,,,
Japan,,,
Japan,Switzerland,,
Sweden,,,
India,,,
Japan,Belgium,,
Belgium,,,
India,,,
Poland,,,
Japan,,,
China,,,
Italy,,,
Iran,,,
Turkey,,,
Turkey,,,
Turkey,,,
Czech Republic,Slovakia,,
Jamaica,,,
Switzerland,,,
Colombia,Germany,,
Portugal,,,
Belgium,Russia,Germany,
Austria,Romania,Czech Republic,
France,Belgium,,
UK,,,
Spain,,,
USA,,,
France,,,
France,,,
Switzerland,,,
Austria,,,
USA,,,
Austria,,,
USA,,,
USA,,,
China,,,
Italy,,,
Russia,Germany,,
Norway,,,
Canada,,,
Saudi Arabia,,,
Iran,,,
France,,,
Egypt,,,
Iran,,,
Germany,,,
Czech Republic,,,
USA,Austria,,
UK,Iran,,
Iran,,,
Brazil,,,
Russia,,,
India,,,
Turkey,,,
India,,,
Mexico,,,
France,Germany,,
Japan,,,
Switzerland,,,
UK,,,
Ukraine,Germany,,
Russia,,,
Turkey,,,
China,,,
Australia,USA,,
Iran,,,
Iran,,,
Sweden,,,
France,,,
Spain,,,
Austria,,,
Czech Republic,,,
India,,,
Brazil,USA,,
USA,Israel,,
Bulgaria,,,
Bulgaria,,,
USA,,,
Egypt,,,
USA,,,
USA,,,
Kyrgyzstan,USA,,
Israel,,,
Egypt,,,
India,USA,,
China,,,
Germany,,,
Germany,Slovakia,,
Poland,,,
Germany,,,
,,,
