0,1,2,3,4
USA,,,,
USA,,,,
USA,,,,
Malaysia,USA,,,
UK,,,,
France,China,,,
Italy,,,,
USA,,,,
USA,,,,
USA,,,,
Brazil,,,,
USA,,,,
USA,,,,
USA,,,,
India,,,,
Saudi Arabia,,,,
India,,,,
USA,,,,
USA,,,,
USA,,,,
Australia,,,,
Mexico,,,,
USA,,,,
USA,,,,
USA,,,,
USA,,,,
Austria,,,,
Japan,,,,
Thailand,China,,,
Kuwait,,,,
Kuwait,,,,
Malaysia,,,,
USA,,,,
Mexico,,,,
The Netherlands,,,,
Serbia,,,,
Brazil,,,,
Poland,,,,
China,,,,
USA,,,,
France,,,,
China,,,,
Korea,,,,
Japan,,,,
Japan,,,,
Japan,,,,
UK,,,,
Italy,,,,
China,,,,
Germany,,,,
USA,Germany,,,
China,,,,
Serbia,,,,
USA,,,,
USA,,,,
USA,,,,
USA,,,,
Australia,,,,
Japan,,,,
India,,,,
Switzerland,,,,
Korea,,,,
Saudi Arabia,,,,
Turkey,,,,
Russia,,,,
Thailand,,,,
Austria,,,,
UK,,,,
USA,,,,
Greece,,,,
Iran,,,,
China,,,,
Germany,,,,
USA,Korea,,,
Brazil,,,,
France,Spain,,,
Switzerland,Korea,,,
USA,,,,
Serbia,,,,
China,,,,
China,,,,
Romania,,,,
Japan,China,,,
South Africa,,,,
Turkey,,,,
USA,,,,
France,,,,
Slovakia,,,,
USA,,,,
Kuwait,Egypt,,,
Japan,,,,
Brazil,,,,
India,,,,
Italy,,,,
Taiwan,,,,
China,,,,
Japan,,,,
Italy,,,,
Korea,,,,
China,,,,
Italy,,,,
Uzbekistan,USA,Sri Lanka,Israel,
Slovenia,,,,
Norway,,,,
Norway,Germany,,,
Thailand,Sweden,,,
Japan,,,,
China,,,,
Japan,,,,
China,,,,
China,,,,
Austria,Germany,,,
Russia,,,,
Belgium,,,,
USA,,,,
Thailand,,,,
Greece,,,,
Australia,,,,
Turkey,,,,
Japan,,,,
USA,,,,
USA,,,,
USA,,,,
Italy,,,,
Korea,,,,
China,,,,
Germany,,,,
USA,Switzerland,,,
China,,,,
Italy,,,,
Australia,,,,
China,,,,
China,,,,
Japan,,,,
China,,,,
USA,,,,
China,,,,
Czech Republic,,,,
Italy,,,,
Spain,,,,
Italy,,,,
Turkey,,,,
USA,,,,
Korea,,,,
Korea,,,,
India,,,,
USA,,,,
USA,,,,
Korea,,,,
Norway,,,,
Spain,,,,
UK,,,,
Canada,,,,
Iran,,,,
Turkey,,,,
India,,,,
Turkey,,,,
Egypt,,,,
Taiwan,,,,
USA,China,,,
Norway,,,,
China,,,,
Canada,,,,
Korea,,,,
Japan,,,,
Austria,,,,
Belgium,,,,
Canada,,,,
Thailand,,,,
China,,,,
USA,,,,
France,Canada,Georgia,,
USA,,,,
Thailand,,,,
China,,,,
Romania,,,,
Czech Republic,Slovakia,,,
Belgium,Spain,,,
Korea,,,,
Panama,Spain,,,
Germany,,,,
Italy,,,,
Australia,Ireland,,,
Italy,,,,
Kuwait,Egypt,,,
Malaysia,,,,
India,,,,
Morocco,,,,
USA,China,,,
Thailand,,,,
China,,,,
China,,,,
Australia,,,,
China,,,,
France,,,,
China,,,,
Malaysia,,,,
Ireland,,,,
Mexico,,,,
China,,,,
Brazil,,,,
Jordan,,,,
Korea,,,,
USA,,,,
China,,,,
Turkey,,,,
Austria,,,,
France,,,,
Korea,,,,
China,,,,
France,Romania,Hungary,,
India,,,,
Egypt,,,,
China,,,,
Czech Republic,Korea,,,
China,,,,
Slovakia,,,,
USA,,,,
Czech Republic,Slovakia,,,
Australia,USA,,,
Germany,,,,
Turkey,,,,
Taiwan,,,,
China,,,,
USA,,,,
UK,,,,
France,,,,
Romania,,,,
The Netherlands,,,,
Korea,,,,
Austria,,,,
China,,,,
Iran,,,,
USA,,,,
The Netherlands,,,,
Saudi Arabia,,,,
Italy,,,,
China,,,,
Canada,,,,
Turkey,,,,
China,,,,
Canada,,,,
USA,,,,
Serbia,,,,
Czech Republic,,,,
China,,,,
Canada,,,,
France,China,,,
Croatia,,,,
China,,,,
Japan,USA,,,
Japan,,,,
USA,,,,
Germany,,,,
Turkey,,,,
Serbia,,,,
USA,,,,
Saudi Arabia,,,,
Estonia,,,,
Korea,,,,
China,,,,
The Netherlands,,,,
Romania,,,,
Jordan,,,,
Australia,,,,
Australia,,,,
Taiwan,,,,
Armenia,Sweden,,,
Ethiopia,,,,
India,,,,
Portugal,Germany,,,
Singapore,,,,
Korea,,,,
France,,,,
USA,,,,
South Africa,,,,
USA,,,,
Turkey,,,,
USA,,,,
Japan,,,,
USA,,,,
Japan,,,,
Korea,,,,
Mexico,,,,
China,,,,
Italy,,,,
Poland,,,,
China,,,,
Italy,,,,
China,,,,
Portugal,,,,
Canada,,,,
China,,,,
Japan,,,,
China,,,,
France,China,,,
Taiwan,,,,
Italy,,,,
Korea,,,,
Italy,,,,
France,UK,,,
Brazil,,,,
Italy,,,,
Poland,,,,
USA,,,,
Spain,,,,
China,,,,
USA,,,,
China,,,,
USA,,,,
China,,,,
Portugal,UK,,,
India,,,,
Armenia,Switzerland,Italy,,
Switzerland,,,,
Egypt,,,,
China,,,,
China,,,,
Serbia,,,,
Australia,,,,
Finland,,,,
Malaysia,,,,
Colombia,,,,
China,,,,
Japan,,,,
USA,Canada,,,
USA,,,,
Brazil,,,,
China,,,,
India,Germany,,,
Italy,,,,
China,,,,
Germany,,,,
Thailand,,,,
India,,,,
Romania,,,,
China,,,,
Japan,Singapore,Canada,,
Russia,China,,,
USA,,,,
Italy,,,,
China,,,,
USA,,,,
USA,,,,
France,Thailand,Japan,,
Japan,China,,,
The Netherlands,,,,
Germany,,,,
USA,Italy,,,
China,,,,
China,,,,
France,,,,
Chile,,,,
Japan,,,,
Spain,,,,
Belgium,Switzerland,,,
Korea,,,,
China,,,,
Turkey,,,,
China,,,,
Korea,,,,
India,Germany,,,
Czech Republic,,,,
Austria,,,,
Thailand,Philippines,,,
India,,,,
India,,,,
India,,,,
Lithuania,,,,
Spain,,,,
Japan,,,,
USA,,,,
Australia,,,,
China,,,,
Taiwan,,,,
Czech Republic,,,,
USA,,,,
UK,,,,
Australia,,,,
Australia,,,,
China,,,,
China,,,,
Serbia,,,,
USA,China,,,
Canada,,,,
UK,,,,
Italy,,,,
Australia,,,,
Italy,Germany,,,
Switzerland,,,,
Spain,,,,
Serbia,,,,
India,,,,
Serbia,,,,
Poland,,,,
China,,,,
Iran,,,,
China,,,,
Germany,,,,
The Netherlands,Romania,,,
USA,,,,
Canada,,,,
Japan,USA,,,
Hungary,,,,
Italy,,,,
South Africa,Argentina,Spain,Chile,
Japan,,,,
China,,,,
Italy,,,,
Turkey,,,,
Malaysia,,,,
Iran,,,,
India,USA,,,
USA,Taiwan,,,
Turkey,,,,
Japan,USA,Taiwan,Czech Republic,
India,Germany,,,
USA,,,,
Turkey,,,,
Malaysia,,,,
USA,,,,
Oman,,,,
China,,,,
China,,,,
Italy,,,,
Czech Republic,,,,
Canada,Germany,,,
South Africa,,,,
India,,,,
The Netherlands,,,,
Turkey,,,,
Turkey,,,,
UK,,,,
USA,,,,
India,,,,
Italy,,,,
Germany,,,,
Ireland,,,,
Australia,China,,,
Iran,,,,
Morocco,,,,
France,,,,
Japan,,,,
Italy,,,,
Portugal,,,,
Japan,,,,
UK,China,,,
Turkey,,,,
Switzerland,,,,
The Netherlands,China,,,
USA,,,,
Italy,,,,
China,,,,
China,,,,
Argentina,,,,
Taiwan,,,,
Turkey,,,,
Switzerland,,,,
India,,,,
Finland,,,,
Portugal,,,,
Serbia,Greece,,,
Serbia,France,UK,,
Iran,Sweden,,,
Japan,,,,
Canada,,,,
China,,,,
China,,,,
Turkey,,,,
China,,,,
Finland,,,,
Czech Republic,,,,
UK,Germany,,,
Germany,,,,
USA,,,,
Spain,,,,
Japan,,,,
USA,UK,Germany,,
USA,,,,
Belgium,,,,
Estonia,,,,
China,,,,
Switzerland,,,,
India,,,,
China,,,,
China,,,,
China,,,,
South Africa,,,,
USA,,,,
Greece,,,,
Hungary,,,,
Brazil,,,,
Latvia,Sweden,,,
USA,,,,
Austria,,,,
Finland,,,,
USA,,,,
South Africa,,,,
USA,,,,
Romania,,,,
USA,,,,
Japan,,,,
Greece,,,,
Greece,,,,
USA,Greece,,,
USA,Greece,,,
USA,Greece,,,
Canada,,,,
Austria,,,,
Macedonia,,,,
Macedonia,USA,,,
Japan,,,,
China,,,,
China,,,,
Canada,China,,,
USA,China,,,
USA,,,,
Japan,USA,,,
Brazil,,,,
USA,,,,
China,,,,
Turkey,,,,
Portugal,,,,
Lithuania,,,,
Germany,,,,
Thailand,,,,
Turkey,,,,
Germany,,,,
India,,,,
Italy,,,,
Spain,,,,
Australia,UK,,,
Italy,,,,
Lithuania,,,,
Pakistan,,,,
Australia,Botswana,,,
Korea,,,,
South Africa,,,,
USA,China,,,
Italy,,,,
China,,,,
India,,,,
China,,,,
Spain,,,,
France,Belgium,,,
Romania,,,,
Turkey,New Zealand,,,
Japan,,,,
India,,,,
Thailand,Austria,,,
Yemen,Germany,,,
Egypt,,,,
South Africa,,,,
China,,,,
Belgium,,,,
Switzerland,,,,
Korea,,,,
Pakistan,,,,
Poland,,,,
Italy,,,,
USA,,,,
China,,,,
The Netherlands,Switzerland,Germany,,
Romania,,,,
Austria,,,,
Taiwan,,,,
Canada,China,,,
Turkey,,,,
Turkey,,,,
Turkey,,,,
Iran,,,,
Turkey,,,,
Turkey,,,,
Poland,,,,
UK,,,,
Germany,,,,
The Netherlands,China,,,
Iran,Germany,,,
Palestine,,,,
France,,,,
Spain,,,,
UK,,,,
Turkey,,,,
Romania,,,,
Switzerland,,,,
USA,China,,,
Germany,,,,
China,,,,
Canada,,,,
China,,,,
India,,,,
Japan,USA,,,
Italy,,,,
Serbia,,,,
Brazil,,,,
Belgium,,,,
Germany,,,,
Sweden,,,,
Australia,China,,,
USA,,,,
Belgium,Austria,USA,Spain,Italy
Spain,,,,
China,,,,
Greece,,,,
USA,,,,
Malaysia,,,,
USA,,,,
China,,,,
France,,,,
France,Cuba,,,
Italy,,,,
USA,,,,
Poland,Czech Republic,,,
Czech Republic,,,,
Switzerland,,,,
Korea,,,,
Norway,,,,
Iran,,,,
Brazil,,,,
Japan,,,,
Germany,,,,
Norway,,,,
India,,,,
India,USA,,,
USA,,,,
USA,,,,
USA,,,,
USA,China,,,
Mexico,USA,,,
Zambia,USA,,,
USA,Switzerland,,,
Canada,,,,
Japan,,,,
Taiwan,,,,
China,,,,
Germany,,,,
USA,,,,
Romania,,,,
Romania,,,,
Poland,,,,
China,,,,
Spain,,,,
USA,China,,,
USA,,,,
USA,,,,
Japan,,,,
Romania,,,,
Italy,,,,
Turkey,,,,
USA,,,,
China,,,,
Italy,,,,
USA,,,,
USA,,,,
USA,Greece,,,
USA,,,,
Switzerland,,,,
USA,,,,
Taiwan,,,,
Switzerland,,,,
Turkey,Spain,,,
China,,,,
Romania,,,,
USA,,,,
China,,,,
Portugal,,,,
China,,,,
France,,,,
USA,,,,
France,Italy,,,
USA,,,,
USA,,,,
Greece,,,,
Belgium,,,,
Lithuania,,,,
USA,,,,
Spain,,,,
Spain,,,,
USA,,,,
Czech Republic,,,,
Brazil,,,,
Russia,,,,
China,,,,
USA,China,,,
China,,,,
Iran,,,,
Australia,,,,
The Netherlands,,,,
Brazil,,,,
Switzerland,,,,
Korea,,,,
Italy,,,,
China,,,,
Canada,,,,
USA,,,,
France,,,,
Switzerland,,,,
Spain,,,,
Malaysia,,,,
Brazil,,,,
UK,,,,
Greece,,,,
France,,,,
Italy,,,,
France,Italy,,,
Austria,,,,
Brazil,,,,
Saudi Arabia,,,,
India,,,,
Japan,,,,
France,,,,
Romania,,,,
France,,,,
South Africa,Belgium,,,
France,USA,,,
Switzerland,,,,
Turkey,,,,
China,,,,
USA,,,,
Greece,,,,
Japan,,,,
France,,,,
China,,,,
Malaysia,,,,
Spain,,,,
USA,,,,
Korea,,,,
China,,,,
USA,,,,
Germany,,,,
China,,,,
USA,,,,
Germany,,,,
Malaysia,,,,
China,,,,
Korea,,,,
USA,,,,
Italy,,,,
China,,,,
Hungary,,,,
Turkey,,,,
USA,,,,
Iran,,,,
Italy,,,,
Singapore,,,,
USA,,,,
Japan,,,,
Czech Republic,,,,
China,,,,
Greece,,,,
Turkey,,,,
USA,,,,
Portugal,USA,,,
USA,Canada,,,
China,,,,
Turkey,,,,
USA,Czech Republic,,,
France,Switzerland,,,
Spain,,,,
Brazil,,,,
UK,,,,
Taiwan,,,,
USA,China,,,
China,,,,
India,,,,
Spain,,,,
USA,,,,
Germany,,,,
Brazil,,,,
USA,,,,
USA,,,,
Spain,,,,
France,,,,
Australia,Brazil,USA,,
Turkey,,,,
Turkey,,,,
Switzerland,,,,
India,,,,
Egypt,,,,
Italy,,,,
Czech Republic,,,,
Palestine,,,,
France,,,,
Germany,,,,
Taiwan,,,,
USA,,,,
Mexico,,,,
Germany,,,,
USA,,,,
China,,,,
Turkey,,,,
India,,,,
China,,,,
Switzerland,,,,
Mexico,,,,
Turkey,,,,
China,,,,
China,,,,
Lithuania,,,,
China,,,,
China,,,,
China,,,,
South Africa,,,,
Brazil,,,,
Bulgaria,,,,
France,,,,
USA,Canada,,,
Thailand,,,,
Greece,,,,
India,,,,
UK,,,,
Japan,,,,
Chile,,,,
China,,,,
Korea,,,,
Turkey,,,,
China,,,,
USA,Korea,,,
USA,,,,
USA,,,,
China,,,,
China,,,,
Czech Republic,,,,
France,Ukraine,,,
USA,,,,
China,,,,
Canada,,,,
Brazil,,,,
Argentina,,,,
Turkey,,,,
Turkey,,,,
Korea,,,,
USA,,,,
China,,,,
Japan,USA,,,
France,Algeria,,,
Switzerland,,,,
Ireland,,,,
Croatia,,,,
USA,,,,
Taiwan,,,,
Turkey,,,,
Spain,,,,
USA,,,,
The Netherlands,,,,
Italy,,,,
Korea,,,,
Korea,,,,
Iran,,,,
France,Algeria,,,
Turkey,,,,
China,,,,
Turkey,,,,
Romania,,,,
USA,Canada,,,
Turkey,,,,
Saudi Arabia,,,,
Azerbaijan,Turkey,,,
Turkey,,,,
China,,,,
Turkey,Bosnia and Herzegovina,,,
Taiwan,,,,
Czech Republic,,,,
USA,,,,
France,,,,
USA,,,,
Austria,,,,
Slovenia,,,,
Austria,,,,
Mongolia,Austria,,,
Egypt,,,,
Austria,,,,
Austria,,,,
Austria,,,,
Japan,,,,
USA,Cameroon,,,
USA,,,,
USA,,,,
USA,,,,
USA,,,,
USA,,,,
USA,,,,
USA,,,,
USA,,,,
Canada,Korea,,,
,,,,
Austria,,,,
USA,,,,
,,,,
Belgium,,,,
,,,,
,,,,
,,,,
Japan,,,,
The Netherlands,,,,
Japan,,,,
USA,,,,
Japan,,,,
China,,,,
USA,,,,
Serbia,Bosnia and Herzegovina,,,
Taiwan,,,,
USA,,,,
Portugal,,,,
Italy,,,,
Poland,,,,
USA,,,,
Malaysia,,,,
China,,,,
Turkey,Germany,,,
China,,,,
Spain,,,,
Norway,,,,
Bulgaria,,,,
China,,,,
Argentina,Spain,Switzerland,,
Morocco,,,,
USA,,,,
USA,,,,
Japan,,,,
India,,,,
Italy,,,,
Serbia,,,,
Portugal,,,,
Italy,,,,
USA,,,,
Israel,,,,
Sweden,,,,
Brazil,UK,,,
Brazil,,,,
Turkey,,,,
USA,,,,
Japan,,,,
Serbia,,,,
China,,,,
China,,,,
China,,,,
Japan,Thailand,,,
Switzerland,,,,
The Netherlands,,,,
Serbia,,,,
China,,,,
China,,,,
Japan,,,,
USA,,,,
France,Spain,Germany,,
Italy,,,,
Taiwan,,,,
China,,,,
USA,,,,
China,,,,
Italy,,,,
USA,,,,
USA,,,,
Belgium,China,,,
China,,,,
Iran,,,,
Spain,,,,
Japan,,,,
USA,,,,
Denmark,,,,
Turkey,,,,
Thailand,,,,
UK,,,,
Canada,,,,
Korea,,,,
Switzerland,,,,
Burkina Faso,,,,
Romania,,,,
Korea,,,,
Romania,,,,
Serbia,,,,
Korea,,,,
Italy,,,,
China,,,,
China,,,,
Portugal,Ireland,,,
Finland,Czech Republic,Slovakia,,
China,,,,
Switzerland,,,,
Mexico,,,,
Thailand,,,,
Italy,,,,
Canada,,,,
Argentina,,,,
Germany,,,,
Korea,,,,
USA,,,,
Turkey,,,,
Iran,,,,
Turkey,,,,
USA,China,,,
,,,,
Korea,,,,
Italy,,,,
Turkey,,,,
USA,,,,
Turkey,,,,
Spain,Germany,,,
Spain,Austria,UK,Germany,
USA,,,,
Japan,,,,
Australia,China,,,
Japan,,,,
The Netherlands,,,,
Czech Republic,,,,
Japan,,,,
Belgium,,,,
Turkey,,,,
Romania,,,,
Poland,,,,
India,,,,
Japan,,,,
Pakistan,,,,
USA,,,,
USA,,,,
China,,,,
Korea,,,,
Poland,,,,
France,China,,,
Italy,,,,
Germany,,,,
Turkey,,,,
Canada,,,,
USA,Korea,,,
Australia,,,,
Korea,,,,
USA,,,,
Spain,,,,
USA,,,,
Mexico,,,,
Iran,,,,
Italy,,,,
Spain,,,,
Korea,,,,
UK,,,,
Brazil,Italy,,,
Korea,,,,
China,,,,
Iran,,,,
China,,,,
China,,,,
Taiwan,,,,
China,,,,
Taiwan,,,,
Turkey,,,,
China,,,,
USA,,,,
Czech Republic,,,,
Norway,,,,
Italy,,,,
China,,,,
China,,,,
USA,,,,
Egypt,,,,
France,Romania,,,
Palestine,,,,
China,,,,
USA,,,,
Turkey,,,,
Taiwan,,,,
Germany,,,,
USA,,,,
France,Switzerland,Italy,,
China,,,,
Turkey,,,,
Italy,,,,
Czech Republic,,,,
Czech Republic,,,,
Czech Republic,,,,
,,,,
Italy,,,,
Korea,,,,
Portugal,Norway,,,
China,,,,
,,,,
China,,,,
Spain,,,,
USA,,,,
Singapore,UK,,,
USA,,,,
Taiwan,,,,
Singapore,,,,
France,,,,
USA,Canada,,,
Korea,,,,
Korea,,,,
Czech Republic,,,,
Taiwan,,,,
Israel,,,,
Spain,Morocco,,,
Taiwan,,,,
Turkey,,,,
Poland,,,,
Spain,,,,
Brazil,Spain,,,
Spain,UK,,,
USA,,,,
Italy,,,,
Korea,,,,
Mexico,,,,
France,Slovenia,,,
Korea,,,,
Belgium,,,,
Spain,,,,
Germany,,,,
Germany,,,,
Poland,,,,
Switzerland,,,,
Turkey,,,,
China,,,,
USA,,,,
Taiwan,,,,
Germany,,,,
Turkey,,,,
Czech Republic,,,,
