0,1,2,3
USA,,,
Jordan,,,
Switzerland,,,
Croatia,,,
Austria,,,
Austria,,,
India,,,
Algeria,,,
India,,,
France,Belgium,Morocco,Cameroon
USA,,,
USA,,,
USA,,,
USA,,,
Mexico,USA,,
Colombia,,,
Germany,,,
China,,,
Spain,,,
China,,,
Italy,,,
China,,,
USA,,,
China,,,
Australia,,,
Australia,,,
Venezuela,,,
Morocco,Germany,,
Morocco,,,
Saudi Arabia,,,
USA,,,
China,,,
USA,,,
Pakistan,,,
Turkey,,,
Turkey,,,
Turkey,,,
Korea,,,
Austria,Germany,,
Brazil,,,
Brazil,,,
Thailand,,,
Turkey,,,
Turkey,,,
Argentina,,,
Iran,,,
Spain,,,
Denmark,,,
Ireland,,,
Korea,,,
Czech Republic,,,
Argentina,,,
Germany,Slovakia,,
Argentina,Italy,,
Portugal,,,
Russia,,,
Spain,,,
Ireland,,,
Slovakia,,,
Japan,,,
Japan,,,
Morocco,,,
Morocco,,,
Morocco,,,
Morocco,,,
Morocco,,,
Morocco,,,
Turkey,,,
Iran,,,
China,,,
USA,,,
France,,,
Poland,,,
Poland,,,
Switzerland,,,
USA,Switzerland,Germany,
Lithuania,,,
Poland,,,
Jordan,,,
USA,,,
USA,,,
Saudi Arabia,,,
Germany,,,
Germany,,,
Morocco,,,
Iran,,,
Iran,,,
Iran,,,
Iran,,,
Iran,,,
Poland,,,
Poland,,,
Poland,,,
Poland,,,
Austria,,,
Mongolia,Germany,,
Austria,Switzerland,,
Jordan,Germany,,
France,Poland,,
Austria,,,
Saudi Arabia,USA,,
Egypt,,,
Argentina,Spain,UK,
Russia,,,
Japan,,,
Russia,,,
Germany,,,
Japan,Indonesia,Tanzania,
Iran,,,
Iran,,,
Iran,,,
Iran,,,
Iran,,,
Iran,,,
Iran,,,
Russia,,,
Portugal,Spain,,
Turkey,,,
Egypt,,,
Turkey,,,
Turkey,,,
China,,,
France,,,
Germany,,,
India,,,
USA,Czech Republic,,
Turkey,,,
China,,,
Turkey,,,
USA,China,,
USA,,,
USA,,,
India,,,
Tanzania,,,
USA,,,
India,,,
USA,,,
USA,,,
USA,,,
USA,,,
USA,,,
USA,,,
Germany,Cameroon,,
USA,,,
USA,,,
India,,,
USA,,,
USA,,,
India,USA,,
USA,,,
Austria,Poland,,
India,,,
India,,,
Turkey,,,
South Africa,,,
Turkey,,,
Turkey,,,
Turkey,,,
Iran,,,
Morocco,,,
Poland,,,
Iran,,,
India,,,
Morocco,,,
Morocco,,,
United Arab Emirates,,,
Poland,,,
Poland,,,
Poland,,,
Saudi Arabia,,,
Germany,,,
Germany,,,
Germany,,,
Germany,,,
Germany,,,
France,,,
USA,,,
Japan,,,
UK,Slovakia,,
Japan,,,
USA,,,
Poland,,,
Saudi Arabia,,,
Saudi Arabia,,,
Morocco,,,
Morocco,,,
Spain,,,
Spain,,,
Spain,,,
Spain,,,
Switzerland,,,
USA,,,
India,,,
Japan,,,
Australia,,,
Japan,,,
China,,,
Korea,,,
China,,,
Greece,,,
Argentina,USA,,
South Africa,,,
France,,,
Argentina,,,
Austria,,,
Poland,,,
Japan,UK,,
China,,,
China,,,
China,,,
China,,,
China,,,
France,Tunisia,Italy,
USA,,,
USA,,,
USA,,,
USA,,,
USA,,,
USA,,,
USA,China,,
USA,,,
USA,,,
USA,,,
India,,,
USA,,,
USA,,,
USA,,,
USA,,,
USA,,,
USA,,,
USA,,,
Russia,,,
China,,,
China,,,
USA,,,
China,,,
USA,Russia,,
Japan,China,,
Japan,,,
Japan,,,
China,,,
Brazil,Czech Republic,,
Russia,,,
Turkey,,,
Saudi Arabia,,,
Saudi Arabia,,,
Saudi Arabia,,,
Turkey,,,
Turkey,,,
Turkey,,,
Turkey,,,
Turkey,,,
Turkey,,,
Turkey,,,
Turkey,,,
Germany,,,
Slovakia,,,
Turkey,,,
Japan,Bulgaria,,
Turkey,,,
Austria,,,
Bulgaria,Austria,Germany,
Slovakia,,,
Mexico,,,
Portugal,USA,,
Australia,,,
Japan,,,
Iran,,,
USA,,,
Russia,,,
China,,,
Czech Republic,Germany,,
Germany,,,
USA,,,
USA,,,
USA,,,
Palestine,,,
Turkey,,,
Argentina,,,
China,,,
China,,,
Lithuania,,,
Poland,,,
Poland,,,
Italy,,,
Turkey,,,
South Africa,Romania,,
France,,,
South Africa,Romania,,
Spain,,,
Turkey,,,
Germany,,,
Poland,,,
Brazil,,,
UK,,,
The Netherlands,,,
Argentina,,,
USA,Korea,,
Canada,,,
Finland,Poland,,
Poland,,,
Czech Republic,,,
Japan,,,
Poland,,,
UK,,,
Poland,,,
Japan,,,
France,,,
Croatia,,,
China,,,
Sweden,Slovakia,,
Japan,,,
China,,,
Greece,,,
France,,,
Poland,,,
Japan,,,
Greece,,,
Japan,,,
Spain,,,
Spain,Switzerland,,
Italy,,,
Argentina,,,
Switzerland,,,
China,,,
Belgium,,,
Italy,,,
